ISO-10303-21;
HEADER;
FILE_DESCRIPTION(('ViewDefinition[DesignTransferView]'),'2;1');
FILE_NAME('/dev/null','2026-10-09T14:56:06-05:00',(''),(''),'IfcOpenShell 0.8.5','IfcOpenShell 0.8.5','Nobody');
FILE_SCHEMA(('IFC4'));
ENDSEC;
DATA;
#1=IFCPROJECT('2fo_yjeTfEOw7CQJdogXco',$,'Torre Mirador (demo)',$,$,$,$,(#10),#5);
#2=IFCSIUNIT(*,.LENGTHUNIT.,.MILLI.,.METRE.);
#3=IFCSIUNIT(*,.AREAUNIT.,$,.SQUARE_METRE.);
#4=IFCSIUNIT(*,.VOLUMEUNIT.,$,.CUBIC_METRE.);
#5=IFCUNITASSIGNMENT((#2,#3,#4));
#6=IFCCARTESIANPOINT((0.,0.,0.));
#7=IFCDIRECTION((0.,0.,1.));
#8=IFCDIRECTION((1.,0.,0.));
#9=IFCAXIS2PLACEMENT3D(#6,#7,#8);
#10=IFCGEOMETRICREPRESENTATIONCONTEXT($,'Model',3,1.0000000000000001E-05,#9,$);
#11=IFCGEOMETRICREPRESENTATIONSUBCONTEXT('Body','Model',*,*,*,*,#10,$,.MODEL_VIEW.,$);
#12=IFCSITE('3l0rOn69z3zAg72YypNRKv',$,'Lote',$,$,$,$,$,$,$,$,$,$,$);
#13=IFCBUILDING('3NQicg$2T3jBI2ya0ktir8',$,'Torre Mirador',$,$,$,$,$,$,$,$,$);
#14=IFCRELAGGREGATES('23S74uwXbCXfqJ$JLEbJ3n',$,$,$,#1,(#12));
#15=IFCRELAGGREGATES('38vrCXgSP5KgWT9WBaejZj',$,$,$,#12,(#13));
#16=IFCSURFACESTYLE('Concreto',.BOTH.,(#17));
#17=IFCSURFACESTYLESHADING(#18,0.);
#18=IFCCOLOURRGB($,0.71999999999999997,0.71999999999999997,0.69999999999999996);
#19=IFCSURFACESTYLE('Concreto columna',.BOTH.,(#20));
#20=IFCSURFACESTYLESHADING(#21,0.);
#21=IFCCOLOURRGB($,0.55000000000000004,0.56000000000000005,0.57999999999999996);
#22=IFCSURFACESTYLE('Mamposter\X2\00ED\X0\a',.BOTH.,(#23));
#23=IFCSURFACESTYLESHADING(#24,0.);
#24=IFCCOLOURRGB($,0.78000000000000003,0.45000000000000001,0.32000000000000001);
#25=IFCSURFACESTYLE('Fachada',.BOTH.,(#26));
#26=IFCSURFACESTYLESHADING(#27,0.);
#27=IFCCOLOURRGB($,0.93000000000000005,0.91000000000000003,0.85999999999999999);
#28=IFCSURFACESTYLE('Vidrio',.BOTH.,(#29));
#29=IFCSURFACESTYLESHADING(#30,0.45000000000000001);
#30=IFCCOLOURRGB($,0.34999999999999998,0.62,0.84999999999999998);
#31=IFCSURFACESTYLE('N\X2\00FA\X0\cleo',.BOTH.,(#32));
#32=IFCSURFACESTYLESHADING(#33,0.);
#33=IFCCOLOURRGB($,0.62,0.63,0.66000000000000003);
#34=IFCBUILDINGSTOREY('1iiC29i7j7zPA9r0UMLoO$',$,'Piso 01',$,$,$,$,$,$,0.);
#35=IFCRELAGGREGATES('1MxwSjHdz8eQcSlM$LEbdZ',$,$,$,#13,(#865,#3355,#5845,#34,#4185,#6537,#5015,#1695,#7229,#2525,#7553,#7877));
#36=IFCCOLUMN('1iHoPUE7j3hvvfAvuqMKGJ',$,'Columna C1A',$,'Columna 50x50',#59,#47,'100001',$);
#37=IFCCARTESIANPOINTLIST2D(((0.,0.),(0.,500.),(500.,500.),(500.,0.),(0.,0.)));
#38=IFCINDEXEDPOLYCURVE(#37,$,.F.);
#39=IFCDIRECTION((0.,0.,1.));
#40=IFCARBITRARYCLOSEDPROFILEDEF(.AREA.,$,#38);
#41=IFCCARTESIANPOINT((0.,0.,0.));
#42=IFCDIRECTION((0.,0.,1.));
#43=IFCDIRECTION((1.,0.,0.));
#44=IFCAXIS2PLACEMENT3D(#41,#42,#43);
#45=IFCEXTRUDEDAREASOLID(#40,#44,#39,2750.);
#46=IFCSHAPEREPRESENTATION(#11,'Body','SweptSolid',(#45));
#47=IFCPRODUCTDEFINITIONSHAPE($,$,(#46));
#53=IFCSTYLEDITEM(#45,(#19),'Concreto columna');
#54=IFCRELCONTAINEDINSPATIALSTRUCTURE('0XJ$icE_572xrvWeBFjgO_',$,$,$,(#198,#451,#704,#244,#290,#497,#750,#83,#336,#543,#796,#129,#382,#842,#405,#635,#589,#175,#428,#681,#36,#221,#474,#60,#727,#267,#520,#773,#106,#313,#566,#612,#152,#819,#359,#658),#34);
#55=IFCCARTESIANPOINT((-250.,-250.,0.));
#56=IFCDIRECTION((0.,0.,1.));
#57=IFCDIRECTION((1.,0.,0.));
#58=IFCAXIS2PLACEMENT3D(#55,#56,#57);
#59=IFCLOCALPLACEMENT($,#58);
#60=IFCCOLUMN('19w6EjDIL1UQjfi6Alnyqn',$,'Columna C1B',$,'Columna 50x50',#82,#71,'100002',$);
#61=IFCCARTESIANPOINTLIST2D(((0.,0.),(0.,500.),(500.,500.),(500.,0.),(0.,0.)));
#62=IFCINDEXEDPOLYCURVE(#61,$,.F.);
#63=IFCDIRECTION((0.,0.,1.));
#64=IFCARBITRARYCLOSEDPROFILEDEF(.AREA.,$,#62);
#65=IFCCARTESIANPOINT((0.,0.,0.));
#66=IFCDIRECTION((0.,0.,1.));
#67=IFCDIRECTION((1.,0.,0.));
#68=IFCAXIS2PLACEMENT3D(#65,#66,#67);
#69=IFCEXTRUDEDAREASOLID(#64,#68,#63,2750.);
#70=IFCSHAPEREPRESENTATION(#11,'Body','SweptSolid',(#69));
#71=IFCPRODUCTDEFINITIONSHAPE($,$,(#70));
#77=IFCSTYLEDITEM(#69,(#19),'Concreto columna');
#78=IFCCARTESIANPOINT((-250.,7750.,0.));
#79=IFCDIRECTION((0.,0.,1.));
#80=IFCDIRECTION((1.,0.,0.));
#81=IFCAXIS2PLACEMENT3D(#78,#79,#80);
#82=IFCLOCALPLACEMENT($,#81);
#83=IFCCOLUMN('0nMlK7GLnFs8lr81abTj1_',$,'Columna C1C',$,'Columna 50x50',#105,#94,'100003',$);
#84=IFCCARTESIANPOINTLIST2D(((0.,0.),(0.,500.),(500.,500.),(500.,0.),(0.,0.)));
#85=IFCINDEXEDPOLYCURVE(#84,$,.F.);
#86=IFCDIRECTION((0.,0.,1.));
#87=IFCARBITRARYCLOSEDPROFILEDEF(.AREA.,$,#85);
#88=IFCCARTESIANPOINT((0.,0.,0.));
#89=IFCDIRECTION((0.,0.,1.));
#90=IFCDIRECTION((1.,0.,0.));
#91=IFCAXIS2PLACEMENT3D(#88,#89,#90);
#92=IFCEXTRUDEDAREASOLID(#87,#91,#86,2750.);
#93=IFCSHAPEREPRESENTATION(#11,'Body','SweptSolid',(#92));
#94=IFCPRODUCTDEFINITIONSHAPE($,$,(#93));
#100=IFCSTYLEDITEM(#92,(#19),'Concreto columna');
#101=IFCCARTESIANPOINT((-250.,15750.,0.));
#102=IFCDIRECTION((0.,0.,1.));
#103=IFCDIRECTION((1.,0.,0.));
#104=IFCAXIS2PLACEMENT3D(#101,#102,#103);
#105=IFCLOCALPLACEMENT($,#104);
#106=IFCCOLUMN('2uxk9PqC534Ri_dcGW03Iu',$,'Columna C2A',$,'Columna 50x50',#128,#117,'100004',$);
#107=IFCCARTESIANPOINTLIST2D(((0.,0.),(0.,500.),(500.,500.),(500.,0.),(0.,0.)));
#108=IFCINDEXEDPOLYCURVE(#107,$,.F.);
#109=IFCDIRECTION((0.,0.,1.));
#110=IFCARBITRARYCLOSEDPROFILEDEF(.AREA.,$,#108);
#111=IFCCARTESIANPOINT((0.,0.,0.));
#112=IFCDIRECTION((0.,0.,1.));
#113=IFCDIRECTION((1.,0.,0.));
#114=IFCAXIS2PLACEMENT3D(#111,#112,#113);
#115=IFCEXTRUDEDAREASOLID(#110,#114,#109,2750.);
#116=IFCSHAPEREPRESENTATION(#11,'Body','SweptSolid',(#115));
#117=IFCPRODUCTDEFINITIONSHAPE($,$,(#116));
#123=IFCSTYLEDITEM(#115,(#19),'Concreto columna');
#124=IFCCARTESIANPOINT((7750.,-250.,0.));
#125=IFCDIRECTION((0.,0.,1.));
#126=IFCDIRECTION((1.,0.,0.));
#127=IFCAXIS2PLACEMENT3D(#124,#125,#126);
#128=IFCLOCALPLACEMENT($,#127);
#129=IFCCOLUMN('1sI6TDvRPDrOx26TyABlcT',$,'Columna C2B',$,'Columna 50x50',#151,#140,'100005',$);
#130=IFCCARTESIANPOINTLIST2D(((0.,0.),(0.,500.),(500.,500.),(500.,0.),(0.,0.)));
#131=IFCINDEXEDPOLYCURVE(#130,$,.F.);
#132=IFCDIRECTION((0.,0.,1.));
#133=IFCARBITRARYCLOSEDPROFILEDEF(.AREA.,$,#131);
#134=IFCCARTESIANPOINT((0.,0.,0.));
#135=IFCDIRECTION((0.,0.,1.));
#136=IFCDIRECTION((1.,0.,0.));
#137=IFCAXIS2PLACEMENT3D(#134,#135,#136);
#138=IFCEXTRUDEDAREASOLID(#133,#137,#132,2750.);
#139=IFCSHAPEREPRESENTATION(#11,'Body','SweptSolid',(#138));
#140=IFCPRODUCTDEFINITIONSHAPE($,$,(#139));
#146=IFCSTYLEDITEM(#138,(#19),'Concreto columna');
#147=IFCCARTESIANPOINT((7750.,7750.,0.));
#148=IFCDIRECTION((0.,0.,1.));
#149=IFCDIRECTION((1.,0.,0.));
#150=IFCAXIS2PLACEMENT3D(#147,#148,#149);
#151=IFCLOCALPLACEMENT($,#150);
#152=IFCCOLUMN('12WF4kA8j4Lh$9c1bl4XBv',$,'Columna C2C',$,'Columna 50x50',#174,#163,'100006',$);
#153=IFCCARTESIANPOINTLIST2D(((0.,0.),(0.,500.),(500.,500.),(500.,0.),(0.,0.)));
#154=IFCINDEXEDPOLYCURVE(#153,$,.F.);
#155=IFCDIRECTION((0.,0.,1.));
#156=IFCARBITRARYCLOSEDPROFILEDEF(.AREA.,$,#154);
#157=IFCCARTESIANPOINT((0.,0.,0.));
#158=IFCDIRECTION((0.,0.,1.));
#159=IFCDIRECTION((1.,0.,0.));
#160=IFCAXIS2PLACEMENT3D(#157,#158,#159);
#161=IFCEXTRUDEDAREASOLID(#156,#160,#155,2750.);
#162=IFCSHAPEREPRESENTATION(#11,'Body','SweptSolid',(#161));
#163=IFCPRODUCTDEFINITIONSHAPE($,$,(#162));
#169=IFCSTYLEDITEM(#161,(#19),'Concreto columna');
#170=IFCCARTESIANPOINT((7750.,15750.,0.));
#171=IFCDIRECTION((0.,0.,1.));
#172=IFCDIRECTION((1.,0.,0.));
#173=IFCAXIS2PLACEMENT3D(#170,#171,#172);
#174=IFCLOCALPLACEMENT($,#173);
#175=IFCCOLUMN('1orMrMg850eOFqz7px3aRb',$,'Columna C3A',$,'Columna 50x50',#197,#186,'100007',$);
#176=IFCCARTESIANPOINTLIST2D(((0.,0.),(0.,500.),(500.,500.),(500.,0.),(0.,0.)));
#177=IFCINDEXEDPOLYCURVE(#176,$,.F.);
#178=IFCDIRECTION((0.,0.,1.));
#179=IFCARBITRARYCLOSEDPROFILEDEF(.AREA.,$,#177);
#180=IFCCARTESIANPOINT((0.,0.,0.));
#181=IFCDIRECTION((0.,0.,1.));
#182=IFCDIRECTION((1.,0.,0.));
#183=IFCAXIS2PLACEMENT3D(#180,#181,#182);
#184=IFCEXTRUDEDAREASOLID(#179,#183,#178,2750.);
#185=IFCSHAPEREPRESENTATION(#11,'Body','SweptSolid',(#184));
#186=IFCPRODUCTDEFINITIONSHAPE($,$,(#185));
#192=IFCSTYLEDITEM(#184,(#19),'Concreto columna');
#193=IFCCARTESIANPOINT((15750.,-250.,0.));
#194=IFCDIRECTION((0.,0.,1.));
#195=IFCDIRECTION((1.,0.,0.));
#196=IFCAXIS2PLACEMENT3D(#193,#194,#195);
#197=IFCLOCALPLACEMENT($,#196);
#198=IFCCOLUMN('1AuWmBurH5Yf7Y1K7IVWYL',$,'Columna C3B',$,'Columna 50x50',#220,#209,'100008',$);
#199=IFCCARTESIANPOINTLIST2D(((0.,0.),(0.,500.),(500.,500.),(500.,0.),(0.,0.)));
#200=IFCINDEXEDPOLYCURVE(#199,$,.F.);
#201=IFCDIRECTION((0.,0.,1.));
#202=IFCARBITRARYCLOSEDPROFILEDEF(.AREA.,$,#200);
#203=IFCCARTESIANPOINT((0.,0.,0.));
#204=IFCDIRECTION((0.,0.,1.));
#205=IFCDIRECTION((1.,0.,0.));
#206=IFCAXIS2PLACEMENT3D(#203,#204,#205);
#207=IFCEXTRUDEDAREASOLID(#202,#206,#201,2750.);
#208=IFCSHAPEREPRESENTATION(#11,'Body','SweptSolid',(#207));
#209=IFCPRODUCTDEFINITIONSHAPE($,$,(#208));
#215=IFCSTYLEDITEM(#207,(#19),'Concreto columna');
#216=IFCCARTESIANPOINT((15750.,7750.,0.));
#217=IFCDIRECTION((0.,0.,1.));
#218=IFCDIRECTION((1.,0.,0.));
#219=IFCAXIS2PLACEMENT3D(#216,#217,#218);
#220=IFCLOCALPLACEMENT($,#219);
#221=IFCCOLUMN('2sj_eAUcv8TeNbH7I8gkzn',$,'Columna C3C',$,'Columna 50x50',#243,#232,'100009',$);
#222=IFCCARTESIANPOINTLIST2D(((0.,0.),(0.,500.),(500.,500.),(500.,0.),(0.,0.)));
#223=IFCINDEXEDPOLYCURVE(#222,$,.F.);
#224=IFCDIRECTION((0.,0.,1.));
#225=IFCARBITRARYCLOSEDPROFILEDEF(.AREA.,$,#223);
#226=IFCCARTESIANPOINT((0.,0.,0.));
#227=IFCDIRECTION((0.,0.,1.));
#228=IFCDIRECTION((1.,0.,0.));
#229=IFCAXIS2PLACEMENT3D(#226,#227,#228);
#230=IFCEXTRUDEDAREASOLID(#225,#229,#224,2750.);
#231=IFCSHAPEREPRESENTATION(#11,'Body','SweptSolid',(#230));
#232=IFCPRODUCTDEFINITIONSHAPE($,$,(#231));
#238=IFCSTYLEDITEM(#230,(#19),'Concreto columna');
#239=IFCCARTESIANPOINT((15750.,15750.,0.));
#240=IFCDIRECTION((0.,0.,1.));
#241=IFCDIRECTION((1.,0.,0.));
#242=IFCAXIS2PLACEMENT3D(#239,#240,#241);
#243=IFCLOCALPLACEMENT($,#242);
#244=IFCCOLUMN('1VkDa5Snr5ywPS42Dwf8Nc',$,'Columna C4A',$,'Columna 50x50',#266,#255,'100010',$);
#245=IFCCARTESIANPOINTLIST2D(((0.,0.),(0.,500.),(500.,500.),(500.,0.),(0.,0.)));
#246=IFCINDEXEDPOLYCURVE(#245,$,.F.);
#247=IFCDIRECTION((0.,0.,1.));
#248=IFCARBITRARYCLOSEDPROFILEDEF(.AREA.,$,#246);
#249=IFCCARTESIANPOINT((0.,0.,0.));
#250=IFCDIRECTION((0.,0.,1.));
#251=IFCDIRECTION((1.,0.,0.));
#252=IFCAXIS2PLACEMENT3D(#249,#250,#251);
#253=IFCEXTRUDEDAREASOLID(#248,#252,#247,2750.);
#254=IFCSHAPEREPRESENTATION(#11,'Body','SweptSolid',(#253));
#255=IFCPRODUCTDEFINITIONSHAPE($,$,(#254));
#261=IFCSTYLEDITEM(#253,(#19),'Concreto columna');
#262=IFCCARTESIANPOINT((23750.,-250.,0.));
#263=IFCDIRECTION((0.,0.,1.));
#264=IFCDIRECTION((1.,0.,0.));
#265=IFCAXIS2PLACEMENT3D(#262,#263,#264);
#266=IFCLOCALPLACEMENT($,#265);
#267=IFCCOLUMN('1inj2SrtzCKR$9pTd08aQG',$,'Columna C4B',$,'Columna 50x50',#289,#278,'100011',$);
#268=IFCCARTESIANPOINTLIST2D(((0.,0.),(0.,500.),(500.,500.),(500.,0.),(0.,0.)));
#269=IFCINDEXEDPOLYCURVE(#268,$,.F.);
#270=IFCDIRECTION((0.,0.,1.));
#271=IFCARBITRARYCLOSEDPROFILEDEF(.AREA.,$,#269);
#272=IFCCARTESIANPOINT((0.,0.,0.));
#273=IFCDIRECTION((0.,0.,1.));
#274=IFCDIRECTION((1.,0.,0.));
#275=IFCAXIS2PLACEMENT3D(#272,#273,#274);
#276=IFCEXTRUDEDAREASOLID(#271,#275,#270,2750.);
#277=IFCSHAPEREPRESENTATION(#11,'Body','SweptSolid',(#276));
#278=IFCPRODUCTDEFINITIONSHAPE($,$,(#277));
#284=IFCSTYLEDITEM(#276,(#19),'Concreto columna');
#285=IFCCARTESIANPOINT((23750.,7750.,0.));
#286=IFCDIRECTION((0.,0.,1.));
#287=IFCDIRECTION((1.,0.,0.));
#288=IFCAXIS2PLACEMENT3D(#285,#286,#287);
#289=IFCLOCALPLACEMENT($,#288);
#290=IFCCOLUMN('2p9u9KAQPEeeoi9IseqzNj',$,'Columna C4C',$,'Columna 50x50',#312,#301,'100012',$);
#291=IFCCARTESIANPOINTLIST2D(((0.,0.),(0.,500.),(500.,500.),(500.,0.),(0.,0.)));
#292=IFCINDEXEDPOLYCURVE(#291,$,.F.);
#293=IFCDIRECTION((0.,0.,1.));
#294=IFCARBITRARYCLOSEDPROFILEDEF(.AREA.,$,#292);
#295=IFCCARTESIANPOINT((0.,0.,0.));
#296=IFCDIRECTION((0.,0.,1.));
#297=IFCDIRECTION((1.,0.,0.));
#298=IFCAXIS2PLACEMENT3D(#295,#296,#297);
#299=IFCEXTRUDEDAREASOLID(#294,#298,#293,2750.);
#300=IFCSHAPEREPRESENTATION(#11,'Body','SweptSolid',(#299));
#301=IFCPRODUCTDEFINITIONSHAPE($,$,(#300));
#307=IFCSTYLEDITEM(#299,(#19),'Concreto columna');
#308=IFCCARTESIANPOINT((23750.,15750.,0.));
#309=IFCDIRECTION((0.,0.,1.));
#310=IFCDIRECTION((1.,0.,0.));
#311=IFCAXIS2PLACEMENT3D(#308,#309,#310);
#312=IFCLOCALPLACEMENT($,#311);
#313=IFCSLAB('0uao3MmGz7pekZ5Wage0cn',$,'Placa piso 02',$,'Placa maciza e=25',#335,#324,'100013',$);
#314=IFCCARTESIANPOINTLIST2D(((0.,0.),(0.,16600.),(24600.,16600.),(24600.,0.),(0.,0.)));
#315=IFCINDEXEDPOLYCURVE(#314,$,.F.);
#316=IFCDIRECTION((0.,0.,1.));
#317=IFCARBITRARYCLOSEDPROFILEDEF(.AREA.,$,#315);
#318=IFCCARTESIANPOINT((0.,0.,0.));
#319=IFCDIRECTION((0.,0.,1.));
#320=IFCDIRECTION((1.,0.,0.));
#321=IFCAXIS2PLACEMENT3D(#318,#319,#320);
#322=IFCEXTRUDEDAREASOLID(#317,#321,#316,250.);
#323=IFCSHAPEREPRESENTATION(#11,'Body','SweptSolid',(#322));
#324=IFCPRODUCTDEFINITIONSHAPE($,$,(#323));
#330=IFCSTYLEDITEM(#322,(#16),'Concreto');
#331=IFCCARTESIANPOINT((-300.,-300.,2750.));
#332=IFCDIRECTION((0.,0.,1.));
#333=IFCDIRECTION((1.,0.,0.));
#334=IFCAXIS2PLACEMENT3D(#331,#332,#333);
#335=IFCLOCALPLACEMENT($,#334);
#336=IFCWALL('3IyZxsuNv0F9WWeVhpAnT4',$,'Muro n\X2\00FA\X0\cleo',$,'Muro concreto e=20',#358,#347,'100014',$);
#337=IFCCARTESIANPOINTLIST2D(((0.,0.),(0.,4000.),(4000.,4000.),(4000.,0.),(0.,0.)));
#338=IFCINDEXEDPOLYCURVE(#337,$,.F.);
#339=IFCDIRECTION((0.,0.,1.));
#340=IFCARBITRARYCLOSEDPROFILEDEF(.AREA.,$,#338);
#341=IFCCARTESIANPOINT((0.,0.,0.));
#342=IFCDIRECTION((0.,0.,1.));
#343=IFCDIRECTION((1.,0.,0.));
#344=IFCAXIS2PLACEMENT3D(#341,#342,#343);
#345=IFCEXTRUDEDAREASOLID(#340,#344,#339,2750.);
#346=IFCSHAPEREPRESENTATION(#11,'Body','SweptSolid',(#345));
#347=IFCPRODUCTDEFINITIONSHAPE($,$,(#346));
#353=IFCSTYLEDITEM(#345,(#31),'N\X2\00FA\X0\cleo');
#354=IFCCARTESIANPOINT((10000.,6000.,0.));
#355=IFCDIRECTION((0.,0.,1.));
#356=IFCDIRECTION((1.,0.,0.));
#357=IFCAXIS2PLACEMENT3D(#354,#355,#356);
#358=IFCLOCALPLACEMENT($,#357);
#359=IFCWALL('0w6lNp5dbDg87GnGXiR1XG',$,'Muro fachada sur',$,'Mamposter\X2\00ED\X0\a e=20',#381,#370,'100015',$);
#360=IFCCARTESIANPOINTLIST2D(((0.,0.),(0.,200.),(7500.,200.),(7500.,0.),(0.,0.)));
#361=IFCINDEXEDPOLYCURVE(#360,$,.F.);
#362=IFCDIRECTION((0.,0.,1.));
#363=IFCARBITRARYCLOSEDPROFILEDEF(.AREA.,$,#361);
#364=IFCCARTESIANPOINT((0.,0.,0.));
#365=IFCDIRECTION((0.,0.,1.));
#366=IFCDIRECTION((1.,0.,0.));
#367=IFCAXIS2PLACEMENT3D(#364,#365,#366);
#368=IFCEXTRUDEDAREASOLID(#363,#367,#362,900.);
#369=IFCSHAPEREPRESENTATION(#11,'Body','SweptSolid',(#368));
#370=IFCPRODUCTDEFINITIONSHAPE($,$,(#369));
#376=IFCSTYLEDITEM(#368,(#25),'Fachada');
#377=IFCCARTESIANPOINT((250.,-100.,0.));
#378=IFCDIRECTION((0.,0.,1.));
#379=IFCDIRECTION((1.,0.,0.));
#380=IFCAXIS2PLACEMENT3D(#377,#378,#379);
#381=IFCLOCALPLACEMENT($,#380);
#382=IFCWINDOW('0wIYKD_HXAceyW9YpKgdN$',$,'Ventana sur',$,'Ventana piso-techo',#404,#393,'100016',$,$,$,$,$);
#383=IFCCARTESIANPOINTLIST2D(((0.,0.),(0.,100.),(7099.9999999999991,100.),(7099.9999999999991,0.),(0.,0.)));
#384=IFCINDEXEDPOLYCURVE(#383,$,.F.);
#385=IFCDIRECTION((0.,0.,1.));
#386=IFCARBITRARYCLOSEDPROFILEDEF(.AREA.,$,#384);
#387=IFCCARTESIANPOINT((0.,0.,0.));
#388=IFCDIRECTION((0.,0.,1.));
#389=IFCDIRECTION((1.,0.,0.));
#390=IFCAXIS2PLACEMENT3D(#387,#388,#389);
#391=IFCEXTRUDEDAREASOLID(#386,#390,#385,1800.);
#392=IFCSHAPEREPRESENTATION(#11,'Body','SweptSolid',(#391));
#393=IFCPRODUCTDEFINITIONSHAPE($,$,(#392));
#399=IFCSTYLEDITEM(#391,(#28),'Vidrio');
#400=IFCCARTESIANPOINT((450.,-50.,900.));
#401=IFCDIRECTION((0.,0.,1.));
#402=IFCDIRECTION((1.,0.,0.));
#403=IFCAXIS2PLACEMENT3D(#400,#401,#402);
#404=IFCLOCALPLACEMENT($,#403);
#405=IFCWALL('3k8x0SXSHAiRjuQIeG03yy',$,'Dintel sur',$,$,#427,#416,'100017',$);
#406=IFCCARTESIANPOINTLIST2D(((0.,0.),(0.,200.),(7500.,200.),(7500.,0.),(0.,0.)));
#407=IFCINDEXEDPOLYCURVE(#406,$,.F.);
#408=IFCDIRECTION((0.,0.,1.));
#409=IFCARBITRARYCLOSEDPROFILEDEF(.AREA.,$,#407);
#410=IFCCARTESIANPOINT((0.,0.,0.));
#411=IFCDIRECTION((0.,0.,1.));
#412=IFCDIRECTION((1.,0.,0.));
#413=IFCAXIS2PLACEMENT3D(#410,#411,#412);
#414=IFCEXTRUDEDAREASOLID(#409,#413,#408,50.);
#415=IFCSHAPEREPRESENTATION(#11,'Body','SweptSolid',(#414));
#416=IFCPRODUCTDEFINITIONSHAPE($,$,(#415));
#422=IFCSTYLEDITEM(#414,(#25),'Fachada');
#423=IFCCARTESIANPOINT((250.,-100.,2700.));
#424=IFCDIRECTION((0.,0.,1.));
#425=IFCDIRECTION((1.,0.,0.));
#426=IFCAXIS2PLACEMENT3D(#423,#424,#425);
#427=IFCLOCALPLACEMENT($,#426);
#428=IFCWALL('0Q7Ngv3$11ufRx8oCgzlAe',$,'Muro fachada norte',$,'Mamposter\X2\00ED\X0\a e=20',#450,#439,'100018',$);
#429=IFCCARTESIANPOINTLIST2D(((0.,0.),(0.,200.),(7500.,200.),(7500.,0.),(0.,0.)));
#430=IFCINDEXEDPOLYCURVE(#429,$,.F.);
#431=IFCDIRECTION((0.,0.,1.));
#432=IFCARBITRARYCLOSEDPROFILEDEF(.AREA.,$,#430);
#433=IFCCARTESIANPOINT((0.,0.,0.));
#434=IFCDIRECTION((0.,0.,1.));
#435=IFCDIRECTION((1.,0.,0.));
#436=IFCAXIS2PLACEMENT3D(#433,#434,#435);
#437=IFCEXTRUDEDAREASOLID(#432,#436,#431,900.);
#438=IFCSHAPEREPRESENTATION(#11,'Body','SweptSolid',(#437));
#439=IFCPRODUCTDEFINITIONSHAPE($,$,(#438));
#445=IFCSTYLEDITEM(#437,(#25),'Fachada');
#446=IFCCARTESIANPOINT((250.,15900.,0.));
#447=IFCDIRECTION((0.,0.,1.));
#448=IFCDIRECTION((1.,0.,0.));
#449=IFCAXIS2PLACEMENT3D(#446,#447,#448);
#450=IFCLOCALPLACEMENT($,#449);
#451=IFCWINDOW('2XKGc$0Pf73A2BBA65qhwl',$,'Ventana norte',$,'Ventana piso-techo',#473,#462,'100019',$,$,$,$,$);
#452=IFCCARTESIANPOINTLIST2D(((0.,0.),(0.,100.),(7099.9999999999991,100.),(7099.9999999999991,0.),(0.,0.)));
#453=IFCINDEXEDPOLYCURVE(#452,$,.F.);
#454=IFCDIRECTION((0.,0.,1.));
#455=IFCARBITRARYCLOSEDPROFILEDEF(.AREA.,$,#453);
#456=IFCCARTESIANPOINT((0.,0.,0.));
#457=IFCDIRECTION((0.,0.,1.));
#458=IFCDIRECTION((1.,0.,0.));
#459=IFCAXIS2PLACEMENT3D(#456,#457,#458);
#460=IFCEXTRUDEDAREASOLID(#455,#459,#454,1800.);
#461=IFCSHAPEREPRESENTATION(#11,'Body','SweptSolid',(#460));
#462=IFCPRODUCTDEFINITIONSHAPE($,$,(#461));
#468=IFCSTYLEDITEM(#460,(#28),'Vidrio');
#469=IFCCARTESIANPOINT((450.,15950.,900.));
#470=IFCDIRECTION((0.,0.,1.));
#471=IFCDIRECTION((1.,0.,0.));
#472=IFCAXIS2PLACEMENT3D(#469,#470,#471);
#473=IFCLOCALPLACEMENT($,#472);
#474=IFCWALL('377SeqFHHDGQgId2BEI_Xb',$,'Dintel norte',$,$,#496,#485,'100020',$);
#475=IFCCARTESIANPOINTLIST2D(((0.,0.),(0.,200.),(7500.,200.),(7500.,0.),(0.,0.)));
#476=IFCINDEXEDPOLYCURVE(#475,$,.F.);
#477=IFCDIRECTION((0.,0.,1.));
#478=IFCARBITRARYCLOSEDPROFILEDEF(.AREA.,$,#476);
#479=IFCCARTESIANPOINT((0.,0.,0.));
#480=IFCDIRECTION((0.,0.,1.));
#481=IFCDIRECTION((1.,0.,0.));
#482=IFCAXIS2PLACEMENT3D(#479,#480,#481);
#483=IFCEXTRUDEDAREASOLID(#478,#482,#477,50.);
#484=IFCSHAPEREPRESENTATION(#11,'Body','SweptSolid',(#483));
#485=IFCPRODUCTDEFINITIONSHAPE($,$,(#484));
#491=IFCSTYLEDITEM(#483,(#25),'Fachada');
#492=IFCCARTESIANPOINT((250.,15900.,2700.));
#493=IFCDIRECTION((0.,0.,1.));
#494=IFCDIRECTION((1.,0.,0.));
#495=IFCAXIS2PLACEMENT3D(#492,#493,#494);
#496=IFCLOCALPLACEMENT($,#495);
#497=IFCWALL('2j_0_b9YvBEgmHCfjrMpdH',$,'Muro fachada sur',$,'Mamposter\X2\00ED\X0\a e=20',#519,#508,'100021',$);
#498=IFCCARTESIANPOINTLIST2D(((0.,0.),(0.,200.),(7500.,200.),(7500.,0.),(0.,0.)));
#499=IFCINDEXEDPOLYCURVE(#498,$,.F.);
#500=IFCDIRECTION((0.,0.,1.));
#501=IFCARBITRARYCLOSEDPROFILEDEF(.AREA.,$,#499);
#502=IFCCARTESIANPOINT((0.,0.,0.));
#503=IFCDIRECTION((0.,0.,1.));
#504=IFCDIRECTION((1.,0.,0.));
#505=IFCAXIS2PLACEMENT3D(#502,#503,#504);
#506=IFCEXTRUDEDAREASOLID(#501,#505,#500,900.);
#507=IFCSHAPEREPRESENTATION(#11,'Body','SweptSolid',(#506));
#508=IFCPRODUCTDEFINITIONSHAPE($,$,(#507));
#514=IFCSTYLEDITEM(#506,(#25),'Fachada');
#515=IFCCARTESIANPOINT((8250.,-100.,0.));
#516=IFCDIRECTION((0.,0.,1.));
#517=IFCDIRECTION((1.,0.,0.));
#518=IFCAXIS2PLACEMENT3D(#515,#516,#517);
#519=IFCLOCALPLACEMENT($,#518);
#520=IFCWINDOW('1BdnhtFVH4bA9aukSlmv8W',$,'Ventana sur',$,'Ventana piso-techo',#542,#531,'100022',$,$,$,$,$);
#521=IFCCARTESIANPOINTLIST2D(((0.,0.),(0.,100.),(7099.9999999999991,100.),(7099.9999999999991,0.),(0.,0.)));
#522=IFCINDEXEDPOLYCURVE(#521,$,.F.);
#523=IFCDIRECTION((0.,0.,1.));
#524=IFCARBITRARYCLOSEDPROFILEDEF(.AREA.,$,#522);
#525=IFCCARTESIANPOINT((0.,0.,0.));
#526=IFCDIRECTION((0.,0.,1.));
#527=IFCDIRECTION((1.,0.,0.));
#528=IFCAXIS2PLACEMENT3D(#525,#526,#527);
#529=IFCEXTRUDEDAREASOLID(#524,#528,#523,1800.);
#530=IFCSHAPEREPRESENTATION(#11,'Body','SweptSolid',(#529));
#531=IFCPRODUCTDEFINITIONSHAPE($,$,(#530));
#537=IFCSTYLEDITEM(#529,(#28),'Vidrio');
#538=IFCCARTESIANPOINT((8450.,-50.,900.));
#539=IFCDIRECTION((0.,0.,1.));
#540=IFCDIRECTION((1.,0.,0.));
#541=IFCAXIS2PLACEMENT3D(#538,#539,#540);
#542=IFCLOCALPLACEMENT($,#541);
#543=IFCWALL('2e6m4p57n8Qv5kABiIU9dH',$,'Dintel sur',$,$,#565,#554,'100023',$);
#544=IFCCARTESIANPOINTLIST2D(((0.,0.),(0.,200.),(7500.,200.),(7500.,0.),(0.,0.)));
#545=IFCINDEXEDPOLYCURVE(#544,$,.F.);
#546=IFCDIRECTION((0.,0.,1.));
#547=IFCARBITRARYCLOSEDPROFILEDEF(.AREA.,$,#545);
#548=IFCCARTESIANPOINT((0.,0.,0.));
#549=IFCDIRECTION((0.,0.,1.));
#550=IFCDIRECTION((1.,0.,0.));
#551=IFCAXIS2PLACEMENT3D(#548,#549,#550);
#552=IFCEXTRUDEDAREASOLID(#547,#551,#546,50.);
#553=IFCSHAPEREPRESENTATION(#11,'Body','SweptSolid',(#552));
#554=IFCPRODUCTDEFINITIONSHAPE($,$,(#553));
#560=IFCSTYLEDITEM(#552,(#25),'Fachada');
#561=IFCCARTESIANPOINT((8250.,-100.,2700.));
#562=IFCDIRECTION((0.,0.,1.));
#563=IFCDIRECTION((1.,0.,0.));
#564=IFCAXIS2PLACEMENT3D(#561,#562,#563);
#565=IFCLOCALPLACEMENT($,#564);
#566=IFCWALL('2UsR8Pex5BFvqyjYkjkG3P',$,'Muro fachada norte',$,'Mamposter\X2\00ED\X0\a e=20',#588,#577,'100024',$);
#567=IFCCARTESIANPOINTLIST2D(((0.,0.),(0.,200.),(7500.,200.),(7500.,0.),(0.,0.)));
#568=IFCINDEXEDPOLYCURVE(#567,$,.F.);
#569=IFCDIRECTION((0.,0.,1.));
#570=IFCARBITRARYCLOSEDPROFILEDEF(.AREA.,$,#568);
#571=IFCCARTESIANPOINT((0.,0.,0.));
#572=IFCDIRECTION((0.,0.,1.));
#573=IFCDIRECTION((1.,0.,0.));
#574=IFCAXIS2PLACEMENT3D(#571,#572,#573);
#575=IFCEXTRUDEDAREASOLID(#570,#574,#569,900.);
#576=IFCSHAPEREPRESENTATION(#11,'Body','SweptSolid',(#575));
#577=IFCPRODUCTDEFINITIONSHAPE($,$,(#576));
#583=IFCSTYLEDITEM(#575,(#25),'Fachada');
#584=IFCCARTESIANPOINT((8250.,15900.,0.));
#585=IFCDIRECTION((0.,0.,1.));
#586=IFCDIRECTION((1.,0.,0.));
#587=IFCAXIS2PLACEMENT3D(#584,#585,#586);
#588=IFCLOCALPLACEMENT($,#587);
#589=IFCWINDOW('0pg1gJnpX9Kxr7OUrKocvM',$,'Ventana norte',$,'Ventana piso-techo',#611,#600,'100025',$,$,$,$,$);
#590=IFCCARTESIANPOINTLIST2D(((0.,0.),(0.,100.),(7099.9999999999991,100.),(7099.9999999999991,0.),(0.,0.)));
#591=IFCINDEXEDPOLYCURVE(#590,$,.F.);
#592=IFCDIRECTION((0.,0.,1.));
#593=IFCARBITRARYCLOSEDPROFILEDEF(.AREA.,$,#591);
#594=IFCCARTESIANPOINT((0.,0.,0.));
#595=IFCDIRECTION((0.,0.,1.));
#596=IFCDIRECTION((1.,0.,0.));
#597=IFCAXIS2PLACEMENT3D(#594,#595,#596);
#598=IFCEXTRUDEDAREASOLID(#593,#597,#592,1800.);
#599=IFCSHAPEREPRESENTATION(#11,'Body','SweptSolid',(#598));
#600=IFCPRODUCTDEFINITIONSHAPE($,$,(#599));
#606=IFCSTYLEDITEM(#598,(#28),'Vidrio');
#607=IFCCARTESIANPOINT((8450.,15950.,900.));
#608=IFCDIRECTION((0.,0.,1.));
#609=IFCDIRECTION((1.,0.,0.));
#610=IFCAXIS2PLACEMENT3D(#607,#608,#609);
#611=IFCLOCALPLACEMENT($,#610);
#612=IFCWALL('2lrtXHhFjAYeW8US6Rcsev',$,'Dintel norte',$,$,#634,#623,'100026',$);
#613=IFCCARTESIANPOINTLIST2D(((0.,0.),(0.,200.),(7500.,200.),(7500.,0.),(0.,0.)));
#614=IFCINDEXEDPOLYCURVE(#613,$,.F.);
#615=IFCDIRECTION((0.,0.,1.));
#616=IFCARBITRARYCLOSEDPROFILEDEF(.AREA.,$,#614);
#617=IFCCARTESIANPOINT((0.,0.,0.));
#618=IFCDIRECTION((0.,0.,1.));
#619=IFCDIRECTION((1.,0.,0.));
#620=IFCAXIS2PLACEMENT3D(#617,#618,#619);
#621=IFCEXTRUDEDAREASOLID(#616,#620,#615,50.);
#622=IFCSHAPEREPRESENTATION(#11,'Body','SweptSolid',(#621));
#623=IFCPRODUCTDEFINITIONSHAPE($,$,(#622));
#629=IFCSTYLEDITEM(#621,(#25),'Fachada');
#630=IFCCARTESIANPOINT((8250.,15900.,2700.));
#631=IFCDIRECTION((0.,0.,1.));
#632=IFCDIRECTION((1.,0.,0.));
#633=IFCAXIS2PLACEMENT3D(#630,#631,#632);
#634=IFCLOCALPLACEMENT($,#633);
#635=IFCWALL('0ShxyEnCjB$vbbwkvH5DFf',$,'Muro fachada sur',$,'Mamposter\X2\00ED\X0\a e=20',#657,#646,'100027',$);
#636=IFCCARTESIANPOINTLIST2D(((0.,0.),(0.,200.),(7500.,200.),(7500.,0.),(0.,0.)));
#637=IFCINDEXEDPOLYCURVE(#636,$,.F.);
#638=IFCDIRECTION((0.,0.,1.));
#639=IFCARBITRARYCLOSEDPROFILEDEF(.AREA.,$,#637);
#640=IFCCARTESIANPOINT((0.,0.,0.));
#641=IFCDIRECTION((0.,0.,1.));
#642=IFCDIRECTION((1.,0.,0.));
#643=IFCAXIS2PLACEMENT3D(#640,#641,#642);
#644=IFCEXTRUDEDAREASOLID(#639,#643,#638,900.);
#645=IFCSHAPEREPRESENTATION(#11,'Body','SweptSolid',(#644));
#646=IFCPRODUCTDEFINITIONSHAPE($,$,(#645));
#652=IFCSTYLEDITEM(#644,(#25),'Fachada');
#653=IFCCARTESIANPOINT((16250.,-100.,0.));
#654=IFCDIRECTION((0.,0.,1.));
#655=IFCDIRECTION((1.,0.,0.));
#656=IFCAXIS2PLACEMENT3D(#653,#654,#655);
#657=IFCLOCALPLACEMENT($,#656);
#658=IFCWINDOW('2fLeGDB_L358skGSYyjbN7',$,'Ventana sur',$,'Ventana piso-techo',#680,#669,'100028',$,$,$,$,$);
#659=IFCCARTESIANPOINTLIST2D(((0.,0.),(0.,100.),(7099.9999999999991,100.),(7099.9999999999991,0.),(0.,0.)));
#660=IFCINDEXEDPOLYCURVE(#659,$,.F.);
#661=IFCDIRECTION((0.,0.,1.));
#662=IFCARBITRARYCLOSEDPROFILEDEF(.AREA.,$,#660);
#663=IFCCARTESIANPOINT((0.,0.,0.));
#664=IFCDIRECTION((0.,0.,1.));
#665=IFCDIRECTION((1.,0.,0.));
#666=IFCAXIS2PLACEMENT3D(#663,#664,#665);
#667=IFCEXTRUDEDAREASOLID(#662,#666,#661,1800.);
#668=IFCSHAPEREPRESENTATION(#11,'Body','SweptSolid',(#667));
#669=IFCPRODUCTDEFINITIONSHAPE($,$,(#668));
#675=IFCSTYLEDITEM(#667,(#28),'Vidrio');
#676=IFCCARTESIANPOINT((16450.,-50.,900.));
#677=IFCDIRECTION((0.,0.,1.));
#678=IFCDIRECTION((1.,0.,0.));
#679=IFCAXIS2PLACEMENT3D(#676,#677,#678);
#680=IFCLOCALPLACEMENT($,#679);
#681=IFCWALL('0xGpSOfZH2AP$GofA9OhEk',$,'Dintel sur',$,$,#703,#692,'100029',$);
#682=IFCCARTESIANPOINTLIST2D(((0.,0.),(0.,200.),(7500.,200.),(7500.,0.),(0.,0.)));
#683=IFCINDEXEDPOLYCURVE(#682,$,.F.);
#684=IFCDIRECTION((0.,0.,1.));
#685=IFCARBITRARYCLOSEDPROFILEDEF(.AREA.,$,#683);
#686=IFCCARTESIANPOINT((0.,0.,0.));
#687=IFCDIRECTION((0.,0.,1.));
#688=IFCDIRECTION((1.,0.,0.));
#689=IFCAXIS2PLACEMENT3D(#686,#687,#688);
#690=IFCEXTRUDEDAREASOLID(#685,#689,#684,50.);
#691=IFCSHAPEREPRESENTATION(#11,'Body','SweptSolid',(#690));
#692=IFCPRODUCTDEFINITIONSHAPE($,$,(#691));
#698=IFCSTYLEDITEM(#690,(#25),'Fachada');
#699=IFCCARTESIANPOINT((16250.,-100.,2700.));
#700=IFCDIRECTION((0.,0.,1.));
#701=IFCDIRECTION((1.,0.,0.));
#702=IFCAXIS2PLACEMENT3D(#699,#700,#701);
#703=IFCLOCALPLACEMENT($,#702);
#704=IFCWALL('2J3v7S3xb2nAWn8dDCCui5',$,'Muro fachada norte',$,'Mamposter\X2\00ED\X0\a e=20',#726,#715,'100030',$);
#705=IFCCARTESIANPOINTLIST2D(((0.,0.),(0.,200.),(7500.,200.),(7500.,0.),(0.,0.)));
#706=IFCINDEXEDPOLYCURVE(#705,$,.F.);
#707=IFCDIRECTION((0.,0.,1.));
#708=IFCARBITRARYCLOSEDPROFILEDEF(.AREA.,$,#706);
#709=IFCCARTESIANPOINT((0.,0.,0.));
#710=IFCDIRECTION((0.,0.,1.));
#711=IFCDIRECTION((1.,0.,0.));
#712=IFCAXIS2PLACEMENT3D(#709,#710,#711);
#713=IFCEXTRUDEDAREASOLID(#708,#712,#707,900.);
#714=IFCSHAPEREPRESENTATION(#11,'Body','SweptSolid',(#713));
#715=IFCPRODUCTDEFINITIONSHAPE($,$,(#714));
#721=IFCSTYLEDITEM(#713,(#25),'Fachada');
#722=IFCCARTESIANPOINT((16250.,15900.,0.));
#723=IFCDIRECTION((0.,0.,1.));
#724=IFCDIRECTION((1.,0.,0.));
#725=IFCAXIS2PLACEMENT3D(#722,#723,#724);
#726=IFCLOCALPLACEMENT($,#725);
#727=IFCWINDOW('2yY5AoeKL20vIrXgM35QXv',$,'Ventana norte',$,'Ventana piso-techo',#749,#738,'100031',$,$,$,$,$);
#728=IFCCARTESIANPOINTLIST2D(((0.,0.),(0.,100.),(7099.9999999999991,100.),(7099.9999999999991,0.),(0.,0.)));
#729=IFCINDEXEDPOLYCURVE(#728,$,.F.);
#730=IFCDIRECTION((0.,0.,1.));
#731=IFCARBITRARYCLOSEDPROFILEDEF(.AREA.,$,#729);
#732=IFCCARTESIANPOINT((0.,0.,0.));
#733=IFCDIRECTION((0.,0.,1.));
#734=IFCDIRECTION((1.,0.,0.));
#735=IFCAXIS2PLACEMENT3D(#732,#733,#734);
#736=IFCEXTRUDEDAREASOLID(#731,#735,#730,1800.);
#737=IFCSHAPEREPRESENTATION(#11,'Body','SweptSolid',(#736));
#738=IFCPRODUCTDEFINITIONSHAPE($,$,(#737));
#744=IFCSTYLEDITEM(#736,(#28),'Vidrio');
#745=IFCCARTESIANPOINT((16450.,15950.,900.));
#746=IFCDIRECTION((0.,0.,1.));
#747=IFCDIRECTION((1.,0.,0.));
#748=IFCAXIS2PLACEMENT3D(#745,#746,#747);
#749=IFCLOCALPLACEMENT($,#748);
#750=IFCWALL('0sfN1MEbz2JwfiW8oQJNZU',$,'Dintel norte',$,$,#772,#761,'100032',$);
#751=IFCCARTESIANPOINTLIST2D(((0.,0.),(0.,200.),(7500.,200.),(7500.,0.),(0.,0.)));
#752=IFCINDEXEDPOLYCURVE(#751,$,.F.);
#753=IFCDIRECTION((0.,0.,1.));
#754=IFCARBITRARYCLOSEDPROFILEDEF(.AREA.,$,#752);
#755=IFCCARTESIANPOINT((0.,0.,0.));
#756=IFCDIRECTION((0.,0.,1.));
#757=IFCDIRECTION((1.,0.,0.));
#758=IFCAXIS2PLACEMENT3D(#755,#756,#757);
#759=IFCEXTRUDEDAREASOLID(#754,#758,#753,50.);
#760=IFCSHAPEREPRESENTATION(#11,'Body','SweptSolid',(#759));
#761=IFCPRODUCTDEFINITIONSHAPE($,$,(#760));
#767=IFCSTYLEDITEM(#759,(#25),'Fachada');
#768=IFCCARTESIANPOINT((16250.,15900.,2700.));
#769=IFCDIRECTION((0.,0.,1.));
#770=IFCDIRECTION((1.,0.,0.));
#771=IFCAXIS2PLACEMENT3D(#768,#769,#770);
#772=IFCLOCALPLACEMENT($,#771);
#773=IFCWALL('3qBeCbvVL04fWmoD4981i6',$,'Muro fachada occidente',$,'Mamposter\X2\00ED\X0\a e=20',#795,#784,'100033',$);
#774=IFCCARTESIANPOINTLIST2D(((0.,0.),(0.,7500.),(200.,7500.),(200.,0.),(0.,0.)));
#775=IFCINDEXEDPOLYCURVE(#774,$,.F.);
#776=IFCDIRECTION((0.,0.,1.));
#777=IFCARBITRARYCLOSEDPROFILEDEF(.AREA.,$,#775);
#778=IFCCARTESIANPOINT((0.,0.,0.));
#779=IFCDIRECTION((0.,0.,1.));
#780=IFCDIRECTION((1.,0.,0.));
#781=IFCAXIS2PLACEMENT3D(#778,#779,#780);
#782=IFCEXTRUDEDAREASOLID(#777,#781,#776,2750.);
#783=IFCSHAPEREPRESENTATION(#11,'Body','SweptSolid',(#782));
#784=IFCPRODUCTDEFINITIONSHAPE($,$,(#783));
#790=IFCSTYLEDITEM(#782,(#25),'Fachada');
#791=IFCCARTESIANPOINT((-100.,250.,0.));
#792=IFCDIRECTION((0.,0.,1.));
#793=IFCDIRECTION((1.,0.,0.));
#794=IFCAXIS2PLACEMENT3D(#791,#792,#793);
#795=IFCLOCALPLACEMENT($,#794);
#796=IFCWALL('2heij7Xw13rf3a3SgdtPq_',$,'Muro fachada oriente',$,'Mamposter\X2\00ED\X0\a e=20',#818,#807,'100034',$);
#797=IFCCARTESIANPOINTLIST2D(((0.,0.),(0.,7500.),(200.,7500.),(200.,0.),(0.,0.)));
#798=IFCINDEXEDPOLYCURVE(#797,$,.F.);
#799=IFCDIRECTION((0.,0.,1.));
#800=IFCARBITRARYCLOSEDPROFILEDEF(.AREA.,$,#798);
#801=IFCCARTESIANPOINT((0.,0.,0.));
#802=IFCDIRECTION((0.,0.,1.));
#803=IFCDIRECTION((1.,0.,0.));
#804=IFCAXIS2PLACEMENT3D(#801,#802,#803);
#805=IFCEXTRUDEDAREASOLID(#800,#804,#799,2750.);
#806=IFCSHAPEREPRESENTATION(#11,'Body','SweptSolid',(#805));
#807=IFCPRODUCTDEFINITIONSHAPE($,$,(#806));
#813=IFCSTYLEDITEM(#805,(#25),'Fachada');
#814=IFCCARTESIANPOINT((23899.999999999996,250.,0.));
#815=IFCDIRECTION((0.,0.,1.));
#816=IFCDIRECTION((1.,0.,0.));
#817=IFCAXIS2PLACEMENT3D(#814,#815,#816);
#818=IFCLOCALPLACEMENT($,#817);
#819=IFCWALL('2CUFFmuyT2Vx25nFxGzfv_',$,'Muro fachada occidente',$,'Mamposter\X2\00ED\X0\a e=20',#841,#830,'100035',$);
#820=IFCCARTESIANPOINTLIST2D(((0.,0.),(0.,7500.),(200.,7500.),(200.,0.),(0.,0.)));
#821=IFCINDEXEDPOLYCURVE(#820,$,.F.);
#822=IFCDIRECTION((0.,0.,1.));
#823=IFCARBITRARYCLOSEDPROFILEDEF(.AREA.,$,#821);
#824=IFCCARTESIANPOINT((0.,0.,0.));
#825=IFCDIRECTION((0.,0.,1.));
#826=IFCDIRECTION((1.,0.,0.));
#827=IFCAXIS2PLACEMENT3D(#824,#825,#826);
#828=IFCEXTRUDEDAREASOLID(#823,#827,#822,2750.);
#829=IFCSHAPEREPRESENTATION(#11,'Body','SweptSolid',(#828));
#830=IFCPRODUCTDEFINITIONSHAPE($,$,(#829));
#836=IFCSTYLEDITEM(#828,(#25),'Fachada');
#837=IFCCARTESIANPOINT((-100.,8250.,0.));
#838=IFCDIRECTION((0.,0.,1.));
#839=IFCDIRECTION((1.,0.,0.));
#840=IFCAXIS2PLACEMENT3D(#837,#838,#839);
#841=IFCLOCALPLACEMENT($,#840);
#842=IFCWALL('30Vbmmf1n1ce1bp_F3xOca',$,'Muro fachada oriente',$,'Mamposter\X2\00ED\X0\a e=20',#864,#853,'100036',$);
#843=IFCCARTESIANPOINTLIST2D(((0.,0.),(0.,7500.),(200.,7500.),(200.,0.),(0.,0.)));
#844=IFCINDEXEDPOLYCURVE(#843,$,.F.);
#845=IFCDIRECTION((0.,0.,1.));
#846=IFCARBITRARYCLOSEDPROFILEDEF(.AREA.,$,#844);
#847=IFCCARTESIANPOINT((0.,0.,0.));
#848=IFCDIRECTION((0.,0.,1.));
#849=IFCDIRECTION((1.,0.,0.));
#850=IFCAXIS2PLACEMENT3D(#847,#848,#849);
#851=IFCEXTRUDEDAREASOLID(#846,#850,#845,2750.);
#852=IFCSHAPEREPRESENTATION(#11,'Body','SweptSolid',(#851));
#853=IFCPRODUCTDEFINITIONSHAPE($,$,(#852));
#859=IFCSTYLEDITEM(#851,(#25),'Fachada');
#860=IFCCARTESIANPOINT((23899.999999999996,8250.,0.));
#861=IFCDIRECTION((0.,0.,1.));
#862=IFCDIRECTION((1.,0.,0.));
#863=IFCAXIS2PLACEMENT3D(#860,#861,#862);
#864=IFCLOCALPLACEMENT($,#863);
#865=IFCBUILDINGSTOREY('2IXlo$BXP2VhzuSe1MZJTP',$,'Piso 02',$,$,$,$,$,$,3.);
#866=IFCCOLUMN('1zm$GmIFr3IOS7JfP9i2s6',$,'Columna C1A',$,'Columna 50x50',#889,#877,'100037',$);
#867=IFCCARTESIANPOINTLIST2D(((0.,0.),(0.,500.),(500.,500.),(500.,0.),(0.,0.)));
#868=IFCINDEXEDPOLYCURVE(#867,$,.F.);
#869=IFCDIRECTION((0.,0.,1.));
#870=IFCARBITRARYCLOSEDPROFILEDEF(.AREA.,$,#868);
#871=IFCCARTESIANPOINT((0.,0.,0.));
#872=IFCDIRECTION((0.,0.,1.));
#873=IFCDIRECTION((1.,0.,0.));
#874=IFCAXIS2PLACEMENT3D(#871,#872,#873);
#875=IFCEXTRUDEDAREASOLID(#870,#874,#869,2750.);
#876=IFCSHAPEREPRESENTATION(#11,'Body','SweptSolid',(#875));
#877=IFCPRODUCTDEFINITIONSHAPE($,$,(#876));
#883=IFCSTYLEDITEM(#875,(#19),'Concreto columna');
#884=IFCRELCONTAINEDINSPATIALSTRUCTURE('1jCbqbqr16uQLv0a2m7VFr',$,$,$,(#1327,#1580,#913,#1120,#1166,#1626,#1373,#959,#1212,#1419,#1465,#1672,#1005,#1258,#1511,#1051,#1304,#1557,#866,#1097,#1350,#1396,#1603,#890,#1189,#936,#1143,#1442,#1649,#1235,#1488,#1028,#1074,#982,#1281,#1534),#865);
#885=IFCCARTESIANPOINT((-250.,-250.,3000.));
#886=IFCDIRECTION((0.,0.,1.));
#887=IFCDIRECTION((1.,0.,0.));
#888=IFCAXIS2PLACEMENT3D(#885,#886,#887);
#889=IFCLOCALPLACEMENT($,#888);
#890=IFCCOLUMN('2symA6UBz2cPzCq0foFfPR',$,'Columna C1B',$,'Columna 50x50',#912,#901,'100038',$);
#891=IFCCARTESIANPOINTLIST2D(((0.,0.),(0.,500.),(500.,500.),(500.,0.),(0.,0.)));
#892=IFCINDEXEDPOLYCURVE(#891,$,.F.);
#893=IFCDIRECTION((0.,0.,1.));
#894=IFCARBITRARYCLOSEDPROFILEDEF(.AREA.,$,#892);
#895=IFCCARTESIANPOINT((0.,0.,0.));
#896=IFCDIRECTION((0.,0.,1.));
#897=IFCDIRECTION((1.,0.,0.));
#898=IFCAXIS2PLACEMENT3D(#895,#896,#897);
#899=IFCEXTRUDEDAREASOLID(#894,#898,#893,2750.);
#900=IFCSHAPEREPRESENTATION(#11,'Body','SweptSolid',(#899));
#901=IFCPRODUCTDEFINITIONSHAPE($,$,(#900));
#907=IFCSTYLEDITEM(#899,(#19),'Concreto columna');
#908=IFCCARTESIANPOINT((-250.,7750.,3000.));
#909=IFCDIRECTION((0.,0.,1.));
#910=IFCDIRECTION((1.,0.,0.));
#911=IFCAXIS2PLACEMENT3D(#908,#909,#910);
#912=IFCLOCALPLACEMENT($,#911);
#913=IFCCOLUMN('1QwWYqsAX7ael0Asp$cxyO',$,'Columna C1C',$,'Columna 50x50',#935,#924,'100039',$);
#914=IFCCARTESIANPOINTLIST2D(((0.,0.),(0.,500.),(500.,500.),(500.,0.),(0.,0.)));
#915=IFCINDEXEDPOLYCURVE(#914,$,.F.);
#916=IFCDIRECTION((0.,0.,1.));
#917=IFCARBITRARYCLOSEDPROFILEDEF(.AREA.,$,#915);
#918=IFCCARTESIANPOINT((0.,0.,0.));
#919=IFCDIRECTION((0.,0.,1.));
#920=IFCDIRECTION((1.,0.,0.));
#921=IFCAXIS2PLACEMENT3D(#918,#919,#920);
#922=IFCEXTRUDEDAREASOLID(#917,#921,#916,2750.);
#923=IFCSHAPEREPRESENTATION(#11,'Body','SweptSolid',(#922));
#924=IFCPRODUCTDEFINITIONSHAPE($,$,(#923));
#930=IFCSTYLEDITEM(#922,(#19),'Concreto columna');
#931=IFCCARTESIANPOINT((-250.,15750.,3000.));
#932=IFCDIRECTION((0.,0.,1.));
#933=IFCDIRECTION((1.,0.,0.));
#934=IFCAXIS2PLACEMENT3D(#931,#932,#933);
#935=IFCLOCALPLACEMENT($,#934);
#936=IFCCOLUMN('3OwH2clir4IgiKLkYMWkHh',$,'Columna C2A',$,'Columna 50x50',#958,#947,'100040',$);
#937=IFCCARTESIANPOINTLIST2D(((0.,0.),(0.,500.),(500.,500.),(500.,0.),(0.,0.)));
#938=IFCINDEXEDPOLYCURVE(#937,$,.F.);
#939=IFCDIRECTION((0.,0.,1.));
#940=IFCARBITRARYCLOSEDPROFILEDEF(.AREA.,$,#938);
#941=IFCCARTESIANPOINT((0.,0.,0.));
#942=IFCDIRECTION((0.,0.,1.));
#943=IFCDIRECTION((1.,0.,0.));
#944=IFCAXIS2PLACEMENT3D(#941,#942,#943);
#945=IFCEXTRUDEDAREASOLID(#940,#944,#939,2750.);
#946=IFCSHAPEREPRESENTATION(#11,'Body','SweptSolid',(#945));
#947=IFCPRODUCTDEFINITIONSHAPE($,$,(#946));
#953=IFCSTYLEDITEM(#945,(#19),'Concreto columna');
#954=IFCCARTESIANPOINT((7750.,-250.,3000.));
#955=IFCDIRECTION((0.,0.,1.));
#956=IFCDIRECTION((1.,0.,0.));
#957=IFCAXIS2PLACEMENT3D(#954,#955,#956);
#958=IFCLOCALPLACEMENT($,#957);
#959=IFCCOLUMN('1a8mFFIxf7aOu_5P9tD_NW',$,'Columna C2B',$,'Columna 50x50',#981,#970,'100041',$);
#960=IFCCARTESIANPOINTLIST2D(((0.,0.),(0.,500.),(500.,500.),(500.,0.),(0.,0.)));
#961=IFCINDEXEDPOLYCURVE(#960,$,.F.);
#962=IFCDIRECTION((0.,0.,1.));
#963=IFCARBITRARYCLOSEDPROFILEDEF(.AREA.,$,#961);
#964=IFCCARTESIANPOINT((0.,0.,0.));
#965=IFCDIRECTION((0.,0.,1.));
#966=IFCDIRECTION((1.,0.,0.));
#967=IFCAXIS2PLACEMENT3D(#964,#965,#966);
#968=IFCEXTRUDEDAREASOLID(#963,#967,#962,2750.);
#969=IFCSHAPEREPRESENTATION(#11,'Body','SweptSolid',(#968));
#970=IFCPRODUCTDEFINITIONSHAPE($,$,(#969));
#976=IFCSTYLEDITEM(#968,(#19),'Concreto columna');
#977=IFCCARTESIANPOINT((7750.,7750.,3000.));
#978=IFCDIRECTION((0.,0.,1.));
#979=IFCDIRECTION((1.,0.,0.));
#980=IFCAXIS2PLACEMENT3D(#977,#978,#979);
#981=IFCLOCALPLACEMENT($,#980);
#982=IFCCOLUMN('2A8vbP_7TA6A2H1IdaAFG4',$,'Columna C2C',$,'Columna 50x50',#1004,#993,'100042',$);
#983=IFCCARTESIANPOINTLIST2D(((0.,0.),(0.,500.),(500.,500.),(500.,0.),(0.,0.)));
#984=IFCINDEXEDPOLYCURVE(#983,$,.F.);
#985=IFCDIRECTION((0.,0.,1.));
#986=IFCARBITRARYCLOSEDPROFILEDEF(.AREA.,$,#984);
#987=IFCCARTESIANPOINT((0.,0.,0.));
#988=IFCDIRECTION((0.,0.,1.));
#989=IFCDIRECTION((1.,0.,0.));
#990=IFCAXIS2PLACEMENT3D(#987,#988,#989);
#991=IFCEXTRUDEDAREASOLID(#986,#990,#985,2750.);
#992=IFCSHAPEREPRESENTATION(#11,'Body','SweptSolid',(#991));
#993=IFCPRODUCTDEFINITIONSHAPE($,$,(#992));
#999=IFCSTYLEDITEM(#991,(#19),'Concreto columna');
#1000=IFCCARTESIANPOINT((7750.,15750.,3000.));
#1001=IFCDIRECTION((0.,0.,1.));
#1002=IFCDIRECTION((1.,0.,0.));
#1003=IFCAXIS2PLACEMENT3D(#1000,#1001,#1002);
#1004=IFCLOCALPLACEMENT($,#1003);
#1005=IFCCOLUMN('2i9IJM_hn9lBHxsgdnFKlF',$,'Columna C3A',$,'Columna 50x50',#1027,#1016,'100043',$);
#1006=IFCCARTESIANPOINTLIST2D(((0.,0.),(0.,500.),(500.,500.),(500.,0.),(0.,0.)));
#1007=IFCINDEXEDPOLYCURVE(#1006,$,.F.);
#1008=IFCDIRECTION((0.,0.,1.));
#1009=IFCARBITRARYCLOSEDPROFILEDEF(.AREA.,$,#1007);
#1010=IFCCARTESIANPOINT((0.,0.,0.));
#1011=IFCDIRECTION((0.,0.,1.));
#1012=IFCDIRECTION((1.,0.,0.));
#1013=IFCAXIS2PLACEMENT3D(#1010,#1011,#1012);
#1014=IFCEXTRUDEDAREASOLID(#1009,#1013,#1008,2750.);
#1015=IFCSHAPEREPRESENTATION(#11,'Body','SweptSolid',(#1014));
#1016=IFCPRODUCTDEFINITIONSHAPE($,$,(#1015));
#1022=IFCSTYLEDITEM(#1014,(#19),'Concreto columna');
#1023=IFCCARTESIANPOINT((15750.,-250.,3000.));
#1024=IFCDIRECTION((0.,0.,1.));
#1025=IFCDIRECTION((1.,0.,0.));
#1026=IFCAXIS2PLACEMENT3D(#1023,#1024,#1025);
#1027=IFCLOCALPLACEMENT($,#1026);
#1028=IFCCOLUMN('2$wuqfayD5k8O5vqb2knpR',$,'Columna C3B',$,'Columna 50x50',#1050,#1039,'100044',$);
#1029=IFCCARTESIANPOINTLIST2D(((0.,0.),(0.,500.),(500.,500.),(500.,0.),(0.,0.)));
#1030=IFCINDEXEDPOLYCURVE(#1029,$,.F.);
#1031=IFCDIRECTION((0.,0.,1.));
#1032=IFCARBITRARYCLOSEDPROFILEDEF(.AREA.,$,#1030);
#1033=IFCCARTESIANPOINT((0.,0.,0.));
#1034=IFCDIRECTION((0.,0.,1.));
#1035=IFCDIRECTION((1.,0.,0.));
#1036=IFCAXIS2PLACEMENT3D(#1033,#1034,#1035);
#1037=IFCEXTRUDEDAREASOLID(#1032,#1036,#1031,2750.);
#1038=IFCSHAPEREPRESENTATION(#11,'Body','SweptSolid',(#1037));
#1039=IFCPRODUCTDEFINITIONSHAPE($,$,(#1038));
#1045=IFCSTYLEDITEM(#1037,(#19),'Concreto columna');
#1046=IFCCARTESIANPOINT((15750.,7750.,3000.));
#1047=IFCDIRECTION((0.,0.,1.));
#1048=IFCDIRECTION((1.,0.,0.));
#1049=IFCAXIS2PLACEMENT3D(#1046,#1047,#1048);
#1050=IFCLOCALPLACEMENT($,#1049);
#1051=IFCCOLUMN('19oBNIG1v5evgz13vDeqpm',$,'Columna C3C',$,'Columna 50x50',#1073,#1062,'100045',$);
#1052=IFCCARTESIANPOINTLIST2D(((0.,0.),(0.,500.),(500.,500.),(500.,0.),(0.,0.)));
#1053=IFCINDEXEDPOLYCURVE(#1052,$,.F.);
#1054=IFCDIRECTION((0.,0.,1.));
#1055=IFCARBITRARYCLOSEDPROFILEDEF(.AREA.,$,#1053);
#1056=IFCCARTESIANPOINT((0.,0.,0.));
#1057=IFCDIRECTION((0.,0.,1.));
#1058=IFCDIRECTION((1.,0.,0.));
#1059=IFCAXIS2PLACEMENT3D(#1056,#1057,#1058);
#1060=IFCEXTRUDEDAREASOLID(#1055,#1059,#1054,2750.);
#1061=IFCSHAPEREPRESENTATION(#11,'Body','SweptSolid',(#1060));
#1062=IFCPRODUCTDEFINITIONSHAPE($,$,(#1061));
#1068=IFCSTYLEDITEM(#1060,(#19),'Concreto columna');
#1069=IFCCARTESIANPOINT((15750.,15750.,3000.));
#1070=IFCDIRECTION((0.,0.,1.));
#1071=IFCDIRECTION((1.,0.,0.));
#1072=IFCAXIS2PLACEMENT3D(#1069,#1070,#1071);
#1073=IFCLOCALPLACEMENT($,#1072);
#1074=IFCCOLUMN('0Ww7aEMFXDjO9KTjIRbYX6',$,'Columna C4A',$,'Columna 50x50',#1096,#1085,'100046',$);
#1075=IFCCARTESIANPOINTLIST2D(((0.,0.),(0.,500.),(500.,500.),(500.,0.),(0.,0.)));
#1076=IFCINDEXEDPOLYCURVE(#1075,$,.F.);
#1077=IFCDIRECTION((0.,0.,1.));
#1078=IFCARBITRARYCLOSEDPROFILEDEF(.AREA.,$,#1076);
#1079=IFCCARTESIANPOINT((0.,0.,0.));
#1080=IFCDIRECTION((0.,0.,1.));
#1081=IFCDIRECTION((1.,0.,0.));
#1082=IFCAXIS2PLACEMENT3D(#1079,#1080,#1081);
#1083=IFCEXTRUDEDAREASOLID(#1078,#1082,#1077,2750.);
#1084=IFCSHAPEREPRESENTATION(#11,'Body','SweptSolid',(#1083));
#1085=IFCPRODUCTDEFINITIONSHAPE($,$,(#1084));
#1091=IFCSTYLEDITEM(#1083,(#19),'Concreto columna');
#1092=IFCCARTESIANPOINT((23750.,-250.,3000.));
#1093=IFCDIRECTION((0.,0.,1.));
#1094=IFCDIRECTION((1.,0.,0.));
#1095=IFCAXIS2PLACEMENT3D(#1092,#1093,#1094);
#1096=IFCLOCALPLACEMENT($,#1095);
#1097=IFCCOLUMN('3s1NhkUev2RPmNZKgw5oQi',$,'Columna C4B',$,'Columna 50x50',#1119,#1108,'100047',$);
#1098=IFCCARTESIANPOINTLIST2D(((0.,0.),(0.,500.),(500.,500.),(500.,0.),(0.,0.)));
#1099=IFCINDEXEDPOLYCURVE(#1098,$,.F.);
#1100=IFCDIRECTION((0.,0.,1.));
#1101=IFCARBITRARYCLOSEDPROFILEDEF(.AREA.,$,#1099);
#1102=IFCCARTESIANPOINT((0.,0.,0.));
#1103=IFCDIRECTION((0.,0.,1.));
#1104=IFCDIRECTION((1.,0.,0.));
#1105=IFCAXIS2PLACEMENT3D(#1102,#1103,#1104);
#1106=IFCEXTRUDEDAREASOLID(#1101,#1105,#1100,2750.);
#1107=IFCSHAPEREPRESENTATION(#11,'Body','SweptSolid',(#1106));
#1108=IFCPRODUCTDEFINITIONSHAPE($,$,(#1107));
#1114=IFCSTYLEDITEM(#1106,(#19),'Concreto columna');
#1115=IFCCARTESIANPOINT((23750.,7750.,3000.));
#1116=IFCDIRECTION((0.,0.,1.));
#1117=IFCDIRECTION((1.,0.,0.));
#1118=IFCAXIS2PLACEMENT3D(#1115,#1116,#1117);
#1119=IFCLOCALPLACEMENT($,#1118);
#1120=IFCCOLUMN('0bxa3pTgfCHxqz6HcFOWCT',$,'Columna C4C',$,'Columna 50x50',#1142,#1131,'100048',$);
#1121=IFCCARTESIANPOINTLIST2D(((0.,0.),(0.,500.),(500.,500.),(500.,0.),(0.,0.)));
#1122=IFCINDEXEDPOLYCURVE(#1121,$,.F.);
#1123=IFCDIRECTION((0.,0.,1.));
#1124=IFCARBITRARYCLOSEDPROFILEDEF(.AREA.,$,#1122);
#1125=IFCCARTESIANPOINT((0.,0.,0.));
#1126=IFCDIRECTION((0.,0.,1.));
#1127=IFCDIRECTION((1.,0.,0.));
#1128=IFCAXIS2PLACEMENT3D(#1125,#1126,#1127);
#1129=IFCEXTRUDEDAREASOLID(#1124,#1128,#1123,2750.);
#1130=IFCSHAPEREPRESENTATION(#11,'Body','SweptSolid',(#1129));
#1131=IFCPRODUCTDEFINITIONSHAPE($,$,(#1130));
#1137=IFCSTYLEDITEM(#1129,(#19),'Concreto columna');
#1138=IFCCARTESIANPOINT((23750.,15750.,3000.));
#1139=IFCDIRECTION((0.,0.,1.));
#1140=IFCDIRECTION((1.,0.,0.));
#1141=IFCAXIS2PLACEMENT3D(#1138,#1139,#1140);
#1142=IFCLOCALPLACEMENT($,#1141);
#1143=IFCSLAB('3BUHTcZJT1ExzaUjhHNikG',$,'Placa piso 03',$,'Placa maciza e=25',#1165,#1154,'100049',$);
#1144=IFCCARTESIANPOINTLIST2D(((0.,0.),(0.,16600.),(24600.,16600.),(24600.,0.),(0.,0.)));
#1145=IFCINDEXEDPOLYCURVE(#1144,$,.F.);
#1146=IFCDIRECTION((0.,0.,1.));
#1147=IFCARBITRARYCLOSEDPROFILEDEF(.AREA.,$,#1145);
#1148=IFCCARTESIANPOINT((0.,0.,0.));
#1149=IFCDIRECTION((0.,0.,1.));
#1150=IFCDIRECTION((1.,0.,0.));
#1151=IFCAXIS2PLACEMENT3D(#1148,#1149,#1150);
#1152=IFCEXTRUDEDAREASOLID(#1147,#1151,#1146,250.);
#1153=IFCSHAPEREPRESENTATION(#11,'Body','SweptSolid',(#1152));
#1154=IFCPRODUCTDEFINITIONSHAPE($,$,(#1153));
#1160=IFCSTYLEDITEM(#1152,(#16),'Concreto');
#1161=IFCCARTESIANPOINT((-300.,-300.,5750.));
#1162=IFCDIRECTION((0.,0.,1.));
#1163=IFCDIRECTION((1.,0.,0.));
#1164=IFCAXIS2PLACEMENT3D(#1161,#1162,#1163);
#1165=IFCLOCALPLACEMENT($,#1164);
#1166=IFCWALL('3dlvwyPuH6nPk5oxDD2Nia',$,'Muro n\X2\00FA\X0\cleo',$,'Muro concreto e=20',#1188,#1177,'100050',$);
#1167=IFCCARTESIANPOINTLIST2D(((0.,0.),(0.,4000.),(4000.,4000.),(4000.,0.),(0.,0.)));
#1168=IFCINDEXEDPOLYCURVE(#1167,$,.F.);
#1169=IFCDIRECTION((0.,0.,1.));
#1170=IFCARBITRARYCLOSEDPROFILEDEF(.AREA.,$,#1168);
#1171=IFCCARTESIANPOINT((0.,0.,0.));
#1172=IFCDIRECTION((0.,0.,1.));
#1173=IFCDIRECTION((1.,0.,0.));
#1174=IFCAXIS2PLACEMENT3D(#1171,#1172,#1173);
#1175=IFCEXTRUDEDAREASOLID(#1170,#1174,#1169,2750.);
#1176=IFCSHAPEREPRESENTATION(#11,'Body','SweptSolid',(#1175));
#1177=IFCPRODUCTDEFINITIONSHAPE($,$,(#1176));
#1183=IFCSTYLEDITEM(#1175,(#31),'N\X2\00FA\X0\cleo');
#1184=IFCCARTESIANPOINT((10000.,6000.,3000.));
#1185=IFCDIRECTION((0.,0.,1.));
#1186=IFCDIRECTION((1.,0.,0.));
#1187=IFCAXIS2PLACEMENT3D(#1184,#1185,#1186);
#1188=IFCLOCALPLACEMENT($,#1187);
#1189=IFCWALL('0zKgPV1Ob9ivQJW2mD9$4Q',$,'Muro fachada sur',$,'Mamposter\X2\00ED\X0\a e=20',#1211,#1200,'100051',$);
#1190=IFCCARTESIANPOINTLIST2D(((0.,0.),(0.,200.),(7500.,200.),(7500.,0.),(0.,0.)));
#1191=IFCINDEXEDPOLYCURVE(#1190,$,.F.);
#1192=IFCDIRECTION((0.,0.,1.));
#1193=IFCARBITRARYCLOSEDPROFILEDEF(.AREA.,$,#1191);
#1194=IFCCARTESIANPOINT((0.,0.,0.));
#1195=IFCDIRECTION((0.,0.,1.));
#1196=IFCDIRECTION((1.,0.,0.));
#1197=IFCAXIS2PLACEMENT3D(#1194,#1195,#1196);
#1198=IFCEXTRUDEDAREASOLID(#1193,#1197,#1192,900.);
#1199=IFCSHAPEREPRESENTATION(#11,'Body','SweptSolid',(#1198));
#1200=IFCPRODUCTDEFINITIONSHAPE($,$,(#1199));
#1206=IFCSTYLEDITEM(#1198,(#25),'Fachada');
#1207=IFCCARTESIANPOINT((250.,-100.,3000.));
#1208=IFCDIRECTION((0.,0.,1.));
#1209=IFCDIRECTION((1.,0.,0.));
#1210=IFCAXIS2PLACEMENT3D(#1207,#1208,#1209);
#1211=IFCLOCALPLACEMENT($,#1210);
#1212=IFCWINDOW('3j$UqbPTrFbBXsGnnERoEu',$,'Ventana sur',$,'Ventana piso-techo',#1234,#1223,'100052',$,$,$,$,$);
#1213=IFCCARTESIANPOINTLIST2D(((0.,0.),(0.,100.),(7099.9999999999991,100.),(7099.9999999999991,0.),(0.,0.)));
#1214=IFCINDEXEDPOLYCURVE(#1213,$,.F.);
#1215=IFCDIRECTION((0.,0.,1.));
#1216=IFCARBITRARYCLOSEDPROFILEDEF(.AREA.,$,#1214);
#1217=IFCCARTESIANPOINT((0.,0.,0.));
#1218=IFCDIRECTION((0.,0.,1.));
#1219=IFCDIRECTION((1.,0.,0.));
#1220=IFCAXIS2PLACEMENT3D(#1217,#1218,#1219);
#1221=IFCEXTRUDEDAREASOLID(#1216,#1220,#1215,1800.);
#1222=IFCSHAPEREPRESENTATION(#11,'Body','SweptSolid',(#1221));
#1223=IFCPRODUCTDEFINITIONSHAPE($,$,(#1222));
#1229=IFCSTYLEDITEM(#1221,(#28),'Vidrio');
#1230=IFCCARTESIANPOINT((450.,-50.,3900.));
#1231=IFCDIRECTION((0.,0.,1.));
#1232=IFCDIRECTION((1.,0.,0.));
#1233=IFCAXIS2PLACEMENT3D(#1230,#1231,#1232);
#1234=IFCLOCALPLACEMENT($,#1233);
#1235=IFCWALL('2BSwBDJbD0H8MxUXJ8wTUr',$,'Dintel sur',$,$,#1257,#1246,'100053',$);
#1236=IFCCARTESIANPOINTLIST2D(((0.,0.),(0.,200.),(7500.,200.),(7500.,0.),(0.,0.)));
#1237=IFCINDEXEDPOLYCURVE(#1236,$,.F.);
#1238=IFCDIRECTION((0.,0.,1.));
#1239=IFCARBITRARYCLOSEDPROFILEDEF(.AREA.,$,#1237);
#1240=IFCCARTESIANPOINT((0.,0.,0.));
#1241=IFCDIRECTION((0.,0.,1.));
#1242=IFCDIRECTION((1.,0.,0.));
#1243=IFCAXIS2PLACEMENT3D(#1240,#1241,#1242);
#1244=IFCEXTRUDEDAREASOLID(#1239,#1243,#1238,50.);
#1245=IFCSHAPEREPRESENTATION(#11,'Body','SweptSolid',(#1244));
#1246=IFCPRODUCTDEFINITIONSHAPE($,$,(#1245));
#1252=IFCSTYLEDITEM(#1244,(#25),'Fachada');
#1253=IFCCARTESIANPOINT((250.,-100.,5700.));
#1254=IFCDIRECTION((0.,0.,1.));
#1255=IFCDIRECTION((1.,0.,0.));
#1256=IFCAXIS2PLACEMENT3D(#1253,#1254,#1255);
#1257=IFCLOCALPLACEMENT($,#1256);
#1258=IFCWALL('04to3Hz7zDGwKaEwafiSfA',$,'Muro fachada norte',$,'Mamposter\X2\00ED\X0\a e=20',#1280,#1269,'100054',$);
#1259=IFCCARTESIANPOINTLIST2D(((0.,0.),(0.,200.),(7500.,200.),(7500.,0.),(0.,0.)));
#1260=IFCINDEXEDPOLYCURVE(#1259,$,.F.);
#1261=IFCDIRECTION((0.,0.,1.));
#1262=IFCARBITRARYCLOSEDPROFILEDEF(.AREA.,$,#1260);
#1263=IFCCARTESIANPOINT((0.,0.,0.));
#1264=IFCDIRECTION((0.,0.,1.));
#1265=IFCDIRECTION((1.,0.,0.));
#1266=IFCAXIS2PLACEMENT3D(#1263,#1264,#1265);
#1267=IFCEXTRUDEDAREASOLID(#1262,#1266,#1261,900.);
#1268=IFCSHAPEREPRESENTATION(#11,'Body','SweptSolid',(#1267));
#1269=IFCPRODUCTDEFINITIONSHAPE($,$,(#1268));
#1275=IFCSTYLEDITEM(#1267,(#25),'Fachada');
#1276=IFCCARTESIANPOINT((250.,15900.,3000.));
#1277=IFCDIRECTION((0.,0.,1.));
#1278=IFCDIRECTION((1.,0.,0.));
#1279=IFCAXIS2PLACEMENT3D(#1276,#1277,#1278);
#1280=IFCLOCALPLACEMENT($,#1279);
#1281=IFCWINDOW('0gkRq3P8L9UfHpovppvOmj',$,'Ventana norte',$,'Ventana piso-techo',#1303,#1292,'100055',$,$,$,$,$);
#1282=IFCCARTESIANPOINTLIST2D(((0.,0.),(0.,100.),(7099.9999999999991,100.),(7099.9999999999991,0.),(0.,0.)));
#1283=IFCINDEXEDPOLYCURVE(#1282,$,.F.);
#1284=IFCDIRECTION((0.,0.,1.));
#1285=IFCARBITRARYCLOSEDPROFILEDEF(.AREA.,$,#1283);
#1286=IFCCARTESIANPOINT((0.,0.,0.));
#1287=IFCDIRECTION((0.,0.,1.));
#1288=IFCDIRECTION((1.,0.,0.));
#1289=IFCAXIS2PLACEMENT3D(#1286,#1287,#1288);
#1290=IFCEXTRUDEDAREASOLID(#1285,#1289,#1284,1800.);
#1291=IFCSHAPEREPRESENTATION(#11,'Body','SweptSolid',(#1290));
#1292=IFCPRODUCTDEFINITIONSHAPE($,$,(#1291));
#1298=IFCSTYLEDITEM(#1290,(#28),'Vidrio');
#1299=IFCCARTESIANPOINT((450.,15950.,3900.));
#1300=IFCDIRECTION((0.,0.,1.));
#1301=IFCDIRECTION((1.,0.,0.));
#1302=IFCAXIS2PLACEMENT3D(#1299,#1300,#1301);
#1303=IFCLOCALPLACEMENT($,#1302);
#1304=IFCWALL('32uHHGlML5bR8BxdpXqSEn',$,'Dintel norte',$,$,#1326,#1315,'100056',$);
#1305=IFCCARTESIANPOINTLIST2D(((0.,0.),(0.,200.),(7500.,200.),(7500.,0.),(0.,0.)));
#1306=IFCINDEXEDPOLYCURVE(#1305,$,.F.);
#1307=IFCDIRECTION((0.,0.,1.));
#1308=IFCARBITRARYCLOSEDPROFILEDEF(.AREA.,$,#1306);
#1309=IFCCARTESIANPOINT((0.,0.,0.));
#1310=IFCDIRECTION((0.,0.,1.));
#1311=IFCDIRECTION((1.,0.,0.));
#1312=IFCAXIS2PLACEMENT3D(#1309,#1310,#1311);
#1313=IFCEXTRUDEDAREASOLID(#1308,#1312,#1307,50.);
#1314=IFCSHAPEREPRESENTATION(#11,'Body','SweptSolid',(#1313));
#1315=IFCPRODUCTDEFINITIONSHAPE($,$,(#1314));
#1321=IFCSTYLEDITEM(#1313,(#25),'Fachada');
#1322=IFCCARTESIANPOINT((250.,15900.,5700.));
#1323=IFCDIRECTION((0.,0.,1.));
#1324=IFCDIRECTION((1.,0.,0.));
#1325=IFCAXIS2PLACEMENT3D(#1322,#1323,#1324);
#1326=IFCLOCALPLACEMENT($,#1325);
#1327=IFCWALL('1$nsZWsvX3TBBrtpqFhKGQ',$,'Muro fachada sur',$,'Mamposter\X2\00ED\X0\a e=20',#1349,#1338,'100057',$);
#1328=IFCCARTESIANPOINTLIST2D(((0.,0.),(0.,200.),(7500.,200.),(7500.,0.),(0.,0.)));
#1329=IFCINDEXEDPOLYCURVE(#1328,$,.F.);
#1330=IFCDIRECTION((0.,0.,1.));
#1331=IFCARBITRARYCLOSEDPROFILEDEF(.AREA.,$,#1329);
#1332=IFCCARTESIANPOINT((0.,0.,0.));
#1333=IFCDIRECTION((0.,0.,1.));
#1334=IFCDIRECTION((1.,0.,0.));
#1335=IFCAXIS2PLACEMENT3D(#1332,#1333,#1334);
#1336=IFCEXTRUDEDAREASOLID(#1331,#1335,#1330,900.);
#1337=IFCSHAPEREPRESENTATION(#11,'Body','SweptSolid',(#1336));
#1338=IFCPRODUCTDEFINITIONSHAPE($,$,(#1337));
#1344=IFCSTYLEDITEM(#1336,(#25),'Fachada');
#1345=IFCCARTESIANPOINT((8250.,-100.,3000.));
#1346=IFCDIRECTION((0.,0.,1.));
#1347=IFCDIRECTION((1.,0.,0.));
#1348=IFCAXIS2PLACEMENT3D(#1345,#1346,#1347);
#1349=IFCLOCALPLACEMENT($,#1348);
#1350=IFCWINDOW('3y3ZxKHajBzgdQqqrKxNnu',$,'Ventana sur',$,'Ventana piso-techo',#1372,#1361,'100058',$,$,$,$,$);
#1351=IFCCARTESIANPOINTLIST2D(((0.,0.),(0.,100.),(7099.9999999999991,100.),(7099.9999999999991,0.),(0.,0.)));
#1352=IFCINDEXEDPOLYCURVE(#1351,$,.F.);
#1353=IFCDIRECTION((0.,0.,1.));
#1354=IFCARBITRARYCLOSEDPROFILEDEF(.AREA.,$,#1352);
#1355=IFCCARTESIANPOINT((0.,0.,0.));
#1356=IFCDIRECTION((0.,0.,1.));
#1357=IFCDIRECTION((1.,0.,0.));
#1358=IFCAXIS2PLACEMENT3D(#1355,#1356,#1357);
#1359=IFCEXTRUDEDAREASOLID(#1354,#1358,#1353,1800.);
#1360=IFCSHAPEREPRESENTATION(#11,'Body','SweptSolid',(#1359));
#1361=IFCPRODUCTDEFINITIONSHAPE($,$,(#1360));
#1367=IFCSTYLEDITEM(#1359,(#28),'Vidrio');
#1368=IFCCARTESIANPOINT((8450.,-50.,3900.));
#1369=IFCDIRECTION((0.,0.,1.));
#1370=IFCDIRECTION((1.,0.,0.));
#1371=IFCAXIS2PLACEMENT3D(#1368,#1369,#1370);
#1372=IFCLOCALPLACEMENT($,#1371);
#1373=IFCWALL('3qqk$Hl4r0xwnBhZLJ4ILD',$,'Dintel sur',$,$,#1395,#1384,'100059',$);
#1374=IFCCARTESIANPOINTLIST2D(((0.,0.),(0.,200.),(7500.,200.),(7500.,0.),(0.,0.)));
#1375=IFCINDEXEDPOLYCURVE(#1374,$,.F.);
#1376=IFCDIRECTION((0.,0.,1.));
#1377=IFCARBITRARYCLOSEDPROFILEDEF(.AREA.,$,#1375);
#1378=IFCCARTESIANPOINT((0.,0.,0.));
#1379=IFCDIRECTION((0.,0.,1.));
#1380=IFCDIRECTION((1.,0.,0.));
#1381=IFCAXIS2PLACEMENT3D(#1378,#1379,#1380);
#1382=IFCEXTRUDEDAREASOLID(#1377,#1381,#1376,50.);
#1383=IFCSHAPEREPRESENTATION(#11,'Body','SweptSolid',(#1382));
#1384=IFCPRODUCTDEFINITIONSHAPE($,$,(#1383));
#1390=IFCSTYLEDITEM(#1382,(#25),'Fachada');
#1391=IFCCARTESIANPOINT((8250.,-100.,5700.));
#1392=IFCDIRECTION((0.,0.,1.));
#1393=IFCDIRECTION((1.,0.,0.));
#1394=IFCAXIS2PLACEMENT3D(#1391,#1392,#1393);
#1395=IFCLOCALPLACEMENT($,#1394);
#1396=IFCWALL('1ZjlsreKfEdAJfEOKLaVWj',$,'Muro fachada norte',$,'Mamposter\X2\00ED\X0\a e=20',#1418,#1407,'100060',$);
#1397=IFCCARTESIANPOINTLIST2D(((0.,0.),(0.,200.),(7500.,200.),(7500.,0.),(0.,0.)));
#1398=IFCINDEXEDPOLYCURVE(#1397,$,.F.);
#1399=IFCDIRECTION((0.,0.,1.));
#1400=IFCARBITRARYCLOSEDPROFILEDEF(.AREA.,$,#1398);
#1401=IFCCARTESIANPOINT((0.,0.,0.));
#1402=IFCDIRECTION((0.,0.,1.));
#1403=IFCDIRECTION((1.,0.,0.));
#1404=IFCAXIS2PLACEMENT3D(#1401,#1402,#1403);
#1405=IFCEXTRUDEDAREASOLID(#1400,#1404,#1399,900.);
#1406=IFCSHAPEREPRESENTATION(#11,'Body','SweptSolid',(#1405));
#1407=IFCPRODUCTDEFINITIONSHAPE($,$,(#1406));
#1413=IFCSTYLEDITEM(#1405,(#25),'Fachada');
#1414=IFCCARTESIANPOINT((8250.,15900.,3000.));
#1415=IFCDIRECTION((0.,0.,1.));
#1416=IFCDIRECTION((1.,0.,0.));
#1417=IFCAXIS2PLACEMENT3D(#1414,#1415,#1416);
#1418=IFCLOCALPLACEMENT($,#1417);
#1419=IFCWINDOW('0EM$T5Y1D3XP8vhUfzeZbC',$,'Ventana norte',$,'Ventana piso-techo',#1441,#1430,'100061',$,$,$,$,$);
#1420=IFCCARTESIANPOINTLIST2D(((0.,0.),(0.,100.),(7099.9999999999991,100.),(7099.9999999999991,0.),(0.,0.)));
#1421=IFCINDEXEDPOLYCURVE(#1420,$,.F.);
#1422=IFCDIRECTION((0.,0.,1.));
#1423=IFCARBITRARYCLOSEDPROFILEDEF(.AREA.,$,#1421);
#1424=IFCCARTESIANPOINT((0.,0.,0.));
#1425=IFCDIRECTION((0.,0.,1.));
#1426=IFCDIRECTION((1.,0.,0.));
#1427=IFCAXIS2PLACEMENT3D(#1424,#1425,#1426);
#1428=IFCEXTRUDEDAREASOLID(#1423,#1427,#1422,1800.);
#1429=IFCSHAPEREPRESENTATION(#11,'Body','SweptSolid',(#1428));
#1430=IFCPRODUCTDEFINITIONSHAPE($,$,(#1429));
#1436=IFCSTYLEDITEM(#1428,(#28),'Vidrio');
#1437=IFCCARTESIANPOINT((8450.,15950.,3900.));
#1438=IFCDIRECTION((0.,0.,1.));
#1439=IFCDIRECTION((1.,0.,0.));
#1440=IFCAXIS2PLACEMENT3D(#1437,#1438,#1439);
#1441=IFCLOCALPLACEMENT($,#1440);
#1442=IFCWALL('0AeTzd$dT3YBfackutM4Ql',$,'Dintel norte',$,$,#1464,#1453,'100062',$);
#1443=IFCCARTESIANPOINTLIST2D(((0.,0.),(0.,200.),(7500.,200.),(7500.,0.),(0.,0.)));
#1444=IFCINDEXEDPOLYCURVE(#1443,$,.F.);
#1445=IFCDIRECTION((0.,0.,1.));
#1446=IFCARBITRARYCLOSEDPROFILEDEF(.AREA.,$,#1444);
#1447=IFCCARTESIANPOINT((0.,0.,0.));
#1448=IFCDIRECTION((0.,0.,1.));
#1449=IFCDIRECTION((1.,0.,0.));
#1450=IFCAXIS2PLACEMENT3D(#1447,#1448,#1449);
#1451=IFCEXTRUDEDAREASOLID(#1446,#1450,#1445,50.);
#1452=IFCSHAPEREPRESENTATION(#11,'Body','SweptSolid',(#1451));
#1453=IFCPRODUCTDEFINITIONSHAPE($,$,(#1452));
#1459=IFCSTYLEDITEM(#1451,(#25),'Fachada');
#1460=IFCCARTESIANPOINT((8250.,15900.,5700.));
#1461=IFCDIRECTION((0.,0.,1.));
#1462=IFCDIRECTION((1.,0.,0.));
#1463=IFCAXIS2PLACEMENT3D(#1460,#1461,#1462);
#1464=IFCLOCALPLACEMENT($,#1463);
#1465=IFCWALL('2gGEGpx0b9Ega7BN24071S',$,'Muro fachada sur',$,'Mamposter\X2\00ED\X0\a e=20',#1487,#1476,'100063',$);
#1466=IFCCARTESIANPOINTLIST2D(((0.,0.),(0.,200.),(7500.,200.),(7500.,0.),(0.,0.)));
#1467=IFCINDEXEDPOLYCURVE(#1466,$,.F.);
#1468=IFCDIRECTION((0.,0.,1.));
#1469=IFCARBITRARYCLOSEDPROFILEDEF(.AREA.,$,#1467);
#1470=IFCCARTESIANPOINT((0.,0.,0.));
#1471=IFCDIRECTION((0.,0.,1.));
#1472=IFCDIRECTION((1.,0.,0.));
#1473=IFCAXIS2PLACEMENT3D(#1470,#1471,#1472);
#1474=IFCEXTRUDEDAREASOLID(#1469,#1473,#1468,900.);
#1475=IFCSHAPEREPRESENTATION(#11,'Body','SweptSolid',(#1474));
#1476=IFCPRODUCTDEFINITIONSHAPE($,$,(#1475));
#1482=IFCSTYLEDITEM(#1474,(#25),'Fachada');
#1483=IFCCARTESIANPOINT((16250.,-100.,3000.));
#1484=IFCDIRECTION((0.,0.,1.));
#1485=IFCDIRECTION((1.,0.,0.));
#1486=IFCAXIS2PLACEMENT3D(#1483,#1484,#1485);
#1487=IFCLOCALPLACEMENT($,#1486);
#1488=IFCWINDOW('3I_LXtwnPDiRw3sfvVnzZa',$,'Ventana sur',$,'Ventana piso-techo',#1510,#1499,'100064',$,$,$,$,$);
#1489=IFCCARTESIANPOINTLIST2D(((0.,0.),(0.,100.),(7099.9999999999991,100.),(7099.9999999999991,0.),(0.,0.)));
#1490=IFCINDEXEDPOLYCURVE(#1489,$,.F.);
#1491=IFCDIRECTION((0.,0.,1.));
#1492=IFCARBITRARYCLOSEDPROFILEDEF(.AREA.,$,#1490);
#1493=IFCCARTESIANPOINT((0.,0.,0.));
#1494=IFCDIRECTION((0.,0.,1.));
#1495=IFCDIRECTION((1.,0.,0.));
#1496=IFCAXIS2PLACEMENT3D(#1493,#1494,#1495);
#1497=IFCEXTRUDEDAREASOLID(#1492,#1496,#1491,1800.);
#1498=IFCSHAPEREPRESENTATION(#11,'Body','SweptSolid',(#1497));
#1499=IFCPRODUCTDEFINITIONSHAPE($,$,(#1498));
#1505=IFCSTYLEDITEM(#1497,(#28),'Vidrio');
#1506=IFCCARTESIANPOINT((16450.,-50.,3900.));
#1507=IFCDIRECTION((0.,0.,1.));
#1508=IFCDIRECTION((1.,0.,0.));
#1509=IFCAXIS2PLACEMENT3D(#1506,#1507,#1508);
#1510=IFCLOCALPLACEMENT($,#1509);
#1511=IFCWALL('1XOqWlQrTAvRBaw$fsK5Ut',$,'Dintel sur',$,$,#1533,#1522,'100065',$);
#1512=IFCCARTESIANPOINTLIST2D(((0.,0.),(0.,200.),(7500.,200.),(7500.,0.),(0.,0.)));
#1513=IFCINDEXEDPOLYCURVE(#1512,$,.F.);
#1514=IFCDIRECTION((0.,0.,1.));
#1515=IFCARBITRARYCLOSEDPROFILEDEF(.AREA.,$,#1513);
#1516=IFCCARTESIANPOINT((0.,0.,0.));
#1517=IFCDIRECTION((0.,0.,1.));
#1518=IFCDIRECTION((1.,0.,0.));
#1519=IFCAXIS2PLACEMENT3D(#1516,#1517,#1518);
#1520=IFCEXTRUDEDAREASOLID(#1515,#1519,#1514,50.);
#1521=IFCSHAPEREPRESENTATION(#11,'Body','SweptSolid',(#1520));
#1522=IFCPRODUCTDEFINITIONSHAPE($,$,(#1521));
#1528=IFCSTYLEDITEM(#1520,(#25),'Fachada');
#1529=IFCCARTESIANPOINT((16250.,-100.,5700.));
#1530=IFCDIRECTION((0.,0.,1.));
#1531=IFCDIRECTION((1.,0.,0.));
#1532=IFCAXIS2PLACEMENT3D(#1529,#1530,#1531);
#1533=IFCLOCALPLACEMENT($,#1532);
#1534=IFCWALL('36e07R0Gn2zgXHo4pGff2n',$,'Muro fachada norte',$,'Mamposter\X2\00ED\X0\a e=20',#1556,#1545,'100066',$);
#1535=IFCCARTESIANPOINTLIST2D(((0.,0.),(0.,200.),(7500.,200.),(7500.,0.),(0.,0.)));
#1536=IFCINDEXEDPOLYCURVE(#1535,$,.F.);
#1537=IFCDIRECTION((0.,0.,1.));
#1538=IFCARBITRARYCLOSEDPROFILEDEF(.AREA.,$,#1536);
#1539=IFCCARTESIANPOINT((0.,0.,0.));
#1540=IFCDIRECTION((0.,0.,1.));
#1541=IFCDIRECTION((1.,0.,0.));
#1542=IFCAXIS2PLACEMENT3D(#1539,#1540,#1541);
#1543=IFCEXTRUDEDAREASOLID(#1538,#1542,#1537,900.);
#1544=IFCSHAPEREPRESENTATION(#11,'Body','SweptSolid',(#1543));
#1545=IFCPRODUCTDEFINITIONSHAPE($,$,(#1544));
#1551=IFCSTYLEDITEM(#1543,(#25),'Fachada');
#1552=IFCCARTESIANPOINT((16250.,15900.,3000.));
#1553=IFCDIRECTION((0.,0.,1.));
#1554=IFCDIRECTION((1.,0.,0.));
#1555=IFCAXIS2PLACEMENT3D(#1552,#1553,#1554);
#1556=IFCLOCALPLACEMENT($,#1555);
#1557=IFCWINDOW('0Snkz7IhPArAhQVbsJ$f$I',$,'Ventana norte',$,'Ventana piso-techo',#1579,#1568,'100067',$,$,$,$,$);
#1558=IFCCARTESIANPOINTLIST2D(((0.,0.),(0.,100.),(7099.9999999999991,100.),(7099.9999999999991,0.),(0.,0.)));
#1559=IFCINDEXEDPOLYCURVE(#1558,$,.F.);
#1560=IFCDIRECTION((0.,0.,1.));
#1561=IFCARBITRARYCLOSEDPROFILEDEF(.AREA.,$,#1559);
#1562=IFCCARTESIANPOINT((0.,0.,0.));
#1563=IFCDIRECTION((0.,0.,1.));
#1564=IFCDIRECTION((1.,0.,0.));
#1565=IFCAXIS2PLACEMENT3D(#1562,#1563,#1564);
#1566=IFCEXTRUDEDAREASOLID(#1561,#1565,#1560,1800.);
#1567=IFCSHAPEREPRESENTATION(#11,'Body','SweptSolid',(#1566));
#1568=IFCPRODUCTDEFINITIONSHAPE($,$,(#1567));
#1574=IFCSTYLEDITEM(#1566,(#28),'Vidrio');
#1575=IFCCARTESIANPOINT((16450.,15950.,3900.));
#1576=IFCDIRECTION((0.,0.,1.));
#1577=IFCDIRECTION((1.,0.,0.));
#1578=IFCAXIS2PLACEMENT3D(#1575,#1576,#1577);
#1579=IFCLOCALPLACEMENT($,#1578);
#1580=IFCWALL('3P8M9FkGv4ORArpFsGm4IU',$,'Dintel norte',$,$,#1602,#1591,'100068',$);
#1581=IFCCARTESIANPOINTLIST2D(((0.,0.),(0.,200.),(7500.,200.),(7500.,0.),(0.,0.)));
#1582=IFCINDEXEDPOLYCURVE(#1581,$,.F.);
#1583=IFCDIRECTION((0.,0.,1.));
#1584=IFCARBITRARYCLOSEDPROFILEDEF(.AREA.,$,#1582);
#1585=IFCCARTESIANPOINT((0.,0.,0.));
#1586=IFCDIRECTION((0.,0.,1.));
#1587=IFCDIRECTION((1.,0.,0.));
#1588=IFCAXIS2PLACEMENT3D(#1585,#1586,#1587);
#1589=IFCEXTRUDEDAREASOLID(#1584,#1588,#1583,50.);
#1590=IFCSHAPEREPRESENTATION(#11,'Body','SweptSolid',(#1589));
#1591=IFCPRODUCTDEFINITIONSHAPE($,$,(#1590));
#1597=IFCSTYLEDITEM(#1589,(#25),'Fachada');
#1598=IFCCARTESIANPOINT((16250.,15900.,5700.));
#1599=IFCDIRECTION((0.,0.,1.));
#1600=IFCDIRECTION((1.,0.,0.));
#1601=IFCAXIS2PLACEMENT3D(#1598,#1599,#1600);
#1602=IFCLOCALPLACEMENT($,#1601);
#1603=IFCWALL('3uNazuZGj5WhQ_NzetnXnm',$,'Muro fachada occidente',$,'Mamposter\X2\00ED\X0\a e=20',#1625,#1614,'100069',$);
#1604=IFCCARTESIANPOINTLIST2D(((0.,0.),(0.,7500.),(200.,7500.),(200.,0.),(0.,0.)));
#1605=IFCINDEXEDPOLYCURVE(#1604,$,.F.);
#1606=IFCDIRECTION((0.,0.,1.));
#1607=IFCARBITRARYCLOSEDPROFILEDEF(.AREA.,$,#1605);
#1608=IFCCARTESIANPOINT((0.,0.,0.));
#1609=IFCDIRECTION((0.,0.,1.));
#1610=IFCDIRECTION((1.,0.,0.));
#1611=IFCAXIS2PLACEMENT3D(#1608,#1609,#1610);
#1612=IFCEXTRUDEDAREASOLID(#1607,#1611,#1606,2750.);
#1613=IFCSHAPEREPRESENTATION(#11,'Body','SweptSolid',(#1612));
#1614=IFCPRODUCTDEFINITIONSHAPE($,$,(#1613));
#1620=IFCSTYLEDITEM(#1612,(#25),'Fachada');
#1621=IFCCARTESIANPOINT((-100.,250.,3000.));
#1622=IFCDIRECTION((0.,0.,1.));
#1623=IFCDIRECTION((1.,0.,0.));
#1624=IFCAXIS2PLACEMENT3D(#1621,#1622,#1623);
#1625=IFCLOCALPLACEMENT($,#1624);
#1626=IFCWALL('1OeDSsTSzF2vMISTjy5BXQ',$,'Muro fachada oriente',$,'Mamposter\X2\00ED\X0\a e=20',#1648,#1637,'100070',$);
#1627=IFCCARTESIANPOINTLIST2D(((0.,0.),(0.,7500.),(200.,7500.),(200.,0.),(0.,0.)));
#1628=IFCINDEXEDPOLYCURVE(#1627,$,.F.);
#1629=IFCDIRECTION((0.,0.,1.));
#1630=IFCARBITRARYCLOSEDPROFILEDEF(.AREA.,$,#1628);
#1631=IFCCARTESIANPOINT((0.,0.,0.));
#1632=IFCDIRECTION((0.,0.,1.));
#1633=IFCDIRECTION((1.,0.,0.));
#1634=IFCAXIS2PLACEMENT3D(#1631,#1632,#1633);
#1635=IFCEXTRUDEDAREASOLID(#1630,#1634,#1629,2750.);
#1636=IFCSHAPEREPRESENTATION(#11,'Body','SweptSolid',(#1635));
#1637=IFCPRODUCTDEFINITIONSHAPE($,$,(#1636));
#1643=IFCSTYLEDITEM(#1635,(#25),'Fachada');
#1644=IFCCARTESIANPOINT((23899.999999999996,250.,3000.));
#1645=IFCDIRECTION((0.,0.,1.));
#1646=IFCDIRECTION((1.,0.,0.));
#1647=IFCAXIS2PLACEMENT3D(#1644,#1645,#1646);
#1648=IFCLOCALPLACEMENT($,#1647);
#1649=IFCWALL('38yCpNf198bOCjSVpjgfJU',$,'Muro fachada occidente',$,'Mamposter\X2\00ED\X0\a e=20',#1671,#1660,'100071',$);
#1650=IFCCARTESIANPOINTLIST2D(((0.,0.),(0.,7500.),(200.,7500.),(200.,0.),(0.,0.)));
#1651=IFCINDEXEDPOLYCURVE(#1650,$,.F.);
#1652=IFCDIRECTION((0.,0.,1.));
#1653=IFCARBITRARYCLOSEDPROFILEDEF(.AREA.,$,#1651);
#1654=IFCCARTESIANPOINT((0.,0.,0.));
#1655=IFCDIRECTION((0.,0.,1.));
#1656=IFCDIRECTION((1.,0.,0.));
#1657=IFCAXIS2PLACEMENT3D(#1654,#1655,#1656);
#1658=IFCEXTRUDEDAREASOLID(#1653,#1657,#1652,2750.);
#1659=IFCSHAPEREPRESENTATION(#11,'Body','SweptSolid',(#1658));
#1660=IFCPRODUCTDEFINITIONSHAPE($,$,(#1659));
#1666=IFCSTYLEDITEM(#1658,(#25),'Fachada');
#1667=IFCCARTESIANPOINT((-100.,8250.,3000.));
#1668=IFCDIRECTION((0.,0.,1.));
#1669=IFCDIRECTION((1.,0.,0.));
#1670=IFCAXIS2PLACEMENT3D(#1667,#1668,#1669);
#1671=IFCLOCALPLACEMENT($,#1670);
#1672=IFCWALL('3iQzvzi_f2ChtMbv5I9677',$,'Muro fachada oriente',$,'Mamposter\X2\00ED\X0\a e=20',#1694,#1683,'100072',$);
#1673=IFCCARTESIANPOINTLIST2D(((0.,0.),(0.,7500.),(200.,7500.),(200.,0.),(0.,0.)));
#1674=IFCINDEXEDPOLYCURVE(#1673,$,.F.);
#1675=IFCDIRECTION((0.,0.,1.));
#1676=IFCARBITRARYCLOSEDPROFILEDEF(.AREA.,$,#1674);
#1677=IFCCARTESIANPOINT((0.,0.,0.));
#1678=IFCDIRECTION((0.,0.,1.));
#1679=IFCDIRECTION((1.,0.,0.));
#1680=IFCAXIS2PLACEMENT3D(#1677,#1678,#1679);
#1681=IFCEXTRUDEDAREASOLID(#1676,#1680,#1675,2750.);
#1682=IFCSHAPEREPRESENTATION(#11,'Body','SweptSolid',(#1681));
#1683=IFCPRODUCTDEFINITIONSHAPE($,$,(#1682));
#1689=IFCSTYLEDITEM(#1681,(#25),'Fachada');
#1690=IFCCARTESIANPOINT((23899.999999999996,8250.,3000.));
#1691=IFCDIRECTION((0.,0.,1.));
#1692=IFCDIRECTION((1.,0.,0.));
#1693=IFCAXIS2PLACEMENT3D(#1690,#1691,#1692);
#1694=IFCLOCALPLACEMENT($,#1693);
#1695=IFCBUILDINGSTOREY('0EIfPCHKXBiRhPZep44jGp',$,'Piso 03',$,$,$,$,$,$,6.);
#1696=IFCCOLUMN('2Hp04PfoPCGe3JOZicgF8t',$,'Columna C1A',$,'Columna 50x50',#1719,#1707,'100073',$);
#1697=IFCCARTESIANPOINTLIST2D(((0.,0.),(0.,500.),(500.,500.),(500.,0.),(0.,0.)));
#1698=IFCINDEXEDPOLYCURVE(#1697,$,.F.);
#1699=IFCDIRECTION((0.,0.,1.));
#1700=IFCARBITRARYCLOSEDPROFILEDEF(.AREA.,$,#1698);
#1701=IFCCARTESIANPOINT((0.,0.,0.));
#1702=IFCDIRECTION((0.,0.,1.));
#1703=IFCDIRECTION((1.,0.,0.));
#1704=IFCAXIS2PLACEMENT3D(#1701,#1702,#1703);
#1705=IFCEXTRUDEDAREASOLID(#1700,#1704,#1699,2750.);
#1706=IFCSHAPEREPRESENTATION(#11,'Body','SweptSolid',(#1705));
#1707=IFCPRODUCTDEFINITIONSHAPE($,$,(#1706));
#1713=IFCSTYLEDITEM(#1705,(#19),'Concreto columna');
#1714=IFCRELCONTAINEDINSPATIALSTRUCTURE('02iUGlTzXDOwHJiNagN8OM',$,$,$,(#1789,#2249,#2456,#1996,#2042,#2502,#1835,#2341,#2295,#1881,#2088,#2134,#2387,#1927,#1696,#2180,#2433,#1720,#1973,#2019,#2226,#2479,#1766,#1812,#2065,#2272,#1858,#2111,#2318,#2364,#1904,#2157,#2410,#1743,#1950,#2203),#1695);
#1715=IFCCARTESIANPOINT((-250.,-250.,6000.));
#1716=IFCDIRECTION((0.,0.,1.));
#1717=IFCDIRECTION((1.,0.,0.));
#1718=IFCAXIS2PLACEMENT3D(#1715,#1716,#1717);
#1719=IFCLOCALPLACEMENT($,#1718);
#1720=IFCCOLUMN('1TFJ9y7U9BuuTIp$6sO8Yt',$,'Columna C1B',$,'Columna 50x50',#1742,#1731,'100074',$);
#1721=IFCCARTESIANPOINTLIST2D(((0.,0.),(0.,500.),(500.,500.),(500.,0.),(0.,0.)));
#1722=IFCINDEXEDPOLYCURVE(#1721,$,.F.);
#1723=IFCDIRECTION((0.,0.,1.));
#1724=IFCARBITRARYCLOSEDPROFILEDEF(.AREA.,$,#1722);
#1725=IFCCARTESIANPOINT((0.,0.,0.));
#1726=IFCDIRECTION((0.,0.,1.));
#1727=IFCDIRECTION((1.,0.,0.));
#1728=IFCAXIS2PLACEMENT3D(#1725,#1726,#1727);
#1729=IFCEXTRUDEDAREASOLID(#1724,#1728,#1723,2750.);
#1730=IFCSHAPEREPRESENTATION(#11,'Body','SweptSolid',(#1729));
#1731=IFCPRODUCTDEFINITIONSHAPE($,$,(#1730));
#1737=IFCSTYLEDITEM(#1729,(#19),'Concreto columna');
#1738=IFCCARTESIANPOINT((-250.,7750.,6000.));
#1739=IFCDIRECTION((0.,0.,1.));
#1740=IFCDIRECTION((1.,0.,0.));
#1741=IFCAXIS2PLACEMENT3D(#1738,#1739,#1740);
#1742=IFCLOCALPLACEMENT($,#1741);
#1743=IFCCOLUMN('0c7Sbvxm58X8Db46_0pKn8',$,'Columna C1C',$,'Columna 50x50',#1765,#1754,'100075',$);
#1744=IFCCARTESIANPOINTLIST2D(((0.,0.),(0.,500.),(500.,500.),(500.,0.),(0.,0.)));
#1745=IFCINDEXEDPOLYCURVE(#1744,$,.F.);
#1746=IFCDIRECTION((0.,0.,1.));
#1747=IFCARBITRARYCLOSEDPROFILEDEF(.AREA.,$,#1745);
#1748=IFCCARTESIANPOINT((0.,0.,0.));
#1749=IFCDIRECTION((0.,0.,1.));
#1750=IFCDIRECTION((1.,0.,0.));
#1751=IFCAXIS2PLACEMENT3D(#1748,#1749,#1750);
#1752=IFCEXTRUDEDAREASOLID(#1747,#1751,#1746,2750.);
#1753=IFCSHAPEREPRESENTATION(#11,'Body','SweptSolid',(#1752));
#1754=IFCPRODUCTDEFINITIONSHAPE($,$,(#1753));
#1760=IFCSTYLEDITEM(#1752,(#19),'Concreto columna');
#1761=IFCCARTESIANPOINT((-250.,15750.,6000.));
#1762=IFCDIRECTION((0.,0.,1.));
#1763=IFCDIRECTION((1.,0.,0.));
#1764=IFCAXIS2PLACEMENT3D(#1761,#1762,#1763);
#1765=IFCLOCALPLACEMENT($,#1764);
#1766=IFCCOLUMN('1DJYt1Re9CmQt3A2mrjk7D',$,'Columna C2A',$,'Columna 50x50',#1788,#1777,'100076',$);
#1767=IFCCARTESIANPOINTLIST2D(((0.,0.),(0.,500.),(500.,500.),(500.,0.),(0.,0.)));
#1768=IFCINDEXEDPOLYCURVE(#1767,$,.F.);
#1769=IFCDIRECTION((0.,0.,1.));
#1770=IFCARBITRARYCLOSEDPROFILEDEF(.AREA.,$,#1768);
#1771=IFCCARTESIANPOINT((0.,0.,0.));
#1772=IFCDIRECTION((0.,0.,1.));
#1773=IFCDIRECTION((1.,0.,0.));
#1774=IFCAXIS2PLACEMENT3D(#1771,#1772,#1773);
#1775=IFCEXTRUDEDAREASOLID(#1770,#1774,#1769,2750.);
#1776=IFCSHAPEREPRESENTATION(#11,'Body','SweptSolid',(#1775));
#1777=IFCPRODUCTDEFINITIONSHAPE($,$,(#1776));
#1783=IFCSTYLEDITEM(#1775,(#19),'Concreto columna');
#1784=IFCCARTESIANPOINT((7750.,-250.,6000.));
#1785=IFCDIRECTION((0.,0.,1.));
#1786=IFCDIRECTION((1.,0.,0.));
#1787=IFCAXIS2PLACEMENT3D(#1784,#1785,#1786);
#1788=IFCLOCALPLACEMENT($,#1787);
#1789=IFCCOLUMN('2hS6l8F4vEXAMT1NjPOzLU',$,'Columna C2B',$,'Columna 50x50',#1811,#1800,'100077',$);
#1790=IFCCARTESIANPOINTLIST2D(((0.,0.),(0.,500.),(500.,500.),(500.,0.),(0.,0.)));
#1791=IFCINDEXEDPOLYCURVE(#1790,$,.F.);
#1792=IFCDIRECTION((0.,0.,1.));
#1793=IFCARBITRARYCLOSEDPROFILEDEF(.AREA.,$,#1791);
#1794=IFCCARTESIANPOINT((0.,0.,0.));
#1795=IFCDIRECTION((0.,0.,1.));
#1796=IFCDIRECTION((1.,0.,0.));
#1797=IFCAXIS2PLACEMENT3D(#1794,#1795,#1796);
#1798=IFCEXTRUDEDAREASOLID(#1793,#1797,#1792,2750.);
#1799=IFCSHAPEREPRESENTATION(#11,'Body','SweptSolid',(#1798));
#1800=IFCPRODUCTDEFINITIONSHAPE($,$,(#1799));
#1806=IFCSTYLEDITEM(#1798,(#19),'Concreto columna');
#1807=IFCCARTESIANPOINT((7750.,7750.,6000.));
#1808=IFCDIRECTION((0.,0.,1.));
#1809=IFCDIRECTION((1.,0.,0.));
#1810=IFCAXIS2PLACEMENT3D(#1807,#1808,#1809);
#1811=IFCLOCALPLACEMENT($,#1810);
#1812=IFCCOLUMN('0nKuManJj6vQssBUEqNdGv',$,'Columna C2C',$,'Columna 50x50',#1834,#1823,'100078',$);
#1813=IFCCARTESIANPOINTLIST2D(((0.,0.),(0.,500.),(500.,500.),(500.,0.),(0.,0.)));
#1814=IFCINDEXEDPOLYCURVE(#1813,$,.F.);
#1815=IFCDIRECTION((0.,0.,1.));
#1816=IFCARBITRARYCLOSEDPROFILEDEF(.AREA.,$,#1814);
#1817=IFCCARTESIANPOINT((0.,0.,0.));
#1818=IFCDIRECTION((0.,0.,1.));
#1819=IFCDIRECTION((1.,0.,0.));
#1820=IFCAXIS2PLACEMENT3D(#1817,#1818,#1819);
#1821=IFCEXTRUDEDAREASOLID(#1816,#1820,#1815,2750.);
#1822=IFCSHAPEREPRESENTATION(#11,'Body','SweptSolid',(#1821));
#1823=IFCPRODUCTDEFINITIONSHAPE($,$,(#1822));
#1829=IFCSTYLEDITEM(#1821,(#19),'Concreto columna');
#1830=IFCCARTESIANPOINT((7750.,15750.,6000.));
#1831=IFCDIRECTION((0.,0.,1.));
#1832=IFCDIRECTION((1.,0.,0.));
#1833=IFCAXIS2PLACEMENT3D(#1830,#1831,#1832);
#1834=IFCLOCALPLACEMENT($,#1833);
#1835=IFCCOLUMN('3x2SOLBmz0bO4xe5i5f3GX',$,'Columna C3A',$,'Columna 50x50',#1857,#1846,'100079',$);
#1836=IFCCARTESIANPOINTLIST2D(((0.,0.),(0.,500.),(500.,500.),(500.,0.),(0.,0.)));
#1837=IFCINDEXEDPOLYCURVE(#1836,$,.F.);
#1838=IFCDIRECTION((0.,0.,1.));
#1839=IFCARBITRARYCLOSEDPROFILEDEF(.AREA.,$,#1837);
#1840=IFCCARTESIANPOINT((0.,0.,0.));
#1841=IFCDIRECTION((0.,0.,1.));
#1842=IFCDIRECTION((1.,0.,0.));
#1843=IFCAXIS2PLACEMENT3D(#1840,#1841,#1842);
#1844=IFCEXTRUDEDAREASOLID(#1839,#1843,#1838,2750.);
#1845=IFCSHAPEREPRESENTATION(#11,'Body','SweptSolid',(#1844));
#1846=IFCPRODUCTDEFINITIONSHAPE($,$,(#1845));
#1852=IFCSTYLEDITEM(#1844,(#19),'Concreto columna');
#1853=IFCCARTESIANPOINT((15750.,-250.,6000.));
#1854=IFCDIRECTION((0.,0.,1.));
#1855=IFCDIRECTION((1.,0.,0.));
#1856=IFCAXIS2PLACEMENT3D(#1853,#1854,#1855);
#1857=IFCLOCALPLACEMENT($,#1856);
#1858=IFCCOLUMN('3APquAK353987hCAfK8zvq',$,'Columna C3B',$,'Columna 50x50',#1880,#1869,'100080',$);
#1859=IFCCARTESIANPOINTLIST2D(((0.,0.),(0.,500.),(500.,500.),(500.,0.),(0.,0.)));
#1860=IFCINDEXEDPOLYCURVE(#1859,$,.F.);
#1861=IFCDIRECTION((0.,0.,1.));
#1862=IFCARBITRARYCLOSEDPROFILEDEF(.AREA.,$,#1860);
#1863=IFCCARTESIANPOINT((0.,0.,0.));
#1864=IFCDIRECTION((0.,0.,1.));
#1865=IFCDIRECTION((1.,0.,0.));
#1866=IFCAXIS2PLACEMENT3D(#1863,#1864,#1865);
#1867=IFCEXTRUDEDAREASOLID(#1862,#1866,#1861,2750.);
#1868=IFCSHAPEREPRESENTATION(#11,'Body','SweptSolid',(#1867));
#1869=IFCPRODUCTDEFINITIONSHAPE($,$,(#1868));
#1875=IFCSTYLEDITEM(#1867,(#19),'Concreto columna');
#1876=IFCCARTESIANPOINT((15750.,7750.,6000.));
#1877=IFCDIRECTION((0.,0.,1.));
#1878=IFCDIRECTION((1.,0.,0.));
#1879=IFCAXIS2PLACEMENT3D(#1876,#1877,#1878);
#1880=IFCLOCALPLACEMENT($,#1879);
#1881=IFCCOLUMN('2QmmyO4EHAIgq19j2q_tOQ',$,'Columna C3C',$,'Columna 50x50',#1903,#1892,'100081',$);
#1882=IFCCARTESIANPOINTLIST2D(((0.,0.),(0.,500.),(500.,500.),(500.,0.),(0.,0.)));
#1883=IFCINDEXEDPOLYCURVE(#1882,$,.F.);
#1884=IFCDIRECTION((0.,0.,1.));
#1885=IFCARBITRARYCLOSEDPROFILEDEF(.AREA.,$,#1883);
#1886=IFCCARTESIANPOINT((0.,0.,0.));
#1887=IFCDIRECTION((0.,0.,1.));
#1888=IFCDIRECTION((1.,0.,0.));
#1889=IFCAXIS2PLACEMENT3D(#1886,#1887,#1888);
#1890=IFCEXTRUDEDAREASOLID(#1885,#1889,#1884,2750.);
#1891=IFCSHAPEREPRESENTATION(#11,'Body','SweptSolid',(#1890));
#1892=IFCPRODUCTDEFINITIONSHAPE($,$,(#1891));
#1898=IFCSTYLEDITEM(#1890,(#19),'Concreto columna');
#1899=IFCCARTESIANPOINT((15750.,15750.,6000.));
#1900=IFCDIRECTION((0.,0.,1.));
#1901=IFCDIRECTION((1.,0.,0.));
#1902=IFCAXIS2PLACEMENT3D(#1899,#1900,#1901);
#1903=IFCLOCALPLACEMENT($,#1902);
#1904=IFCCOLUMN('03e6oT6Z96lxxKUuqOOC7M',$,'Columna C4A',$,'Columna 50x50',#1926,#1915,'100082',$);
#1905=IFCCARTESIANPOINTLIST2D(((0.,0.),(0.,500.),(500.,500.),(500.,0.),(0.,0.)));
#1906=IFCINDEXEDPOLYCURVE(#1905,$,.F.);
#1907=IFCDIRECTION((0.,0.,1.));
#1908=IFCARBITRARYCLOSEDPROFILEDEF(.AREA.,$,#1906);
#1909=IFCCARTESIANPOINT((0.,0.,0.));
#1910=IFCDIRECTION((0.,0.,1.));
#1911=IFCDIRECTION((1.,0.,0.));
#1912=IFCAXIS2PLACEMENT3D(#1909,#1910,#1911);
#1913=IFCEXTRUDEDAREASOLID(#1908,#1912,#1907,2750.);
#1914=IFCSHAPEREPRESENTATION(#11,'Body','SweptSolid',(#1913));
#1915=IFCPRODUCTDEFINITIONSHAPE($,$,(#1914));
#1921=IFCSTYLEDITEM(#1913,(#19),'Concreto columna');
#1922=IFCCARTESIANPOINT((23750.,-250.,6000.));
#1923=IFCDIRECTION((0.,0.,1.));
#1924=IFCDIRECTION((1.,0.,0.));
#1925=IFCAXIS2PLACEMENT3D(#1922,#1923,#1924);
#1926=IFCLOCALPLACEMENT($,#1925);
#1927=IFCCOLUMN('0Fx4_$RDnFVwAc2sasPtYh',$,'Columna C4B',$,'Columna 50x50',#1949,#1938,'100083',$);
#1928=IFCCARTESIANPOINTLIST2D(((0.,0.),(0.,500.),(500.,500.),(500.,0.),(0.,0.)));
#1929=IFCINDEXEDPOLYCURVE(#1928,$,.F.);
#1930=IFCDIRECTION((0.,0.,1.));
#1931=IFCARBITRARYCLOSEDPROFILEDEF(.AREA.,$,#1929);
#1932=IFCCARTESIANPOINT((0.,0.,0.));
#1933=IFCDIRECTION((0.,0.,1.));
#1934=IFCDIRECTION((1.,0.,0.));
#1935=IFCAXIS2PLACEMENT3D(#1932,#1933,#1934);
#1936=IFCEXTRUDEDAREASOLID(#1931,#1935,#1930,2750.);
#1937=IFCSHAPEREPRESENTATION(#11,'Body','SweptSolid',(#1936));
#1938=IFCPRODUCTDEFINITIONSHAPE($,$,(#1937));
#1944=IFCSTYLEDITEM(#1936,(#19),'Concreto columna');
#1945=IFCCARTESIANPOINT((23750.,7750.,6000.));
#1946=IFCDIRECTION((0.,0.,1.));
#1947=IFCDIRECTION((1.,0.,0.));
#1948=IFCAXIS2PLACEMENT3D(#1945,#1946,#1947);
#1949=IFCLOCALPLACEMENT($,#1948);
#1950=IFCCOLUMN('350W0Is812nu7Kasw6O_KN',$,'Columna C4C',$,'Columna 50x50',#1972,#1961,'100084',$);
#1951=IFCCARTESIANPOINTLIST2D(((0.,0.),(0.,500.),(500.,500.),(500.,0.),(0.,0.)));
#1952=IFCINDEXEDPOLYCURVE(#1951,$,.F.);
#1953=IFCDIRECTION((0.,0.,1.));
#1954=IFCARBITRARYCLOSEDPROFILEDEF(.AREA.,$,#1952);
#1955=IFCCARTESIANPOINT((0.,0.,0.));
#1956=IFCDIRECTION((0.,0.,1.));
#1957=IFCDIRECTION((1.,0.,0.));
#1958=IFCAXIS2PLACEMENT3D(#1955,#1956,#1957);
#1959=IFCEXTRUDEDAREASOLID(#1954,#1958,#1953,2750.);
#1960=IFCSHAPEREPRESENTATION(#11,'Body','SweptSolid',(#1959));
#1961=IFCPRODUCTDEFINITIONSHAPE($,$,(#1960));
#1967=IFCSTYLEDITEM(#1959,(#19),'Concreto columna');
#1968=IFCCARTESIANPOINT((23750.,15750.,6000.));
#1969=IFCDIRECTION((0.,0.,1.));
#1970=IFCDIRECTION((1.,0.,0.));
#1971=IFCAXIS2PLACEMENT3D(#1968,#1969,#1970);
#1972=IFCLOCALPLACEMENT($,#1971);
#1973=IFCSLAB('1ATZSqIov2zPhnyklGlLxP',$,'Placa piso 04',$,'Placa maciza e=25',#1995,#1984,'100085',$);
#1974=IFCCARTESIANPOINTLIST2D(((0.,0.),(0.,16600.),(24600.,16600.),(24600.,0.),(0.,0.)));
#1975=IFCINDEXEDPOLYCURVE(#1974,$,.F.);
#1976=IFCDIRECTION((0.,0.,1.));
#1977=IFCARBITRARYCLOSEDPROFILEDEF(.AREA.,$,#1975);
#1978=IFCCARTESIANPOINT((0.,0.,0.));
#1979=IFCDIRECTION((0.,0.,1.));
#1980=IFCDIRECTION((1.,0.,0.));
#1981=IFCAXIS2PLACEMENT3D(#1978,#1979,#1980);
#1982=IFCEXTRUDEDAREASOLID(#1977,#1981,#1976,250.);
#1983=IFCSHAPEREPRESENTATION(#11,'Body','SweptSolid',(#1982));
#1984=IFCPRODUCTDEFINITIONSHAPE($,$,(#1983));
#1990=IFCSTYLEDITEM(#1982,(#16),'Concreto');
#1991=IFCCARTESIANPOINT((-300.,-300.,8750.));
#1992=IFCDIRECTION((0.,0.,1.));
#1993=IFCDIRECTION((1.,0.,0.));
#1994=IFCAXIS2PLACEMENT3D(#1991,#1992,#1993);
#1995=IFCLOCALPLACEMENT($,#1994);
#1996=IFCWALL('2OrgynN1HASP_CFkN$msbK',$,'Muro n\X2\00FA\X0\cleo',$,'Muro concreto e=20',#2018,#2007,'100086',$);
#1997=IFCCARTESIANPOINTLIST2D(((0.,0.),(0.,4000.),(4000.,4000.),(4000.,0.),(0.,0.)));
#1998=IFCINDEXEDPOLYCURVE(#1997,$,.F.);
#1999=IFCDIRECTION((0.,0.,1.));
#2000=IFCARBITRARYCLOSEDPROFILEDEF(.AREA.,$,#1998);
#2001=IFCCARTESIANPOINT((0.,0.,0.));
#2002=IFCDIRECTION((0.,0.,1.));
#2003=IFCDIRECTION((1.,0.,0.));
#2004=IFCAXIS2PLACEMENT3D(#2001,#2002,#2003);
#2005=IFCEXTRUDEDAREASOLID(#2000,#2004,#1999,2750.);
#2006=IFCSHAPEREPRESENTATION(#11,'Body','SweptSolid',(#2005));
#2007=IFCPRODUCTDEFINITIONSHAPE($,$,(#2006));
#2013=IFCSTYLEDITEM(#2005,(#31),'N\X2\00FA\X0\cleo');
#2014=IFCCARTESIANPOINT((10000.,6000.,6000.));
#2015=IFCDIRECTION((0.,0.,1.));
#2016=IFCDIRECTION((1.,0.,0.));
#2017=IFCAXIS2PLACEMENT3D(#2014,#2015,#2016);
#2018=IFCLOCALPLACEMENT($,#2017);
#2019=IFCWALL('1Gg7Yvqjn9Eguq14l0lAjA',$,'Muro fachada sur',$,'Mamposter\X2\00ED\X0\a e=20',#2041,#2030,'100087',$);
#2020=IFCCARTESIANPOINTLIST2D(((0.,0.),(0.,200.),(7500.,200.),(7500.,0.),(0.,0.)));
#2021=IFCINDEXEDPOLYCURVE(#2020,$,.F.);
#2022=IFCDIRECTION((0.,0.,1.));
#2023=IFCARBITRARYCLOSEDPROFILEDEF(.AREA.,$,#2021);
#2024=IFCCARTESIANPOINT((0.,0.,0.));
#2025=IFCDIRECTION((0.,0.,1.));
#2026=IFCDIRECTION((1.,0.,0.));
#2027=IFCAXIS2PLACEMENT3D(#2024,#2025,#2026);
#2028=IFCEXTRUDEDAREASOLID(#2023,#2027,#2022,900.);
#2029=IFCSHAPEREPRESENTATION(#11,'Body','SweptSolid',(#2028));
#2030=IFCPRODUCTDEFINITIONSHAPE($,$,(#2029));
#2036=IFCSTYLEDITEM(#2028,(#25),'Fachada');
#2037=IFCCARTESIANPOINT((250.,-100.,6000.));
#2038=IFCDIRECTION((0.,0.,1.));
#2039=IFCDIRECTION((1.,0.,0.));
#2040=IFCAXIS2PLACEMENT3D(#2037,#2038,#2039);
#2041=IFCLOCALPLACEMENT($,#2040);
#2042=IFCWINDOW('3Gazx1qV1BxOJnglTTVSD5',$,'Ventana sur',$,'Ventana piso-techo',#2064,#2053,'100088',$,$,$,$,$);
#2043=IFCCARTESIANPOINTLIST2D(((0.,0.),(0.,100.),(7099.9999999999991,100.),(7099.9999999999991,0.),(0.,0.)));
#2044=IFCINDEXEDPOLYCURVE(#2043,$,.F.);
#2045=IFCDIRECTION((0.,0.,1.));
#2046=IFCARBITRARYCLOSEDPROFILEDEF(.AREA.,$,#2044);
#2047=IFCCARTESIANPOINT((0.,0.,0.));
#2048=IFCDIRECTION((0.,0.,1.));
#2049=IFCDIRECTION((1.,0.,0.));
#2050=IFCAXIS2PLACEMENT3D(#2047,#2048,#2049);
#2051=IFCEXTRUDEDAREASOLID(#2046,#2050,#2045,1800.);
#2052=IFCSHAPEREPRESENTATION(#11,'Body','SweptSolid',(#2051));
#2053=IFCPRODUCTDEFINITIONSHAPE($,$,(#2052));
#2059=IFCSTYLEDITEM(#2051,(#28),'Vidrio');
#2060=IFCCARTESIANPOINT((450.,-50.,6900.));
#2061=IFCDIRECTION((0.,0.,1.));
#2062=IFCDIRECTION((1.,0.,0.));
#2063=IFCAXIS2PLACEMENT3D(#2060,#2061,#2062);
#2064=IFCLOCALPLACEMENT($,#2063);
#2065=IFCWALL('1JoKbfSzX13hba9TwnvJ9o',$,'Dintel sur',$,$,#2087,#2076,'100089',$);
#2066=IFCCARTESIANPOINTLIST2D(((0.,0.),(0.,200.),(7500.,200.),(7500.,0.),(0.,0.)));
#2067=IFCINDEXEDPOLYCURVE(#2066,$,.F.);
#2068=IFCDIRECTION((0.,0.,1.));
#2069=IFCARBITRARYCLOSEDPROFILEDEF(.AREA.,$,#2067);
#2070=IFCCARTESIANPOINT((0.,0.,0.));
#2071=IFCDIRECTION((0.,0.,1.));
#2072=IFCDIRECTION((1.,0.,0.));
#2073=IFCAXIS2PLACEMENT3D(#2070,#2071,#2072);
#2074=IFCEXTRUDEDAREASOLID(#2069,#2073,#2068,50.);
#2075=IFCSHAPEREPRESENTATION(#11,'Body','SweptSolid',(#2074));
#2076=IFCPRODUCTDEFINITIONSHAPE($,$,(#2075));
#2082=IFCSTYLEDITEM(#2074,(#25),'Fachada');
#2083=IFCCARTESIANPOINT((250.,-100.,8700.));
#2084=IFCDIRECTION((0.,0.,1.));
#2085=IFCDIRECTION((1.,0.,0.));
#2086=IFCAXIS2PLACEMENT3D(#2083,#2084,#2085);
#2087=IFCLOCALPLACEMENT($,#2086);
#2088=IFCWALL('0ftp0$iVvE7errEH$NC8_e',$,'Muro fachada norte',$,'Mamposter\X2\00ED\X0\a e=20',#2110,#2099,'100090',$);
#2089=IFCCARTESIANPOINTLIST2D(((0.,0.),(0.,200.),(7500.,200.),(7500.,0.),(0.,0.)));
#2090=IFCINDEXEDPOLYCURVE(#2089,$,.F.);
#2091=IFCDIRECTION((0.,0.,1.));
#2092=IFCARBITRARYCLOSEDPROFILEDEF(.AREA.,$,#2090);
#2093=IFCCARTESIANPOINT((0.,0.,0.));
#2094=IFCDIRECTION((0.,0.,1.));
#2095=IFCDIRECTION((1.,0.,0.));
#2096=IFCAXIS2PLACEMENT3D(#2093,#2094,#2095);
#2097=IFCEXTRUDEDAREASOLID(#2092,#2096,#2091,900.);
#2098=IFCSHAPEREPRESENTATION(#11,'Body','SweptSolid',(#2097));
#2099=IFCPRODUCTDEFINITIONSHAPE($,$,(#2098));
#2105=IFCSTYLEDITEM(#2097,(#25),'Fachada');
#2106=IFCCARTESIANPOINT((250.,15900.,6000.));
#2107=IFCDIRECTION((0.,0.,1.));
#2108=IFCDIRECTION((1.,0.,0.));
#2109=IFCAXIS2PLACEMENT3D(#2106,#2107,#2108);
#2110=IFCLOCALPLACEMENT($,#2109);
#2111=IFCWINDOW('1vSn45SLr9UAghFiNX4Sys',$,'Ventana norte',$,'Ventana piso-techo',#2133,#2122,'100091',$,$,$,$,$);
#2112=IFCCARTESIANPOINTLIST2D(((0.,0.),(0.,100.),(7099.9999999999991,100.),(7099.9999999999991,0.),(0.,0.)));
#2113=IFCINDEXEDPOLYCURVE(#2112,$,.F.);
#2114=IFCDIRECTION((0.,0.,1.));
#2115=IFCARBITRARYCLOSEDPROFILEDEF(.AREA.,$,#2113);
#2116=IFCCARTESIANPOINT((0.,0.,0.));
#2117=IFCDIRECTION((0.,0.,1.));
#2118=IFCDIRECTION((1.,0.,0.));
#2119=IFCAXIS2PLACEMENT3D(#2116,#2117,#2118);
#2120=IFCEXTRUDEDAREASOLID(#2115,#2119,#2114,1800.);
#2121=IFCSHAPEREPRESENTATION(#11,'Body','SweptSolid',(#2120));
#2122=IFCPRODUCTDEFINITIONSHAPE($,$,(#2121));
#2128=IFCSTYLEDITEM(#2120,(#28),'Vidrio');
#2129=IFCCARTESIANPOINT((450.,15950.,6900.));
#2130=IFCDIRECTION((0.,0.,1.));
#2131=IFCDIRECTION((1.,0.,0.));
#2132=IFCAXIS2PLACEMENT3D(#2129,#2130,#2131);
#2133=IFCLOCALPLACEMENT($,#2132);
#2134=IFCWALL('3z2qkfBujCn8oR4_Y5a4Yt',$,'Dintel norte',$,$,#2156,#2145,'100092',$);
#2135=IFCCARTESIANPOINTLIST2D(((0.,0.),(0.,200.),(7500.,200.),(7500.,0.),(0.,0.)));
#2136=IFCINDEXEDPOLYCURVE(#2135,$,.F.);
#2137=IFCDIRECTION((0.,0.,1.));
#2138=IFCARBITRARYCLOSEDPROFILEDEF(.AREA.,$,#2136);
#2139=IFCCARTESIANPOINT((0.,0.,0.));
#2140=IFCDIRECTION((0.,0.,1.));
#2141=IFCDIRECTION((1.,0.,0.));
#2142=IFCAXIS2PLACEMENT3D(#2139,#2140,#2141);
#2143=IFCEXTRUDEDAREASOLID(#2138,#2142,#2137,50.);
#2144=IFCSHAPEREPRESENTATION(#11,'Body','SweptSolid',(#2143));
#2145=IFCPRODUCTDEFINITIONSHAPE($,$,(#2144));
#2151=IFCSTYLEDITEM(#2143,(#25),'Fachada');
#2152=IFCCARTESIANPOINT((250.,15900.,8700.));
#2153=IFCDIRECTION((0.,0.,1.));
#2154=IFCDIRECTION((1.,0.,0.));
#2155=IFCAXIS2PLACEMENT3D(#2152,#2153,#2154);
#2156=IFCLOCALPLACEMENT($,#2155);
#2157=IFCWALL('3mscQvtf9EPgXp3UJHQz0r',$,'Muro fachada sur',$,'Mamposter\X2\00ED\X0\a e=20',#2179,#2168,'100093',$);
#2158=IFCCARTESIANPOINTLIST2D(((0.,0.),(0.,200.),(7500.,200.),(7500.,0.),(0.,0.)));
#2159=IFCINDEXEDPOLYCURVE(#2158,$,.F.);
#2160=IFCDIRECTION((0.,0.,1.));
#2161=IFCARBITRARYCLOSEDPROFILEDEF(.AREA.,$,#2159);
#2162=IFCCARTESIANPOINT((0.,0.,0.));
#2163=IFCDIRECTION((0.,0.,1.));
#2164=IFCDIRECTION((1.,0.,0.));
#2165=IFCAXIS2PLACEMENT3D(#2162,#2163,#2164);
#2166=IFCEXTRUDEDAREASOLID(#2161,#2165,#2160,900.);
#2167=IFCSHAPEREPRESENTATION(#11,'Body','SweptSolid',(#2166));
#2168=IFCPRODUCTDEFINITIONSHAPE($,$,(#2167));
#2174=IFCSTYLEDITEM(#2166,(#25),'Fachada');
#2175=IFCCARTESIANPOINT((8250.,-100.,6000.));
#2176=IFCDIRECTION((0.,0.,1.));
#2177=IFCDIRECTION((1.,0.,0.));
#2178=IFCAXIS2PLACEMENT3D(#2175,#2176,#2177);
#2179=IFCLOCALPLACEMENT($,#2178);
#2180=IFCWINDOW('2dTupadGj7vOMruLtS7nx3',$,'Ventana sur',$,'Ventana piso-techo',#2202,#2191,'100094',$,$,$,$,$);
#2181=IFCCARTESIANPOINTLIST2D(((0.,0.),(0.,100.),(7099.9999999999991,100.),(7099.9999999999991,0.),(0.,0.)));
#2182=IFCINDEXEDPOLYCURVE(#2181,$,.F.);
#2183=IFCDIRECTION((0.,0.,1.));
#2184=IFCARBITRARYCLOSEDPROFILEDEF(.AREA.,$,#2182);
#2185=IFCCARTESIANPOINT((0.,0.,0.));
#2186=IFCDIRECTION((0.,0.,1.));
#2187=IFCDIRECTION((1.,0.,0.));
#2188=IFCAXIS2PLACEMENT3D(#2185,#2186,#2187);
#2189=IFCEXTRUDEDAREASOLID(#2184,#2188,#2183,1800.);
#2190=IFCSHAPEREPRESENTATION(#11,'Body','SweptSolid',(#2189));
#2191=IFCPRODUCTDEFINITIONSHAPE($,$,(#2190));
#2197=IFCSTYLEDITEM(#2189,(#28),'Vidrio');
#2198=IFCCARTESIANPOINT((8450.,-50.,6900.));
#2199=IFCDIRECTION((0.,0.,1.));
#2200=IFCDIRECTION((1.,0.,0.));
#2201=IFCAXIS2PLACEMENT3D(#2198,#2199,#2200);
#2202=IFCLOCALPLACEMENT($,#2201);
#2203=IFCWALL('2wmre0PCf2z8cJ3Dvlj9A_',$,'Dintel sur',$,$,#2225,#2214,'100095',$);
#2204=IFCCARTESIANPOINTLIST2D(((0.,0.),(0.,200.),(7500.,200.),(7500.,0.),(0.,0.)));
#2205=IFCINDEXEDPOLYCURVE(#2204,$,.F.);
#2206=IFCDIRECTION((0.,0.,1.));
#2207=IFCARBITRARYCLOSEDPROFILEDEF(.AREA.,$,#2205);
#2208=IFCCARTESIANPOINT((0.,0.,0.));
#2209=IFCDIRECTION((0.,0.,1.));
#2210=IFCDIRECTION((1.,0.,0.));
#2211=IFCAXIS2PLACEMENT3D(#2208,#2209,#2210);
#2212=IFCEXTRUDEDAREASOLID(#2207,#2211,#2206,50.);
#2213=IFCSHAPEREPRESENTATION(#11,'Body','SweptSolid',(#2212));
#2214=IFCPRODUCTDEFINITIONSHAPE($,$,(#2213));
#2220=IFCSTYLEDITEM(#2212,(#25),'Fachada');
#2221=IFCCARTESIANPOINT((8250.,-100.,8700.));
#2222=IFCDIRECTION((0.,0.,1.));
#2223=IFCDIRECTION((1.,0.,0.));
#2224=IFCAXIS2PLACEMENT3D(#2221,#2222,#2223);
#2225=IFCLOCALPLACEMENT($,#2224);
#2226=IFCWALL('3qV_re2HnEgv1oU3yfd6gf',$,'Muro fachada norte',$,'Mamposter\X2\00ED\X0\a e=20',#2248,#2237,'100096',$);
#2227=IFCCARTESIANPOINTLIST2D(((0.,0.),(0.,200.),(7500.,200.),(7500.,0.),(0.,0.)));
#2228=IFCINDEXEDPOLYCURVE(#2227,$,.F.);
#2229=IFCDIRECTION((0.,0.,1.));
#2230=IFCARBITRARYCLOSEDPROFILEDEF(.AREA.,$,#2228);
#2231=IFCCARTESIANPOINT((0.,0.,0.));
#2232=IFCDIRECTION((0.,0.,1.));
#2233=IFCDIRECTION((1.,0.,0.));
#2234=IFCAXIS2PLACEMENT3D(#2231,#2232,#2233);
#2235=IFCEXTRUDEDAREASOLID(#2230,#2234,#2229,900.);
#2236=IFCSHAPEREPRESENTATION(#11,'Body','SweptSolid',(#2235));
#2237=IFCPRODUCTDEFINITIONSHAPE($,$,(#2236));
#2243=IFCSTYLEDITEM(#2235,(#25),'Fachada');
#2244=IFCCARTESIANPOINT((8250.,15900.,6000.));
#2245=IFCDIRECTION((0.,0.,1.));
#2246=IFCDIRECTION((1.,0.,0.));
#2247=IFCAXIS2PLACEMENT3D(#2244,#2245,#2246);
#2248=IFCLOCALPLACEMENT($,#2247);
#2249=IFCWINDOW('3_akD$1iPBFBxQIMyiJJVJ',$,'Ventana norte',$,'Ventana piso-techo',#2271,#2260,'100097',$,$,$,$,$);
#2250=IFCCARTESIANPOINTLIST2D(((0.,0.),(0.,100.),(7099.9999999999991,100.),(7099.9999999999991,0.),(0.,0.)));
#2251=IFCINDEXEDPOLYCURVE(#2250,$,.F.);
#2252=IFCDIRECTION((0.,0.,1.));
#2253=IFCARBITRARYCLOSEDPROFILEDEF(.AREA.,$,#2251);
#2254=IFCCARTESIANPOINT((0.,0.,0.));
#2255=IFCDIRECTION((0.,0.,1.));
#2256=IFCDIRECTION((1.,0.,0.));
#2257=IFCAXIS2PLACEMENT3D(#2254,#2255,#2256);
#2258=IFCEXTRUDEDAREASOLID(#2253,#2257,#2252,1800.);
#2259=IFCSHAPEREPRESENTATION(#11,'Body','SweptSolid',(#2258));
#2260=IFCPRODUCTDEFINITIONSHAPE($,$,(#2259));
#2266=IFCSTYLEDITEM(#2258,(#28),'Vidrio');
#2267=IFCCARTESIANPOINT((8450.,15950.,6900.));
#2268=IFCDIRECTION((0.,0.,1.));
#2269=IFCDIRECTION((1.,0.,0.));
#2270=IFCAXIS2PLACEMENT3D(#2267,#2268,#2269);
#2271=IFCLOCALPLACEMENT($,#2270);
#2272=IFCWALL('1cmg9wTvP4Dxft33EVU6iK',$,'Dintel norte',$,$,#2294,#2283,'100098',$);
#2273=IFCCARTESIANPOINTLIST2D(((0.,0.),(0.,200.),(7500.,200.),(7500.,0.),(0.,0.)));
#2274=IFCINDEXEDPOLYCURVE(#2273,$,.F.);
#2275=IFCDIRECTION((0.,0.,1.));
#2276=IFCARBITRARYCLOSEDPROFILEDEF(.AREA.,$,#2274);
#2277=IFCCARTESIANPOINT((0.,0.,0.));
#2278=IFCDIRECTION((0.,0.,1.));
#2279=IFCDIRECTION((1.,0.,0.));
#2280=IFCAXIS2PLACEMENT3D(#2277,#2278,#2279);
#2281=IFCEXTRUDEDAREASOLID(#2276,#2280,#2275,50.);
#2282=IFCSHAPEREPRESENTATION(#11,'Body','SweptSolid',(#2281));
#2283=IFCPRODUCTDEFINITIONSHAPE($,$,(#2282));
#2289=IFCSTYLEDITEM(#2281,(#25),'Fachada');
#2290=IFCCARTESIANPOINT((8250.,15900.,8700.));
#2291=IFCDIRECTION((0.,0.,1.));
#2292=IFCDIRECTION((1.,0.,0.));
#2293=IFCAXIS2PLACEMENT3D(#2290,#2291,#2292);
#2294=IFCLOCALPLACEMENT($,#2293);
#2295=IFCWALL('0PMfzFvpL8Mu8mJ2ZEvTzR',$,'Muro fachada sur',$,'Mamposter\X2\00ED\X0\a e=20',#2317,#2306,'100099',$);
#2296=IFCCARTESIANPOINTLIST2D(((0.,0.),(0.,200.),(7500.,200.),(7500.,0.),(0.,0.)));
#2297=IFCINDEXEDPOLYCURVE(#2296,$,.F.);
#2298=IFCDIRECTION((0.,0.,1.));
#2299=IFCARBITRARYCLOSEDPROFILEDEF(.AREA.,$,#2297);
#2300=IFCCARTESIANPOINT((0.,0.,0.));
#2301=IFCDIRECTION((0.,0.,1.));
#2302=IFCDIRECTION((1.,0.,0.));
#2303=IFCAXIS2PLACEMENT3D(#2300,#2301,#2302);
#2304=IFCEXTRUDEDAREASOLID(#2299,#2303,#2298,900.);
#2305=IFCSHAPEREPRESENTATION(#11,'Body','SweptSolid',(#2304));
#2306=IFCPRODUCTDEFINITIONSHAPE($,$,(#2305));
#2312=IFCSTYLEDITEM(#2304,(#25),'Fachada');
#2313=IFCCARTESIANPOINT((16250.,-100.,6000.));
#2314=IFCDIRECTION((0.,0.,1.));
#2315=IFCDIRECTION((1.,0.,0.));
#2316=IFCAXIS2PLACEMENT3D(#2313,#2314,#2315);
#2317=IFCLOCALPLACEMENT($,#2316);
#2318=IFCWINDOW('2nj8$2DnTBuAOn8Otj$2VO',$,'Ventana sur',$,'Ventana piso-techo',#2340,#2329,'100100',$,$,$,$,$);
#2319=IFCCARTESIANPOINTLIST2D(((0.,0.),(0.,100.),(7099.9999999999991,100.),(7099.9999999999991,0.),(0.,0.)));
#2320=IFCINDEXEDPOLYCURVE(#2319,$,.F.);
#2321=IFCDIRECTION((0.,0.,1.));
#2322=IFCARBITRARYCLOSEDPROFILEDEF(.AREA.,$,#2320);
#2323=IFCCARTESIANPOINT((0.,0.,0.));
#2324=IFCDIRECTION((0.,0.,1.));
#2325=IFCDIRECTION((1.,0.,0.));
#2326=IFCAXIS2PLACEMENT3D(#2323,#2324,#2325);
#2327=IFCEXTRUDEDAREASOLID(#2322,#2326,#2321,1800.);
#2328=IFCSHAPEREPRESENTATION(#11,'Body','SweptSolid',(#2327));
#2329=IFCPRODUCTDEFINITIONSHAPE($,$,(#2328));
#2335=IFCSTYLEDITEM(#2327,(#28),'Vidrio');
#2336=IFCCARTESIANPOINT((16450.,-50.,6900.));
#2337=IFCDIRECTION((0.,0.,1.));
#2338=IFCDIRECTION((1.,0.,0.));
#2339=IFCAXIS2PLACEMENT3D(#2336,#2337,#2338);
#2340=IFCLOCALPLACEMENT($,#2339);
#2341=IFCWALL('1yXCa2LkDA4h5WTDTyvgs2',$,'Dintel sur',$,$,#2363,#2352,'100101',$);
#2342=IFCCARTESIANPOINTLIST2D(((0.,0.),(0.,200.),(7500.,200.),(7500.,0.),(0.,0.)));
#2343=IFCINDEXEDPOLYCURVE(#2342,$,.F.);
#2344=IFCDIRECTION((0.,0.,1.));
#2345=IFCARBITRARYCLOSEDPROFILEDEF(.AREA.,$,#2343);
#2346=IFCCARTESIANPOINT((0.,0.,0.));
#2347=IFCDIRECTION((0.,0.,1.));
#2348=IFCDIRECTION((1.,0.,0.));
#2349=IFCAXIS2PLACEMENT3D(#2346,#2347,#2348);
#2350=IFCEXTRUDEDAREASOLID(#2345,#2349,#2344,50.);
#2351=IFCSHAPEREPRESENTATION(#11,'Body','SweptSolid',(#2350));
#2352=IFCPRODUCTDEFINITIONSHAPE($,$,(#2351));
#2358=IFCSTYLEDITEM(#2350,(#25),'Fachada');
#2359=IFCCARTESIANPOINT((16250.,-100.,8700.));
#2360=IFCDIRECTION((0.,0.,1.));
#2361=IFCDIRECTION((1.,0.,0.));
#2362=IFCAXIS2PLACEMENT3D(#2359,#2360,#2361);
#2363=IFCLOCALPLACEMENT($,#2362);
#2364=IFCWALL('0SIUnrdlDFCwR0Q$jpN1IW',$,'Muro fachada norte',$,'Mamposter\X2\00ED\X0\a e=20',#2386,#2375,'100102',$);
#2365=IFCCARTESIANPOINTLIST2D(((0.,0.),(0.,200.),(7500.,200.),(7500.,0.),(0.,0.)));
#2366=IFCINDEXEDPOLYCURVE(#2365,$,.F.);
#2367=IFCDIRECTION((0.,0.,1.));
#2368=IFCARBITRARYCLOSEDPROFILEDEF(.AREA.,$,#2366);
#2369=IFCCARTESIANPOINT((0.,0.,0.));
#2370=IFCDIRECTION((0.,0.,1.));
#2371=IFCDIRECTION((1.,0.,0.));
#2372=IFCAXIS2PLACEMENT3D(#2369,#2370,#2371);
#2373=IFCEXTRUDEDAREASOLID(#2368,#2372,#2367,900.);
#2374=IFCSHAPEREPRESENTATION(#11,'Body','SweptSolid',(#2373));
#2375=IFCPRODUCTDEFINITIONSHAPE($,$,(#2374));
#2381=IFCSTYLEDITEM(#2373,(#25),'Fachada');
#2382=IFCCARTESIANPOINT((16250.,15900.,6000.));
#2383=IFCDIRECTION((0.,0.,1.));
#2384=IFCDIRECTION((1.,0.,0.));
#2385=IFCAXIS2PLACEMENT3D(#2382,#2383,#2384);
#2386=IFCLOCALPLACEMENT($,#2385);
#2387=IFCWINDOW('344JTUskP1dgTi53Qz7wS4',$,'Ventana norte',$,'Ventana piso-techo',#2409,#2398,'100103',$,$,$,$,$);
#2388=IFCCARTESIANPOINTLIST2D(((0.,0.),(0.,100.),(7099.9999999999991,100.),(7099.9999999999991,0.),(0.,0.)));
#2389=IFCINDEXEDPOLYCURVE(#2388,$,.F.);
#2390=IFCDIRECTION((0.,0.,1.));
#2391=IFCARBITRARYCLOSEDPROFILEDEF(.AREA.,$,#2389);
#2392=IFCCARTESIANPOINT((0.,0.,0.));
#2393=IFCDIRECTION((0.,0.,1.));
#2394=IFCDIRECTION((1.,0.,0.));
#2395=IFCAXIS2PLACEMENT3D(#2392,#2393,#2394);
#2396=IFCEXTRUDEDAREASOLID(#2391,#2395,#2390,1800.);
#2397=IFCSHAPEREPRESENTATION(#11,'Body','SweptSolid',(#2396));
#2398=IFCPRODUCTDEFINITIONSHAPE($,$,(#2397));
#2404=IFCSTYLEDITEM(#2396,(#28),'Vidrio');
#2405=IFCCARTESIANPOINT((16450.,15950.,6900.));
#2406=IFCDIRECTION((0.,0.,1.));
#2407=IFCDIRECTION((1.,0.,0.));
#2408=IFCAXIS2PLACEMENT3D(#2405,#2406,#2407);
#2409=IFCLOCALPLACEMENT($,#2408);
#2410=IFCWALL('1lG_9nKPbBMBNVoQqMx6Bo',$,'Dintel norte',$,$,#2432,#2421,'100104',$);
#2411=IFCCARTESIANPOINTLIST2D(((0.,0.),(0.,200.),(7500.,200.),(7500.,0.),(0.,0.)));
#2412=IFCINDEXEDPOLYCURVE(#2411,$,.F.);
#2413=IFCDIRECTION((0.,0.,1.));
#2414=IFCARBITRARYCLOSEDPROFILEDEF(.AREA.,$,#2412);
#2415=IFCCARTESIANPOINT((0.,0.,0.));
#2416=IFCDIRECTION((0.,0.,1.));
#2417=IFCDIRECTION((1.,0.,0.));
#2418=IFCAXIS2PLACEMENT3D(#2415,#2416,#2417);
#2419=IFCEXTRUDEDAREASOLID(#2414,#2418,#2413,50.);
#2420=IFCSHAPEREPRESENTATION(#11,'Body','SweptSolid',(#2419));
#2421=IFCPRODUCTDEFINITIONSHAPE($,$,(#2420));
#2427=IFCSTYLEDITEM(#2419,(#25),'Fachada');
#2428=IFCCARTESIANPOINT((16250.,15900.,8700.));
#2429=IFCDIRECTION((0.,0.,1.));
#2430=IFCDIRECTION((1.,0.,0.));
#2431=IFCAXIS2PLACEMENT3D(#2428,#2429,#2430);
#2432=IFCLOCALPLACEMENT($,#2431);
#2433=IFCWALL('2D3zRnaSn0vfiznA46bHd_',$,'Muro fachada occidente',$,'Mamposter\X2\00ED\X0\a e=20',#2455,#2444,'100105',$);
#2434=IFCCARTESIANPOINTLIST2D(((0.,0.),(0.,7500.),(200.,7500.),(200.,0.),(0.,0.)));
#2435=IFCINDEXEDPOLYCURVE(#2434,$,.F.);
#2436=IFCDIRECTION((0.,0.,1.));
#2437=IFCARBITRARYCLOSEDPROFILEDEF(.AREA.,$,#2435);
#2438=IFCCARTESIANPOINT((0.,0.,0.));
#2439=IFCDIRECTION((0.,0.,1.));
#2440=IFCDIRECTION((1.,0.,0.));
#2441=IFCAXIS2PLACEMENT3D(#2438,#2439,#2440);
#2442=IFCEXTRUDEDAREASOLID(#2437,#2441,#2436,2750.);
#2443=IFCSHAPEREPRESENTATION(#11,'Body','SweptSolid',(#2442));
#2444=IFCPRODUCTDEFINITIONSHAPE($,$,(#2443));
#2450=IFCSTYLEDITEM(#2442,(#25),'Fachada');
#2451=IFCCARTESIANPOINT((-100.,250.,6000.));
#2452=IFCDIRECTION((0.,0.,1.));
#2453=IFCDIRECTION((1.,0.,0.));
#2454=IFCAXIS2PLACEMENT3D(#2451,#2452,#2453);
#2455=IFCLOCALPLACEMENT($,#2454);
#2456=IFCWALL('2Q2Kuw9jz2rhM2254N5754',$,'Muro fachada oriente',$,'Mamposter\X2\00ED\X0\a e=20',#2478,#2467,'100106',$);
#2457=IFCCARTESIANPOINTLIST2D(((0.,0.),(0.,7500.),(200.,7500.),(200.,0.),(0.,0.)));
#2458=IFCINDEXEDPOLYCURVE(#2457,$,.F.);
#2459=IFCDIRECTION((0.,0.,1.));
#2460=IFCARBITRARYCLOSEDPROFILEDEF(.AREA.,$,#2458);
#2461=IFCCARTESIANPOINT((0.,0.,0.));
#2462=IFCDIRECTION((0.,0.,1.));
#2463=IFCDIRECTION((1.,0.,0.));
#2464=IFCAXIS2PLACEMENT3D(#2461,#2462,#2463);
#2465=IFCEXTRUDEDAREASOLID(#2460,#2464,#2459,2750.);
#2466=IFCSHAPEREPRESENTATION(#11,'Body','SweptSolid',(#2465));
#2467=IFCPRODUCTDEFINITIONSHAPE($,$,(#2466));
#2473=IFCSTYLEDITEM(#2465,(#25),'Fachada');
#2474=IFCCARTESIANPOINT((23899.999999999996,250.,6000.));
#2475=IFCDIRECTION((0.,0.,1.));
#2476=IFCDIRECTION((1.,0.,0.));
#2477=IFCAXIS2PLACEMENT3D(#2474,#2475,#2476);
#2478=IFCLOCALPLACEMENT($,#2477);
#2479=IFCWALL('2yNDspo4z7uOBlymX_f_$g',$,'Muro fachada occidente',$,'Mamposter\X2\00ED\X0\a e=20',#2501,#2490,'100107',$);
#2480=IFCCARTESIANPOINTLIST2D(((0.,0.),(0.,7500.),(200.,7500.),(200.,0.),(0.,0.)));
#2481=IFCINDEXEDPOLYCURVE(#2480,$,.F.);
#2482=IFCDIRECTION((0.,0.,1.));
#2483=IFCARBITRARYCLOSEDPROFILEDEF(.AREA.,$,#2481);
#2484=IFCCARTESIANPOINT((0.,0.,0.));
#2485=IFCDIRECTION((0.,0.,1.));
#2486=IFCDIRECTION((1.,0.,0.));
#2487=IFCAXIS2PLACEMENT3D(#2484,#2485,#2486);
#2488=IFCEXTRUDEDAREASOLID(#2483,#2487,#2482,2750.);
#2489=IFCSHAPEREPRESENTATION(#11,'Body','SweptSolid',(#2488));
#2490=IFCPRODUCTDEFINITIONSHAPE($,$,(#2489));
#2496=IFCSTYLEDITEM(#2488,(#25),'Fachada');
#2497=IFCCARTESIANPOINT((-100.,8250.,6000.));
#2498=IFCDIRECTION((0.,0.,1.));
#2499=IFCDIRECTION((1.,0.,0.));
#2500=IFCAXIS2PLACEMENT3D(#2497,#2498,#2499);
#2501=IFCLOCALPLACEMENT($,#2500);
#2502=IFCWALL('1$lQwTCVz4IwtOBz_c$ZD4',$,'Muro fachada oriente',$,'Mamposter\X2\00ED\X0\a e=20',#2524,#2513,'100108',$);
#2503=IFCCARTESIANPOINTLIST2D(((0.,0.),(0.,7500.),(200.,7500.),(200.,0.),(0.,0.)));
#2504=IFCINDEXEDPOLYCURVE(#2503,$,.F.);
#2505=IFCDIRECTION((0.,0.,1.));
#2506=IFCARBITRARYCLOSEDPROFILEDEF(.AREA.,$,#2504);
#2507=IFCCARTESIANPOINT((0.,0.,0.));
#2508=IFCDIRECTION((0.,0.,1.));
#2509=IFCDIRECTION((1.,0.,0.));
#2510=IFCAXIS2PLACEMENT3D(#2507,#2508,#2509);
#2511=IFCEXTRUDEDAREASOLID(#2506,#2510,#2505,2750.);
#2512=IFCSHAPEREPRESENTATION(#11,'Body','SweptSolid',(#2511));
#2513=IFCPRODUCTDEFINITIONSHAPE($,$,(#2512));
#2519=IFCSTYLEDITEM(#2511,(#25),'Fachada');
#2520=IFCCARTESIANPOINT((23899.999999999996,8250.,6000.));
#2521=IFCDIRECTION((0.,0.,1.));
#2522=IFCDIRECTION((1.,0.,0.));
#2523=IFCAXIS2PLACEMENT3D(#2520,#2521,#2522);
#2524=IFCLOCALPLACEMENT($,#2523);
#2525=IFCBUILDINGSTOREY('0FX37Dy3nBsuyaByIMJ7kX',$,'Piso 04',$,$,$,$,$,$,9.);
#2526=IFCCOLUMN('2oHBAWT2H1vxUUk7X4GVn2',$,'Columna C1A',$,'Columna 50x50',#2549,#2537,'100109',$);
#2527=IFCCARTESIANPOINTLIST2D(((0.,0.),(0.,500.),(500.,500.),(500.,0.),(0.,0.)));
#2528=IFCINDEXEDPOLYCURVE(#2527,$,.F.);
#2529=IFCDIRECTION((0.,0.,1.));
#2530=IFCARBITRARYCLOSEDPROFILEDEF(.AREA.,$,#2528);
#2531=IFCCARTESIANPOINT((0.,0.,0.));
#2532=IFCDIRECTION((0.,0.,1.));
#2533=IFCDIRECTION((1.,0.,0.));
#2534=IFCAXIS2PLACEMENT3D(#2531,#2532,#2533);
#2535=IFCEXTRUDEDAREASOLID(#2530,#2534,#2529,2750.);
#2536=IFCSHAPEREPRESENTATION(#11,'Body','SweptSolid',(#2535));
#2537=IFCPRODUCTDEFINITIONSHAPE($,$,(#2536));
#2543=IFCSTYLEDITEM(#2535,(#19),'Concreto columna');
#2544=IFCRELCONTAINEDINSPATIALSTRUCTURE('33T5d42_r2tfQfOSfjF6KC',$,$,$,(#3332,#2619,#2872,#3171,#2918,#2711,#2964,#3217,#2757,#2526,#2803,#3010,#3263,#2550,#2596,#3056,#3309,#2642,#2895,#2849,#3102,#2688,#2941,#3148,#3194,#2734,#2987,#3240,#2780,#3033,#3286,#3125,#2573,#2826,#3079,#2665),#2525);
#2545=IFCCARTESIANPOINT((-250.,-250.,9000.));
#2546=IFCDIRECTION((0.,0.,1.));
#2547=IFCDIRECTION((1.,0.,0.));
#2548=IFCAXIS2PLACEMENT3D(#2545,#2546,#2547);
#2549=IFCLOCALPLACEMENT($,#2548);
#2550=IFCCOLUMN('2pUiVFS3b7TORIbjqGxS5d',$,'Columna C1B',$,'Columna 50x50',#2572,#2561,'100110',$);
#2551=IFCCARTESIANPOINTLIST2D(((0.,0.),(0.,500.),(500.,500.),(500.,0.),(0.,0.)));
#2552=IFCINDEXEDPOLYCURVE(#2551,$,.F.);
#2553=IFCDIRECTION((0.,0.,1.));
#2554=IFCARBITRARYCLOSEDPROFILEDEF(.AREA.,$,#2552);
#2555=IFCCARTESIANPOINT((0.,0.,0.));
#2556=IFCDIRECTION((0.,0.,1.));
#2557=IFCDIRECTION((1.,0.,0.));
#2558=IFCAXIS2PLACEMENT3D(#2555,#2556,#2557);
#2559=IFCEXTRUDEDAREASOLID(#2554,#2558,#2553,2750.);
#2560=IFCSHAPEREPRESENTATION(#11,'Body','SweptSolid',(#2559));
#2561=IFCPRODUCTDEFINITIONSHAPE($,$,(#2560));
#2567=IFCSTYLEDITEM(#2559,(#19),'Concreto columna');
#2568=IFCCARTESIANPOINT((-250.,7750.,9000.));
#2569=IFCDIRECTION((0.,0.,1.));
#2570=IFCDIRECTION((1.,0.,0.));
#2571=IFCAXIS2PLACEMENT3D(#2568,#2569,#2570);
#2572=IFCLOCALPLACEMENT($,#2571);
#2573=IFCCOLUMN('3ntPhEsHn2Dw3uRoJCnVs2',$,'Columna C1C',$,'Columna 50x50',#2595,#2584,'100111',$);
#2574=IFCCARTESIANPOINTLIST2D(((0.,0.),(0.,500.),(500.,500.),(500.,0.),(0.,0.)));
#2575=IFCINDEXEDPOLYCURVE(#2574,$,.F.);
#2576=IFCDIRECTION((0.,0.,1.));
#2577=IFCARBITRARYCLOSEDPROFILEDEF(.AREA.,$,#2575);
#2578=IFCCARTESIANPOINT((0.,0.,0.));
#2579=IFCDIRECTION((0.,0.,1.));
#2580=IFCDIRECTION((1.,0.,0.));
#2581=IFCAXIS2PLACEMENT3D(#2578,#2579,#2580);
#2582=IFCEXTRUDEDAREASOLID(#2577,#2581,#2576,2750.);
#2583=IFCSHAPEREPRESENTATION(#11,'Body','SweptSolid',(#2582));
#2584=IFCPRODUCTDEFINITIONSHAPE($,$,(#2583));
#2590=IFCSTYLEDITEM(#2582,(#19),'Concreto columna');
#2591=IFCCARTESIANPOINT((-250.,15750.,9000.));
#2592=IFCDIRECTION((0.,0.,1.));
#2593=IFCDIRECTION((1.,0.,0.));
#2594=IFCAXIS2PLACEMENT3D(#2591,#2592,#2593);
#2595=IFCLOCALPLACEMENT($,#2594);
#2596=IFCCOLUMN('0FwBaa$znALf0Q6x40S_dE',$,'Columna C2A',$,'Columna 50x50',#2618,#2607,'100112',$);
#2597=IFCCARTESIANPOINTLIST2D(((0.,0.),(0.,500.),(500.,500.),(500.,0.),(0.,0.)));
#2598=IFCINDEXEDPOLYCURVE(#2597,$,.F.);
#2599=IFCDIRECTION((0.,0.,1.));
#2600=IFCARBITRARYCLOSEDPROFILEDEF(.AREA.,$,#2598);
#2601=IFCCARTESIANPOINT((0.,0.,0.));
#2602=IFCDIRECTION((0.,0.,1.));
#2603=IFCDIRECTION((1.,0.,0.));
#2604=IFCAXIS2PLACEMENT3D(#2601,#2602,#2603);
#2605=IFCEXTRUDEDAREASOLID(#2600,#2604,#2599,2750.);
#2606=IFCSHAPEREPRESENTATION(#11,'Body','SweptSolid',(#2605));
#2607=IFCPRODUCTDEFINITIONSHAPE($,$,(#2606));
#2613=IFCSTYLEDITEM(#2605,(#19),'Concreto columna');
#2614=IFCCARTESIANPOINT((7750.,-250.,9000.));
#2615=IFCDIRECTION((0.,0.,1.));
#2616=IFCDIRECTION((1.,0.,0.));
#2617=IFCAXIS2PLACEMENT3D(#2614,#2615,#2616);
#2618=IFCLOCALPLACEMENT($,#2617);
#2619=IFCCOLUMN('3kcN5djBr3wRoqMzWcX2dc',$,'Columna C2B',$,'Columna 50x50',#2641,#2630,'100113',$);
#2620=IFCCARTESIANPOINTLIST2D(((0.,0.),(0.,500.),(500.,500.),(500.,0.),(0.,0.)));
#2621=IFCINDEXEDPOLYCURVE(#2620,$,.F.);
#2622=IFCDIRECTION((0.,0.,1.));
#2623=IFCARBITRARYCLOSEDPROFILEDEF(.AREA.,$,#2621);
#2624=IFCCARTESIANPOINT((0.,0.,0.));
#2625=IFCDIRECTION((0.,0.,1.));
#2626=IFCDIRECTION((1.,0.,0.));
#2627=IFCAXIS2PLACEMENT3D(#2624,#2625,#2626);
#2628=IFCEXTRUDEDAREASOLID(#2623,#2627,#2622,2750.);
#2629=IFCSHAPEREPRESENTATION(#11,'Body','SweptSolid',(#2628));
#2630=IFCPRODUCTDEFINITIONSHAPE($,$,(#2629));
#2636=IFCSTYLEDITEM(#2628,(#19),'Concreto columna');
#2637=IFCCARTESIANPOINT((7750.,7750.,9000.));
#2638=IFCDIRECTION((0.,0.,1.));
#2639=IFCDIRECTION((1.,0.,0.));
#2640=IFCAXIS2PLACEMENT3D(#2637,#2638,#2639);
#2641=IFCLOCALPLACEMENT($,#2640);
#2642=IFCCOLUMN('1GOGPOauvAwQ3oZtChqpvw',$,'Columna C2C',$,'Columna 50x50',#2664,#2653,'100114',$);
#2643=IFCCARTESIANPOINTLIST2D(((0.,0.),(0.,500.),(500.,500.),(500.,0.),(0.,0.)));
#2644=IFCINDEXEDPOLYCURVE(#2643,$,.F.);
#2645=IFCDIRECTION((0.,0.,1.));
#2646=IFCARBITRARYCLOSEDPROFILEDEF(.AREA.,$,#2644);
#2647=IFCCARTESIANPOINT((0.,0.,0.));
#2648=IFCDIRECTION((0.,0.,1.));
#2649=IFCDIRECTION((1.,0.,0.));
#2650=IFCAXIS2PLACEMENT3D(#2647,#2648,#2649);
#2651=IFCEXTRUDEDAREASOLID(#2646,#2650,#2645,2750.);
#2652=IFCSHAPEREPRESENTATION(#11,'Body','SweptSolid',(#2651));
#2653=IFCPRODUCTDEFINITIONSHAPE($,$,(#2652));
#2659=IFCSTYLEDITEM(#2651,(#19),'Concreto columna');
#2660=IFCCARTESIANPOINT((7750.,15750.,9000.));
#2661=IFCDIRECTION((0.,0.,1.));
#2662=IFCDIRECTION((1.,0.,0.));
#2663=IFCAXIS2PLACEMENT3D(#2660,#2661,#2662);
#2664=IFCLOCALPLACEMENT($,#2663);
#2665=IFCCOLUMN('3y5xk$3GT83Plcc1AHi7i9',$,'Columna C3A',$,'Columna 50x50',#2687,#2676,'100115',$);
#2666=IFCCARTESIANPOINTLIST2D(((0.,0.),(0.,500.),(500.,500.),(500.,0.),(0.,0.)));
#2667=IFCINDEXEDPOLYCURVE(#2666,$,.F.);
#2668=IFCDIRECTION((0.,0.,1.));
#2669=IFCARBITRARYCLOSEDPROFILEDEF(.AREA.,$,#2667);
#2670=IFCCARTESIANPOINT((0.,0.,0.));
#2671=IFCDIRECTION((0.,0.,1.));
#2672=IFCDIRECTION((1.,0.,0.));
#2673=IFCAXIS2PLACEMENT3D(#2670,#2671,#2672);
#2674=IFCEXTRUDEDAREASOLID(#2669,#2673,#2668,2750.);
#2675=IFCSHAPEREPRESENTATION(#11,'Body','SweptSolid',(#2674));
#2676=IFCPRODUCTDEFINITIONSHAPE($,$,(#2675));
#2682=IFCSTYLEDITEM(#2674,(#19),'Concreto columna');
#2683=IFCCARTESIANPOINT((15750.,-250.,9000.));
#2684=IFCDIRECTION((0.,0.,1.));
#2685=IFCDIRECTION((1.,0.,0.));
#2686=IFCAXIS2PLACEMENT3D(#2683,#2684,#2685);
#2687=IFCLOCALPLACEMENT($,#2686);
#2688=IFCCOLUMN('3o6mSP0hn5$fwPtg_wzQbL',$,'Columna C3B',$,'Columna 50x50',#2710,#2699,'100116',$);
#2689=IFCCARTESIANPOINTLIST2D(((0.,0.),(0.,500.),(500.,500.),(500.,0.),(0.,0.)));
#2690=IFCINDEXEDPOLYCURVE(#2689,$,.F.);
#2691=IFCDIRECTION((0.,0.,1.));
#2692=IFCARBITRARYCLOSEDPROFILEDEF(.AREA.,$,#2690);
#2693=IFCCARTESIANPOINT((0.,0.,0.));
#2694=IFCDIRECTION((0.,0.,1.));
#2695=IFCDIRECTION((1.,0.,0.));
#2696=IFCAXIS2PLACEMENT3D(#2693,#2694,#2695);
#2697=IFCEXTRUDEDAREASOLID(#2692,#2696,#2691,2750.);
#2698=IFCSHAPEREPRESENTATION(#11,'Body','SweptSolid',(#2697));
#2699=IFCPRODUCTDEFINITIONSHAPE($,$,(#2698));
#2705=IFCSTYLEDITEM(#2697,(#19),'Concreto columna');
#2706=IFCCARTESIANPOINT((15750.,7750.,9000.));
#2707=IFCDIRECTION((0.,0.,1.));
#2708=IFCDIRECTION((1.,0.,0.));
#2709=IFCAXIS2PLACEMENT3D(#2706,#2707,#2708);
#2710=IFCLOCALPLACEMENT($,#2709);
#2711=IFCCOLUMN('2oxbjCAHH5lgBPUGsF4mQX',$,'Columna C3C',$,'Columna 50x50',#2733,#2722,'100117',$);
#2712=IFCCARTESIANPOINTLIST2D(((0.,0.),(0.,500.),(500.,500.),(500.,0.),(0.,0.)));
#2713=IFCINDEXEDPOLYCURVE(#2712,$,.F.);
#2714=IFCDIRECTION((0.,0.,1.));
#2715=IFCARBITRARYCLOSEDPROFILEDEF(.AREA.,$,#2713);
#2716=IFCCARTESIANPOINT((0.,0.,0.));
#2717=IFCDIRECTION((0.,0.,1.));
#2718=IFCDIRECTION((1.,0.,0.));
#2719=IFCAXIS2PLACEMENT3D(#2716,#2717,#2718);
#2720=IFCEXTRUDEDAREASOLID(#2715,#2719,#2714,2750.);
#2721=IFCSHAPEREPRESENTATION(#11,'Body','SweptSolid',(#2720));
#2722=IFCPRODUCTDEFINITIONSHAPE($,$,(#2721));
#2728=IFCSTYLEDITEM(#2720,(#19),'Concreto columna');
#2729=IFCCARTESIANPOINT((15750.,15750.,9000.));
#2730=IFCDIRECTION((0.,0.,1.));
#2731=IFCDIRECTION((1.,0.,0.));
#2732=IFCAXIS2PLACEMENT3D(#2729,#2730,#2731);
#2733=IFCLOCALPLACEMENT($,#2732);
#2734=IFCCOLUMN('0kYk8Xflr6i80s81LYoI0C',$,'Columna C4A',$,'Columna 50x50',#2756,#2745,'100118',$);
#2735=IFCCARTESIANPOINTLIST2D(((0.,0.),(0.,500.),(500.,500.),(500.,0.),(0.,0.)));
#2736=IFCINDEXEDPOLYCURVE(#2735,$,.F.);
#2737=IFCDIRECTION((0.,0.,1.));
#2738=IFCARBITRARYCLOSEDPROFILEDEF(.AREA.,$,#2736);
#2739=IFCCARTESIANPOINT((0.,0.,0.));
#2740=IFCDIRECTION((0.,0.,1.));
#2741=IFCDIRECTION((1.,0.,0.));
#2742=IFCAXIS2PLACEMENT3D(#2739,#2740,#2741);
#2743=IFCEXTRUDEDAREASOLID(#2738,#2742,#2737,2750.);
#2744=IFCSHAPEREPRESENTATION(#11,'Body','SweptSolid',(#2743));
#2745=IFCPRODUCTDEFINITIONSHAPE($,$,(#2744));
#2751=IFCSTYLEDITEM(#2743,(#19),'Concreto columna');
#2752=IFCCARTESIANPOINT((23750.,-250.,9000.));
#2753=IFCDIRECTION((0.,0.,1.));
#2754=IFCDIRECTION((1.,0.,0.));
#2755=IFCAXIS2PLACEMENT3D(#2752,#2753,#2754);
#2756=IFCLOCALPLACEMENT($,#2755);
#2757=IFCCOLUMN('2JQavSjxDFO9L75fugAXF8',$,'Columna C4B',$,'Columna 50x50',#2779,#2768,'100119',$);
#2758=IFCCARTESIANPOINTLIST2D(((0.,0.),(0.,500.),(500.,500.),(500.,0.),(0.,0.)));
#2759=IFCINDEXEDPOLYCURVE(#2758,$,.F.);
#2760=IFCDIRECTION((0.,0.,1.));
#2761=IFCARBITRARYCLOSEDPROFILEDEF(.AREA.,$,#2759);
#2762=IFCCARTESIANPOINT((0.,0.,0.));
#2763=IFCDIRECTION((0.,0.,1.));
#2764=IFCDIRECTION((1.,0.,0.));
#2765=IFCAXIS2PLACEMENT3D(#2762,#2763,#2764);
#2766=IFCEXTRUDEDAREASOLID(#2761,#2765,#2760,2750.);
#2767=IFCSHAPEREPRESENTATION(#11,'Body','SweptSolid',(#2766));
#2768=IFCPRODUCTDEFINITIONSHAPE($,$,(#2767));
#2774=IFCSTYLEDITEM(#2766,(#19),'Concreto columna');
#2775=IFCCARTESIANPOINT((23750.,7750.,9000.));
#2776=IFCDIRECTION((0.,0.,1.));
#2777=IFCDIRECTION((1.,0.,0.));
#2778=IFCAXIS2PLACEMENT3D(#2775,#2776,#2777);
#2779=IFCLOCALPLACEMENT($,#2778);
#2780=IFCCOLUMN('31BXeBg0z86wba9XWQjp19',$,'Columna C4C',$,'Columna 50x50',#2802,#2791,'100120',$);
#2781=IFCCARTESIANPOINTLIST2D(((0.,0.),(0.,500.),(500.,500.),(500.,0.),(0.,0.)));
#2782=IFCINDEXEDPOLYCURVE(#2781,$,.F.);
#2783=IFCDIRECTION((0.,0.,1.));
#2784=IFCARBITRARYCLOSEDPROFILEDEF(.AREA.,$,#2782);
#2785=IFCCARTESIANPOINT((0.,0.,0.));
#2786=IFCDIRECTION((0.,0.,1.));
#2787=IFCDIRECTION((1.,0.,0.));
#2788=IFCAXIS2PLACEMENT3D(#2785,#2786,#2787);
#2789=IFCEXTRUDEDAREASOLID(#2784,#2788,#2783,2750.);
#2790=IFCSHAPEREPRESENTATION(#11,'Body','SweptSolid',(#2789));
#2791=IFCPRODUCTDEFINITIONSHAPE($,$,(#2790));
#2797=IFCSTYLEDITEM(#2789,(#19),'Concreto columna');
#2798=IFCCARTESIANPOINT((23750.,15750.,9000.));
#2799=IFCDIRECTION((0.,0.,1.));
#2800=IFCDIRECTION((1.,0.,0.));
#2801=IFCAXIS2PLACEMENT3D(#2798,#2799,#2800);
#2802=IFCLOCALPLACEMENT($,#2801);
#2803=IFCSLAB('3P7CBE8HH2Auib4w3CFap8',$,'Placa piso 05',$,'Placa maciza e=25',#2825,#2814,'100121',$);
#2804=IFCCARTESIANPOINTLIST2D(((0.,0.),(0.,16600.),(24600.,16600.),(24600.,0.),(0.,0.)));
#2805=IFCINDEXEDPOLYCURVE(#2804,$,.F.);
#2806=IFCDIRECTION((0.,0.,1.));
#2807=IFCARBITRARYCLOSEDPROFILEDEF(.AREA.,$,#2805);
#2808=IFCCARTESIANPOINT((0.,0.,0.));
#2809=IFCDIRECTION((0.,0.,1.));
#2810=IFCDIRECTION((1.,0.,0.));
#2811=IFCAXIS2PLACEMENT3D(#2808,#2809,#2810);
#2812=IFCEXTRUDEDAREASOLID(#2807,#2811,#2806,250.);
#2813=IFCSHAPEREPRESENTATION(#11,'Body','SweptSolid',(#2812));
#2814=IFCPRODUCTDEFINITIONSHAPE($,$,(#2813));
#2820=IFCSTYLEDITEM(#2812,(#16),'Concreto');
#2821=IFCCARTESIANPOINT((-300.,-300.,11750.));
#2822=IFCDIRECTION((0.,0.,1.));
#2823=IFCDIRECTION((1.,0.,0.));
#2824=IFCAXIS2PLACEMENT3D(#2821,#2822,#2823);
#2825=IFCLOCALPLACEMENT($,#2824);
#2826=IFCWALL('1XIhGN9MD84PEKqR9npm_v',$,'Muro n\X2\00FA\X0\cleo',$,'Muro concreto e=20',#2848,#2837,'100122',$);
#2827=IFCCARTESIANPOINTLIST2D(((0.,0.),(0.,4000.),(4000.,4000.),(4000.,0.),(0.,0.)));
#2828=IFCINDEXEDPOLYCURVE(#2827,$,.F.);
#2829=IFCDIRECTION((0.,0.,1.));
#2830=IFCARBITRARYCLOSEDPROFILEDEF(.AREA.,$,#2828);
#2831=IFCCARTESIANPOINT((0.,0.,0.));
#2832=IFCDIRECTION((0.,0.,1.));
#2833=IFCDIRECTION((1.,0.,0.));
#2834=IFCAXIS2PLACEMENT3D(#2831,#2832,#2833);
#2835=IFCEXTRUDEDAREASOLID(#2830,#2834,#2829,2750.);
#2836=IFCSHAPEREPRESENTATION(#11,'Body','SweptSolid',(#2835));
#2837=IFCPRODUCTDEFINITIONSHAPE($,$,(#2836));
#2843=IFCSTYLEDITEM(#2835,(#31),'N\X2\00FA\X0\cleo');
#2844=IFCCARTESIANPOINT((10000.,6000.,9000.));
#2845=IFCDIRECTION((0.,0.,1.));
#2846=IFCDIRECTION((1.,0.,0.));
#2847=IFCAXIS2PLACEMENT3D(#2844,#2845,#2846);
#2848=IFCLOCALPLACEMENT($,#2847);
#2849=IFCWALL('0INalDmEjApfpc8Jwi4Dc2',$,'Muro fachada sur',$,'Mamposter\X2\00ED\X0\a e=20',#2871,#2860,'100123',$);
#2850=IFCCARTESIANPOINTLIST2D(((0.,0.),(0.,200.),(7500.,200.),(7500.,0.),(0.,0.)));
#2851=IFCINDEXEDPOLYCURVE(#2850,$,.F.);
#2852=IFCDIRECTION((0.,0.,1.));
#2853=IFCARBITRARYCLOSEDPROFILEDEF(.AREA.,$,#2851);
#2854=IFCCARTESIANPOINT((0.,0.,0.));
#2855=IFCDIRECTION((0.,0.,1.));
#2856=IFCDIRECTION((1.,0.,0.));
#2857=IFCAXIS2PLACEMENT3D(#2854,#2855,#2856);
#2858=IFCEXTRUDEDAREASOLID(#2853,#2857,#2852,900.);
#2859=IFCSHAPEREPRESENTATION(#11,'Body','SweptSolid',(#2858));
#2860=IFCPRODUCTDEFINITIONSHAPE($,$,(#2859));
#2866=IFCSTYLEDITEM(#2858,(#25),'Fachada');
#2867=IFCCARTESIANPOINT((250.,-100.,9000.));
#2868=IFCDIRECTION((0.,0.,1.));
#2869=IFCDIRECTION((1.,0.,0.));
#2870=IFCAXIS2PLACEMENT3D(#2867,#2868,#2869);
#2871=IFCLOCALPLACEMENT($,#2870);
#2872=IFCWINDOW('19zAE6r1PBeOegnXZ0BLCN',$,'Ventana sur',$,'Ventana piso-techo',#2894,#2883,'100124',$,$,$,$,$);
#2873=IFCCARTESIANPOINTLIST2D(((0.,0.),(0.,100.),(7099.9999999999991,100.),(7099.9999999999991,0.),(0.,0.)));
#2874=IFCINDEXEDPOLYCURVE(#2873,$,.F.);
#2875=IFCDIRECTION((0.,0.,1.));
#2876=IFCARBITRARYCLOSEDPROFILEDEF(.AREA.,$,#2874);
#2877=IFCCARTESIANPOINT((0.,0.,0.));
#2878=IFCDIRECTION((0.,0.,1.));
#2879=IFCDIRECTION((1.,0.,0.));
#2880=IFCAXIS2PLACEMENT3D(#2877,#2878,#2879);
#2881=IFCEXTRUDEDAREASOLID(#2876,#2880,#2875,1800.);
#2882=IFCSHAPEREPRESENTATION(#11,'Body','SweptSolid',(#2881));
#2883=IFCPRODUCTDEFINITIONSHAPE($,$,(#2882));
#2889=IFCSTYLEDITEM(#2881,(#28),'Vidrio');
#2890=IFCCARTESIANPOINT((450.,-50.,9900.));
#2891=IFCDIRECTION((0.,0.,1.));
#2892=IFCDIRECTION((1.,0.,0.));
#2893=IFCAXIS2PLACEMENT3D(#2890,#2891,#2892);
#2894=IFCLOCALPLACEMENT($,#2893);
#2895=IFCWALL('047M$XA1X6Y9APdmgQFY_x',$,'Dintel sur',$,$,#2917,#2906,'100125',$);
#2896=IFCCARTESIANPOINTLIST2D(((0.,0.),(0.,200.),(7500.,200.),(7500.,0.),(0.,0.)));
#2897=IFCINDEXEDPOLYCURVE(#2896,$,.F.);
#2898=IFCDIRECTION((0.,0.,1.));
#2899=IFCARBITRARYCLOSEDPROFILEDEF(.AREA.,$,#2897);
#2900=IFCCARTESIANPOINT((0.,0.,0.));
#2901=IFCDIRECTION((0.,0.,1.));
#2902=IFCDIRECTION((1.,0.,0.));
#2903=IFCAXIS2PLACEMENT3D(#2900,#2901,#2902);
#2904=IFCEXTRUDEDAREASOLID(#2899,#2903,#2898,50.);
#2905=IFCSHAPEREPRESENTATION(#11,'Body','SweptSolid',(#2904));
#2906=IFCPRODUCTDEFINITIONSHAPE($,$,(#2905));
#2912=IFCSTYLEDITEM(#2904,(#25),'Fachada');
#2913=IFCCARTESIANPOINT((250.,-100.,11699.999999999998));
#2914=IFCDIRECTION((0.,0.,1.));
#2915=IFCDIRECTION((1.,0.,0.));
#2916=IFCAXIS2PLACEMENT3D(#2913,#2914,#2915);
#2917=IFCLOCALPLACEMENT($,#2916);
#2918=IFCWALL('1F78KuC2b8phW3zdzQ8cp9',$,'Muro fachada norte',$,'Mamposter\X2\00ED\X0\a e=20',#2940,#2929,'100126',$);
#2919=IFCCARTESIANPOINTLIST2D(((0.,0.),(0.,200.),(7500.,200.),(7500.,0.),(0.,0.)));
#2920=IFCINDEXEDPOLYCURVE(#2919,$,.F.);
#2921=IFCDIRECTION((0.,0.,1.));
#2922=IFCARBITRARYCLOSEDPROFILEDEF(.AREA.,$,#2920);
#2923=IFCCARTESIANPOINT((0.,0.,0.));
#2924=IFCDIRECTION((0.,0.,1.));
#2925=IFCDIRECTION((1.,0.,0.));
#2926=IFCAXIS2PLACEMENT3D(#2923,#2924,#2925);
#2927=IFCEXTRUDEDAREASOLID(#2922,#2926,#2921,900.);
#2928=IFCSHAPEREPRESENTATION(#11,'Body','SweptSolid',(#2927));
#2929=IFCPRODUCTDEFINITIONSHAPE($,$,(#2928));
#2935=IFCSTYLEDITEM(#2927,(#25),'Fachada');
#2936=IFCCARTESIANPOINT((250.,15900.,9000.));
#2937=IFCDIRECTION((0.,0.,1.));
#2938=IFCDIRECTION((1.,0.,0.));
#2939=IFCAXIS2PLACEMENT3D(#2936,#2937,#2938);
#2940=IFCLOCALPLACEMENT($,#2939);
#2941=IFCWINDOW('1bg$Nd71D2bPMX7zYmeRW8',$,'Ventana norte',$,'Ventana piso-techo',#2963,#2952,'100127',$,$,$,$,$);
#2942=IFCCARTESIANPOINTLIST2D(((0.,0.),(0.,100.),(7099.9999999999991,100.),(7099.9999999999991,0.),(0.,0.)));
#2943=IFCINDEXEDPOLYCURVE(#2942,$,.F.);
#2944=IFCDIRECTION((0.,0.,1.));
#2945=IFCARBITRARYCLOSEDPROFILEDEF(.AREA.,$,#2943);
#2946=IFCCARTESIANPOINT((0.,0.,0.));
#2947=IFCDIRECTION((0.,0.,1.));
#2948=IFCDIRECTION((1.,0.,0.));
#2949=IFCAXIS2PLACEMENT3D(#2946,#2947,#2948);
#2950=IFCEXTRUDEDAREASOLID(#2945,#2949,#2944,1800.);
#2951=IFCSHAPEREPRESENTATION(#11,'Body','SweptSolid',(#2950));
#2952=IFCPRODUCTDEFINITIONSHAPE($,$,(#2951));
#2958=IFCSTYLEDITEM(#2950,(#28),'Vidrio');
#2959=IFCCARTESIANPOINT((450.,15950.,9900.));
#2960=IFCDIRECTION((0.,0.,1.));
#2961=IFCDIRECTION((1.,0.,0.));
#2962=IFCAXIS2PLACEMENT3D(#2959,#2960,#2961);
#2963=IFCLOCALPLACEMENT($,#2962);
#2964=IFCWALL('0RHp4IYdTCMeopOzD$XDLV',$,'Dintel norte',$,$,#2986,#2975,'100128',$);
#2965=IFCCARTESIANPOINTLIST2D(((0.,0.),(0.,200.),(7500.,200.),(7500.,0.),(0.,0.)));
#2966=IFCINDEXEDPOLYCURVE(#2965,$,.F.);
#2967=IFCDIRECTION((0.,0.,1.));
#2968=IFCARBITRARYCLOSEDPROFILEDEF(.AREA.,$,#2966);
#2969=IFCCARTESIANPOINT((0.,0.,0.));
#2970=IFCDIRECTION((0.,0.,1.));
#2971=IFCDIRECTION((1.,0.,0.));
#2972=IFCAXIS2PLACEMENT3D(#2969,#2970,#2971);
#2973=IFCEXTRUDEDAREASOLID(#2968,#2972,#2967,50.);
#2974=IFCSHAPEREPRESENTATION(#11,'Body','SweptSolid',(#2973));
#2975=IFCPRODUCTDEFINITIONSHAPE($,$,(#2974));
#2981=IFCSTYLEDITEM(#2973,(#25),'Fachada');
#2982=IFCCARTESIANPOINT((250.,15900.,11699.999999999998));
#2983=IFCDIRECTION((0.,0.,1.));
#2984=IFCDIRECTION((1.,0.,0.));
#2985=IFCAXIS2PLACEMENT3D(#2982,#2983,#2984);
#2986=IFCLOCALPLACEMENT($,#2985);
#2987=IFCWALL('15hFIcxzT5Tw0SovliSIvb',$,'Muro fachada sur',$,'Mamposter\X2\00ED\X0\a e=20',#3009,#2998,'100129',$);
#2988=IFCCARTESIANPOINTLIST2D(((0.,0.),(0.,200.),(7500.,200.),(7500.,0.),(0.,0.)));
#2989=IFCINDEXEDPOLYCURVE(#2988,$,.F.);
#2990=IFCDIRECTION((0.,0.,1.));
#2991=IFCARBITRARYCLOSEDPROFILEDEF(.AREA.,$,#2989);
#2992=IFCCARTESIANPOINT((0.,0.,0.));
#2993=IFCDIRECTION((0.,0.,1.));
#2994=IFCDIRECTION((1.,0.,0.));
#2995=IFCAXIS2PLACEMENT3D(#2992,#2993,#2994);
#2996=IFCEXTRUDEDAREASOLID(#2991,#2995,#2990,900.);
#2997=IFCSHAPEREPRESENTATION(#11,'Body','SweptSolid',(#2996));
#2998=IFCPRODUCTDEFINITIONSHAPE($,$,(#2997));
#3004=IFCSTYLEDITEM(#2996,(#25),'Fachada');
#3005=IFCCARTESIANPOINT((8250.,-100.,9000.));
#3006=IFCDIRECTION((0.,0.,1.));
#3007=IFCDIRECTION((1.,0.,0.));
#3008=IFCAXIS2PLACEMENT3D(#3005,#3006,#3007);
#3009=IFCLOCALPLACEMENT($,#3008);
#3010=IFCWINDOW('2Mb0EazcT7bPmv_p9hF9u$',$,'Ventana sur',$,'Ventana piso-techo',#3032,#3021,'100130',$,$,$,$,$);
#3011=IFCCARTESIANPOINTLIST2D(((0.,0.),(0.,100.),(7099.9999999999991,100.),(7099.9999999999991,0.),(0.,0.)));
#3012=IFCINDEXEDPOLYCURVE(#3011,$,.F.);
#3013=IFCDIRECTION((0.,0.,1.));
#3014=IFCARBITRARYCLOSEDPROFILEDEF(.AREA.,$,#3012);
#3015=IFCCARTESIANPOINT((0.,0.,0.));
#3016=IFCDIRECTION((0.,0.,1.));
#3017=IFCDIRECTION((1.,0.,0.));
#3018=IFCAXIS2PLACEMENT3D(#3015,#3016,#3017);
#3019=IFCEXTRUDEDAREASOLID(#3014,#3018,#3013,1800.);
#3020=IFCSHAPEREPRESENTATION(#11,'Body','SweptSolid',(#3019));
#3021=IFCPRODUCTDEFINITIONSHAPE($,$,(#3020));
#3027=IFCSTYLEDITEM(#3019,(#28),'Vidrio');
#3028=IFCCARTESIANPOINT((8450.,-50.,9900.));
#3029=IFCDIRECTION((0.,0.,1.));
#3030=IFCDIRECTION((1.,0.,0.));
#3031=IFCAXIS2PLACEMENT3D(#3028,#3029,#3030);
#3032=IFCLOCALPLACEMENT($,#3031);
#3033=IFCWALL('0Qugyu7bDAyxy5MX8lhyAz',$,'Dintel sur',$,$,#3055,#3044,'100131',$);
#3034=IFCCARTESIANPOINTLIST2D(((0.,0.),(0.,200.),(7500.,200.),(7500.,0.),(0.,0.)));
#3035=IFCINDEXEDPOLYCURVE(#3034,$,.F.);
#3036=IFCDIRECTION((0.,0.,1.));
#3037=IFCARBITRARYCLOSEDPROFILEDEF(.AREA.,$,#3035);
#3038=IFCCARTESIANPOINT((0.,0.,0.));
#3039=IFCDIRECTION((0.,0.,1.));
#3040=IFCDIRECTION((1.,0.,0.));
#3041=IFCAXIS2PLACEMENT3D(#3038,#3039,#3040);
#3042=IFCEXTRUDEDAREASOLID(#3037,#3041,#3036,50.);
#3043=IFCSHAPEREPRESENTATION(#11,'Body','SweptSolid',(#3042));
#3044=IFCPRODUCTDEFINITIONSHAPE($,$,(#3043));
#3050=IFCSTYLEDITEM(#3042,(#25),'Fachada');
#3051=IFCCARTESIANPOINT((8250.,-100.,11699.999999999998));
#3052=IFCDIRECTION((0.,0.,1.));
#3053=IFCDIRECTION((1.,0.,0.));
#3054=IFCAXIS2PLACEMENT3D(#3051,#3052,#3053);
#3055=IFCLOCALPLACEMENT($,#3054);
#3056=IFCWALL('2OcsCMKer2SxvmW2dnU2MF',$,'Muro fachada norte',$,'Mamposter\X2\00ED\X0\a e=20',#3078,#3067,'100132',$);
#3057=IFCCARTESIANPOINTLIST2D(((0.,0.),(0.,200.),(7500.,200.),(7500.,0.),(0.,0.)));
#3058=IFCINDEXEDPOLYCURVE(#3057,$,.F.);
#3059=IFCDIRECTION((0.,0.,1.));
#3060=IFCARBITRARYCLOSEDPROFILEDEF(.AREA.,$,#3058);
#3061=IFCCARTESIANPOINT((0.,0.,0.));
#3062=IFCDIRECTION((0.,0.,1.));
#3063=IFCDIRECTION((1.,0.,0.));
#3064=IFCAXIS2PLACEMENT3D(#3061,#3062,#3063);
#3065=IFCEXTRUDEDAREASOLID(#3060,#3064,#3059,900.);
#3066=IFCSHAPEREPRESENTATION(#11,'Body','SweptSolid',(#3065));
#3067=IFCPRODUCTDEFINITIONSHAPE($,$,(#3066));
#3073=IFCSTYLEDITEM(#3065,(#25),'Fachada');
#3074=IFCCARTESIANPOINT((8250.,15900.,9000.));
#3075=IFCDIRECTION((0.,0.,1.));
#3076=IFCDIRECTION((1.,0.,0.));
#3077=IFCAXIS2PLACEMENT3D(#3074,#3075,#3076);
#3078=IFCLOCALPLACEMENT($,#3077);
#3079=IFCWINDOW('3RZMkQiKLCIAO0kqCpacfY',$,'Ventana norte',$,'Ventana piso-techo',#3101,#3090,'100133',$,$,$,$,$);
#3080=IFCCARTESIANPOINTLIST2D(((0.,0.),(0.,100.),(7099.9999999999991,100.),(7099.9999999999991,0.),(0.,0.)));
#3081=IFCINDEXEDPOLYCURVE(#3080,$,.F.);
#3082=IFCDIRECTION((0.,0.,1.));
#3083=IFCARBITRARYCLOSEDPROFILEDEF(.AREA.,$,#3081);
#3084=IFCCARTESIANPOINT((0.,0.,0.));
#3085=IFCDIRECTION((0.,0.,1.));
#3086=IFCDIRECTION((1.,0.,0.));
#3087=IFCAXIS2PLACEMENT3D(#3084,#3085,#3086);
#3088=IFCEXTRUDEDAREASOLID(#3083,#3087,#3082,1800.);
#3089=IFCSHAPEREPRESENTATION(#11,'Body','SweptSolid',(#3088));
#3090=IFCPRODUCTDEFINITIONSHAPE($,$,(#3089));
#3096=IFCSTYLEDITEM(#3088,(#28),'Vidrio');
#3097=IFCCARTESIANPOINT((8450.,15950.,9900.));
#3098=IFCDIRECTION((0.,0.,1.));
#3099=IFCDIRECTION((1.,0.,0.));
#3100=IFCAXIS2PLACEMENT3D(#3097,#3098,#3099);
#3101=IFCLOCALPLACEMENT($,#3100);
#3102=IFCWALL('2x3c_v4aT0uvLbGj7yoQtL',$,'Dintel norte',$,$,#3124,#3113,'100134',$);
#3103=IFCCARTESIANPOINTLIST2D(((0.,0.),(0.,200.),(7500.,200.),(7500.,0.),(0.,0.)));
#3104=IFCINDEXEDPOLYCURVE(#3103,$,.F.);
#3105=IFCDIRECTION((0.,0.,1.));
#3106=IFCARBITRARYCLOSEDPROFILEDEF(.AREA.,$,#3104);
#3107=IFCCARTESIANPOINT((0.,0.,0.));
#3108=IFCDIRECTION((0.,0.,1.));
#3109=IFCDIRECTION((1.,0.,0.));
#3110=IFCAXIS2PLACEMENT3D(#3107,#3108,#3109);
#3111=IFCEXTRUDEDAREASOLID(#3106,#3110,#3105,50.);
#3112=IFCSHAPEREPRESENTATION(#11,'Body','SweptSolid',(#3111));
#3113=IFCPRODUCTDEFINITIONSHAPE($,$,(#3112));
#3119=IFCSTYLEDITEM(#3111,(#25),'Fachada');
#3120=IFCCARTESIANPOINT((8250.,15900.,11699.999999999998));
#3121=IFCDIRECTION((0.,0.,1.));
#3122=IFCDIRECTION((1.,0.,0.));
#3123=IFCAXIS2PLACEMENT3D(#3120,#3121,#3122);
#3124=IFCLOCALPLACEMENT($,#3123);
#3125=IFCWALL('1O9hvl4FD9Vhoe4b8iX0BU',$,'Muro fachada sur',$,'Mamposter\X2\00ED\X0\a e=20',#3147,#3136,'100135',$);
#3126=IFCCARTESIANPOINTLIST2D(((0.,0.),(0.,200.),(7500.,200.),(7500.,0.),(0.,0.)));
#3127=IFCINDEXEDPOLYCURVE(#3126,$,.F.);
#3128=IFCDIRECTION((0.,0.,1.));
#3129=IFCARBITRARYCLOSEDPROFILEDEF(.AREA.,$,#3127);
#3130=IFCCARTESIANPOINT((0.,0.,0.));
#3131=IFCDIRECTION((0.,0.,1.));
#3132=IFCDIRECTION((1.,0.,0.));
#3133=IFCAXIS2PLACEMENT3D(#3130,#3131,#3132);
#3134=IFCEXTRUDEDAREASOLID(#3129,#3133,#3128,900.);
#3135=IFCSHAPEREPRESENTATION(#11,'Body','SweptSolid',(#3134));
#3136=IFCPRODUCTDEFINITIONSHAPE($,$,(#3135));
#3142=IFCSTYLEDITEM(#3134,(#25),'Fachada');
#3143=IFCCARTESIANPOINT((16250.,-100.,9000.));
#3144=IFCDIRECTION((0.,0.,1.));
#3145=IFCDIRECTION((1.,0.,0.));
#3146=IFCAXIS2PLACEMENT3D(#3143,#3144,#3145);
#3147=IFCLOCALPLACEMENT($,#3146);
#3148=IFCWINDOW('2i7w1XKxb7cepX_nY2xJT9',$,'Ventana sur',$,'Ventana piso-techo',#3170,#3159,'100136',$,$,$,$,$);
#3149=IFCCARTESIANPOINTLIST2D(((0.,0.),(0.,100.),(7099.9999999999991,100.),(7099.9999999999991,0.),(0.,0.)));
#3150=IFCINDEXEDPOLYCURVE(#3149,$,.F.);
#3151=IFCDIRECTION((0.,0.,1.));
#3152=IFCARBITRARYCLOSEDPROFILEDEF(.AREA.,$,#3150);
#3153=IFCCARTESIANPOINT((0.,0.,0.));
#3154=IFCDIRECTION((0.,0.,1.));
#3155=IFCDIRECTION((1.,0.,0.));
#3156=IFCAXIS2PLACEMENT3D(#3153,#3154,#3155);
#3157=IFCEXTRUDEDAREASOLID(#3152,#3156,#3151,1800.);
#3158=IFCSHAPEREPRESENTATION(#11,'Body','SweptSolid',(#3157));
#3159=IFCPRODUCTDEFINITIONSHAPE($,$,(#3158));
#3165=IFCSTYLEDITEM(#3157,(#28),'Vidrio');
#3166=IFCCARTESIANPOINT((16450.,-50.,9900.));
#3167=IFCDIRECTION((0.,0.,1.));
#3168=IFCDIRECTION((1.,0.,0.));
#3169=IFCAXIS2PLACEMENT3D(#3166,#3167,#3168);
#3170=IFCLOCALPLACEMENT($,#3169);
#3171=IFCWALL('1w0oJsEOX4eu$Zwa30GhHA',$,'Dintel sur',$,$,#3193,#3182,'100137',$);
#3172=IFCCARTESIANPOINTLIST2D(((0.,0.),(0.,200.),(7500.,200.),(7500.,0.),(0.,0.)));
#3173=IFCINDEXEDPOLYCURVE(#3172,$,.F.);
#3174=IFCDIRECTION((0.,0.,1.));
#3175=IFCARBITRARYCLOSEDPROFILEDEF(.AREA.,$,#3173);
#3176=IFCCARTESIANPOINT((0.,0.,0.));
#3177=IFCDIRECTION((0.,0.,1.));
#3178=IFCDIRECTION((1.,0.,0.));
#3179=IFCAXIS2PLACEMENT3D(#3176,#3177,#3178);
#3180=IFCEXTRUDEDAREASOLID(#3175,#3179,#3174,50.);
#3181=IFCSHAPEREPRESENTATION(#11,'Body','SweptSolid',(#3180));
#3182=IFCPRODUCTDEFINITIONSHAPE($,$,(#3181));
#3188=IFCSTYLEDITEM(#3180,(#25),'Fachada');
#3189=IFCCARTESIANPOINT((16250.,-100.,11699.999999999998));
#3190=IFCDIRECTION((0.,0.,1.));
#3191=IFCDIRECTION((1.,0.,0.));
#3192=IFCAXIS2PLACEMENT3D(#3189,#3190,#3191);
#3193=IFCLOCALPLACEMENT($,#3192);
#3194=IFCWALL('0rymZtiUH85OmSpne_a_NE',$,'Muro fachada norte',$,'Mamposter\X2\00ED\X0\a e=20',#3216,#3205,'100138',$);
#3195=IFCCARTESIANPOINTLIST2D(((0.,0.),(0.,200.),(7500.,200.),(7500.,0.),(0.,0.)));
#3196=IFCINDEXEDPOLYCURVE(#3195,$,.F.);
#3197=IFCDIRECTION((0.,0.,1.));
#3198=IFCARBITRARYCLOSEDPROFILEDEF(.AREA.,$,#3196);
#3199=IFCCARTESIANPOINT((0.,0.,0.));
#3200=IFCDIRECTION((0.,0.,1.));
#3201=IFCDIRECTION((1.,0.,0.));
#3202=IFCAXIS2PLACEMENT3D(#3199,#3200,#3201);
#3203=IFCEXTRUDEDAREASOLID(#3198,#3202,#3197,900.);
#3204=IFCSHAPEREPRESENTATION(#11,'Body','SweptSolid',(#3203));
#3205=IFCPRODUCTDEFINITIONSHAPE($,$,(#3204));
#3211=IFCSTYLEDITEM(#3203,(#25),'Fachada');
#3212=IFCCARTESIANPOINT((16250.,15900.,9000.));
#3213=IFCDIRECTION((0.,0.,1.));
#3214=IFCDIRECTION((1.,0.,0.));
#3215=IFCAXIS2PLACEMENT3D(#3212,#3213,#3214);
#3216=IFCLOCALPLACEMENT($,#3215);
#3217=IFCWINDOW('2r6kQObh11bQ17lCPpEF7r',$,'Ventana norte',$,'Ventana piso-techo',#3239,#3228,'100139',$,$,$,$,$);
#3218=IFCCARTESIANPOINTLIST2D(((0.,0.),(0.,100.),(7099.9999999999991,100.),(7099.9999999999991,0.),(0.,0.)));
#3219=IFCINDEXEDPOLYCURVE(#3218,$,.F.);
#3220=IFCDIRECTION((0.,0.,1.));
#3221=IFCARBITRARYCLOSEDPROFILEDEF(.AREA.,$,#3219);
#3222=IFCCARTESIANPOINT((0.,0.,0.));
#3223=IFCDIRECTION((0.,0.,1.));
#3224=IFCDIRECTION((1.,0.,0.));
#3225=IFCAXIS2PLACEMENT3D(#3222,#3223,#3224);
#3226=IFCEXTRUDEDAREASOLID(#3221,#3225,#3220,1800.);
#3227=IFCSHAPEREPRESENTATION(#11,'Body','SweptSolid',(#3226));
#3228=IFCPRODUCTDEFINITIONSHAPE($,$,(#3227));
#3234=IFCSTYLEDITEM(#3226,(#28),'Vidrio');
#3235=IFCCARTESIANPOINT((16450.,15950.,9900.));
#3236=IFCDIRECTION((0.,0.,1.));
#3237=IFCDIRECTION((1.,0.,0.));
#3238=IFCAXIS2PLACEMENT3D(#3235,#3236,#3237);
#3239=IFCLOCALPLACEMENT($,#3238);
#3240=IFCWALL('1xKRZOrbv1RfdOqRxnyvt1',$,'Dintel norte',$,$,#3262,#3251,'100140',$);
#3241=IFCCARTESIANPOINTLIST2D(((0.,0.),(0.,200.),(7500.,200.),(7500.,0.),(0.,0.)));
#3242=IFCINDEXEDPOLYCURVE(#3241,$,.F.);
#3243=IFCDIRECTION((0.,0.,1.));
#3244=IFCARBITRARYCLOSEDPROFILEDEF(.AREA.,$,#3242);
#3245=IFCCARTESIANPOINT((0.,0.,0.));
#3246=IFCDIRECTION((0.,0.,1.));
#3247=IFCDIRECTION((1.,0.,0.));
#3248=IFCAXIS2PLACEMENT3D(#3245,#3246,#3247);
#3249=IFCEXTRUDEDAREASOLID(#3244,#3248,#3243,50.);
#3250=IFCSHAPEREPRESENTATION(#11,'Body','SweptSolid',(#3249));
#3251=IFCPRODUCTDEFINITIONSHAPE($,$,(#3250));
#3257=IFCSTYLEDITEM(#3249,(#25),'Fachada');
#3258=IFCCARTESIANPOINT((16250.,15900.,11699.999999999998));
#3259=IFCDIRECTION((0.,0.,1.));
#3260=IFCDIRECTION((1.,0.,0.));
#3261=IFCAXIS2PLACEMENT3D(#3258,#3259,#3260);
#3262=IFCLOCALPLACEMENT($,#3261);
#3263=IFCWALL('0VPNnIH71BXeFbKCuWCtJH',$,'Muro fachada occidente',$,'Mamposter\X2\00ED\X0\a e=20',#3285,#3274,'100141',$);
#3264=IFCCARTESIANPOINTLIST2D(((0.,0.),(0.,7500.),(200.,7500.),(200.,0.),(0.,0.)));
#3265=IFCINDEXEDPOLYCURVE(#3264,$,.F.);
#3266=IFCDIRECTION((0.,0.,1.));
#3267=IFCARBITRARYCLOSEDPROFILEDEF(.AREA.,$,#3265);
#3268=IFCCARTESIANPOINT((0.,0.,0.));
#3269=IFCDIRECTION((0.,0.,1.));
#3270=IFCDIRECTION((1.,0.,0.));
#3271=IFCAXIS2PLACEMENT3D(#3268,#3269,#3270);
#3272=IFCEXTRUDEDAREASOLID(#3267,#3271,#3266,2750.);
#3273=IFCSHAPEREPRESENTATION(#11,'Body','SweptSolid',(#3272));
#3274=IFCPRODUCTDEFINITIONSHAPE($,$,(#3273));
#3280=IFCSTYLEDITEM(#3272,(#25),'Fachada');
#3281=IFCCARTESIANPOINT((-100.,250.,9000.));
#3282=IFCDIRECTION((0.,0.,1.));
#3283=IFCDIRECTION((1.,0.,0.));
#3284=IFCAXIS2PLACEMENT3D(#3281,#3282,#3283);
#3285=IFCLOCALPLACEMENT($,#3284);
#3286=IFCWALL('1JfvGUtMjCSBWDyNeBsDow',$,'Muro fachada oriente',$,'Mamposter\X2\00ED\X0\a e=20',#3308,#3297,'100142',$);
#3287=IFCCARTESIANPOINTLIST2D(((0.,0.),(0.,7500.),(200.,7500.),(200.,0.),(0.,0.)));
#3288=IFCINDEXEDPOLYCURVE(#3287,$,.F.);
#3289=IFCDIRECTION((0.,0.,1.));
#3290=IFCARBITRARYCLOSEDPROFILEDEF(.AREA.,$,#3288);
#3291=IFCCARTESIANPOINT((0.,0.,0.));
#3292=IFCDIRECTION((0.,0.,1.));
#3293=IFCDIRECTION((1.,0.,0.));
#3294=IFCAXIS2PLACEMENT3D(#3291,#3292,#3293);
#3295=IFCEXTRUDEDAREASOLID(#3290,#3294,#3289,2750.);
#3296=IFCSHAPEREPRESENTATION(#11,'Body','SweptSolid',(#3295));
#3297=IFCPRODUCTDEFINITIONSHAPE($,$,(#3296));
#3303=IFCSTYLEDITEM(#3295,(#25),'Fachada');
#3304=IFCCARTESIANPOINT((23899.999999999996,250.,9000.));
#3305=IFCDIRECTION((0.,0.,1.));
#3306=IFCDIRECTION((1.,0.,0.));
#3307=IFCAXIS2PLACEMENT3D(#3304,#3305,#3306);
#3308=IFCLOCALPLACEMENT($,#3307);
#3309=IFCWALL('0Pjjy4ZEv7LePUT_eEQsBv',$,'Muro fachada occidente',$,'Mamposter\X2\00ED\X0\a e=20',#3331,#3320,'100143',$);
#3310=IFCCARTESIANPOINTLIST2D(((0.,0.),(0.,7500.),(200.,7500.),(200.,0.),(0.,0.)));
#3311=IFCINDEXEDPOLYCURVE(#3310,$,.F.);
#3312=IFCDIRECTION((0.,0.,1.));
#3313=IFCARBITRARYCLOSEDPROFILEDEF(.AREA.,$,#3311);
#3314=IFCCARTESIANPOINT((0.,0.,0.));
#3315=IFCDIRECTION((0.,0.,1.));
#3316=IFCDIRECTION((1.,0.,0.));
#3317=IFCAXIS2PLACEMENT3D(#3314,#3315,#3316);
#3318=IFCEXTRUDEDAREASOLID(#3313,#3317,#3312,2750.);
#3319=IFCSHAPEREPRESENTATION(#11,'Body','SweptSolid',(#3318));
#3320=IFCPRODUCTDEFINITIONSHAPE($,$,(#3319));
#3326=IFCSTYLEDITEM(#3318,(#25),'Fachada');
#3327=IFCCARTESIANPOINT((-100.,8250.,9000.));
#3328=IFCDIRECTION((0.,0.,1.));
#3329=IFCDIRECTION((1.,0.,0.));
#3330=IFCAXIS2PLACEMENT3D(#3327,#3328,#3329);
#3331=IFCLOCALPLACEMENT($,#3330);
#3332=IFCWALL('1qdMm$kBL3Zh22SJ3jrfQW',$,'Muro fachada oriente',$,'Mamposter\X2\00ED\X0\a e=20',#3354,#3343,'100144',$);
#3333=IFCCARTESIANPOINTLIST2D(((0.,0.),(0.,7500.),(200.,7500.),(200.,0.),(0.,0.)));
#3334=IFCINDEXEDPOLYCURVE(#3333,$,.F.);
#3335=IFCDIRECTION((0.,0.,1.));
#3336=IFCARBITRARYCLOSEDPROFILEDEF(.AREA.,$,#3334);
#3337=IFCCARTESIANPOINT((0.,0.,0.));
#3338=IFCDIRECTION((0.,0.,1.));
#3339=IFCDIRECTION((1.,0.,0.));
#3340=IFCAXIS2PLACEMENT3D(#3337,#3338,#3339);
#3341=IFCEXTRUDEDAREASOLID(#3336,#3340,#3335,2750.);
#3342=IFCSHAPEREPRESENTATION(#11,'Body','SweptSolid',(#3341));
#3343=IFCPRODUCTDEFINITIONSHAPE($,$,(#3342));
#3349=IFCSTYLEDITEM(#3341,(#25),'Fachada');
#3350=IFCCARTESIANPOINT((23899.999999999996,8250.,9000.));
#3351=IFCDIRECTION((0.,0.,1.));
#3352=IFCDIRECTION((1.,0.,0.));
#3353=IFCAXIS2PLACEMENT3D(#3350,#3351,#3352);
#3354=IFCLOCALPLACEMENT($,#3353);
#3355=IFCBUILDINGSTOREY('1LPejrlhr99xgzmq3suyon',$,'Piso 05',$,$,$,$,$,$,12.);
#3356=IFCCOLUMN('3JgFR$MFLAGvxoDdW5Hvhp',$,'Columna C1A',$,'Columna 50x50',#3379,#3367,'100145',$);
#3357=IFCCARTESIANPOINTLIST2D(((0.,0.),(0.,500.),(500.,500.),(500.,0.),(0.,0.)));
#3358=IFCINDEXEDPOLYCURVE(#3357,$,.F.);
#3359=IFCDIRECTION((0.,0.,1.));
#3360=IFCARBITRARYCLOSEDPROFILEDEF(.AREA.,$,#3358);
#3361=IFCCARTESIANPOINT((0.,0.,0.));
#3362=IFCDIRECTION((0.,0.,1.));
#3363=IFCDIRECTION((1.,0.,0.));
#3364=IFCAXIS2PLACEMENT3D(#3361,#3362,#3363);
#3365=IFCEXTRUDEDAREASOLID(#3360,#3364,#3359,2750.);
#3366=IFCSHAPEREPRESENTATION(#11,'Body','SweptSolid',(#3365));
#3367=IFCPRODUCTDEFINITIONSHAPE($,$,(#3366));
#3373=IFCSTYLEDITEM(#3365,(#19),'Concreto columna');
#3374=IFCRELCONTAINEDINSPATIALSTRUCTURE('3WJIkE$gTDr9iWRPSaudfA',$,$,$,(#3955,#3541,#3495,#3794,#4001,#3356,#3587,#3840,#3380,#3426,#3702,#4047,#4093,#3633,#3886,#4139,#3472,#3679,#3932,#3518,#3978,#3725,#3771,#4024,#3564,#4070,#3610,#3817,#3863,#4116,#3403,#3656,#3909,#4162,#3449,#3748),#3355);
#3375=IFCCARTESIANPOINT((-250.,-250.,12000.));
#3376=IFCDIRECTION((0.,0.,1.));
#3377=IFCDIRECTION((1.,0.,0.));
#3378=IFCAXIS2PLACEMENT3D(#3375,#3376,#3377);
#3379=IFCLOCALPLACEMENT($,#3378);
#3380=IFCCOLUMN('3a5rWbgev2ag58KYy9oBLr',$,'Columna C1B',$,'Columna 50x50',#3402,#3391,'100146',$);
#3381=IFCCARTESIANPOINTLIST2D(((0.,0.),(0.,500.),(500.,500.),(500.,0.),(0.,0.)));
#3382=IFCINDEXEDPOLYCURVE(#3381,$,.F.);
#3383=IFCDIRECTION((0.,0.,1.));
#3384=IFCARBITRARYCLOSEDPROFILEDEF(.AREA.,$,#3382);
#3385=IFCCARTESIANPOINT((0.,0.,0.));
#3386=IFCDIRECTION((0.,0.,1.));
#3387=IFCDIRECTION((1.,0.,0.));
#3388=IFCAXIS2PLACEMENT3D(#3385,#3386,#3387);
#3389=IFCEXTRUDEDAREASOLID(#3384,#3388,#3383,2750.);
#3390=IFCSHAPEREPRESENTATION(#11,'Body','SweptSolid',(#3389));
#3391=IFCPRODUCTDEFINITIONSHAPE($,$,(#3390));
#3397=IFCSTYLEDITEM(#3389,(#19),'Concreto columna');
#3398=IFCCARTESIANPOINT((-250.,7750.,12000.));
#3399=IFCDIRECTION((0.,0.,1.));
#3400=IFCDIRECTION((1.,0.,0.));
#3401=IFCAXIS2PLACEMENT3D(#3398,#3399,#3400);
#3402=IFCLOCALPLACEMENT($,#3401);
#3403=IFCCOLUMN('1Ebgp04PT7oh0thrMyDgHM',$,'Columna C1C',$,'Columna 50x50',#3425,#3414,'100147',$);
#3404=IFCCARTESIANPOINTLIST2D(((0.,0.),(0.,500.),(500.,500.),(500.,0.),(0.,0.)));
#3405=IFCINDEXEDPOLYCURVE(#3404,$,.F.);
#3406=IFCDIRECTION((0.,0.,1.));
#3407=IFCARBITRARYCLOSEDPROFILEDEF(.AREA.,$,#3405);
#3408=IFCCARTESIANPOINT((0.,0.,0.));
#3409=IFCDIRECTION((0.,0.,1.));
#3410=IFCDIRECTION((1.,0.,0.));
#3411=IFCAXIS2PLACEMENT3D(#3408,#3409,#3410);
#3412=IFCEXTRUDEDAREASOLID(#3407,#3411,#3406,2750.);
#3413=IFCSHAPEREPRESENTATION(#11,'Body','SweptSolid',(#3412));
#3414=IFCPRODUCTDEFINITIONSHAPE($,$,(#3413));
#3420=IFCSTYLEDITEM(#3412,(#19),'Concreto columna');
#3421=IFCCARTESIANPOINT((-250.,15750.,12000.));
#3422=IFCDIRECTION((0.,0.,1.));
#3423=IFCDIRECTION((1.,0.,0.));
#3424=IFCAXIS2PLACEMENT3D(#3421,#3422,#3423);
#3425=IFCLOCALPLACEMENT($,#3424);
#3426=IFCCOLUMN('0qvuGfH3PE8PVGuqqNb_Dv',$,'Columna C2A',$,'Columna 50x50',#3448,#3437,'100148',$);
#3427=IFCCARTESIANPOINTLIST2D(((0.,0.),(0.,500.),(500.,500.),(500.,0.),(0.,0.)));
#3428=IFCINDEXEDPOLYCURVE(#3427,$,.F.);
#3429=IFCDIRECTION((0.,0.,1.));
#3430=IFCARBITRARYCLOSEDPROFILEDEF(.AREA.,$,#3428);
#3431=IFCCARTESIANPOINT((0.,0.,0.));
#3432=IFCDIRECTION((0.,0.,1.));
#3433=IFCDIRECTION((1.,0.,0.));
#3434=IFCAXIS2PLACEMENT3D(#3431,#3432,#3433);
#3435=IFCEXTRUDEDAREASOLID(#3430,#3434,#3429,2750.);
#3436=IFCSHAPEREPRESENTATION(#11,'Body','SweptSolid',(#3435));
#3437=IFCPRODUCTDEFINITIONSHAPE($,$,(#3436));
#3443=IFCSTYLEDITEM(#3435,(#19),'Concreto columna');
#3444=IFCCARTESIANPOINT((7750.,-250.,12000.));
#3445=IFCDIRECTION((0.,0.,1.));
#3446=IFCDIRECTION((1.,0.,0.));
#3447=IFCAXIS2PLACEMENT3D(#3444,#3445,#3446);
#3448=IFCLOCALPLACEMENT($,#3447);
#3449=IFCCOLUMN('3T$mT80qLB6eW8xYe4S_wt',$,'Columna C2B',$,'Columna 50x50',#3471,#3460,'100149',$);
#3450=IFCCARTESIANPOINTLIST2D(((0.,0.),(0.,500.),(500.,500.),(500.,0.),(0.,0.)));
#3451=IFCINDEXEDPOLYCURVE(#3450,$,.F.);
#3452=IFCDIRECTION((0.,0.,1.));
#3453=IFCARBITRARYCLOSEDPROFILEDEF(.AREA.,$,#3451);
#3454=IFCCARTESIANPOINT((0.,0.,0.));
#3455=IFCDIRECTION((0.,0.,1.));
#3456=IFCDIRECTION((1.,0.,0.));
#3457=IFCAXIS2PLACEMENT3D(#3454,#3455,#3456);
#3458=IFCEXTRUDEDAREASOLID(#3453,#3457,#3452,2750.);
#3459=IFCSHAPEREPRESENTATION(#11,'Body','SweptSolid',(#3458));
#3460=IFCPRODUCTDEFINITIONSHAPE($,$,(#3459));
#3466=IFCSTYLEDITEM(#3458,(#19),'Concreto columna');
#3467=IFCCARTESIANPOINT((7750.,7750.,12000.));
#3468=IFCDIRECTION((0.,0.,1.));
#3469=IFCDIRECTION((1.,0.,0.));
#3470=IFCAXIS2PLACEMENT3D(#3467,#3468,#3469);
#3471=IFCLOCALPLACEMENT($,#3470);
#3472=IFCCOLUMN('2K3JAoDm14ZhtxrSL$lqmh',$,'Columna C2C',$,'Columna 50x50',#3494,#3483,'100150',$);
#3473=IFCCARTESIANPOINTLIST2D(((0.,0.),(0.,500.),(500.,500.),(500.,0.),(0.,0.)));
#3474=IFCINDEXEDPOLYCURVE(#3473,$,.F.);
#3475=IFCDIRECTION((0.,0.,1.));
#3476=IFCARBITRARYCLOSEDPROFILEDEF(.AREA.,$,#3474);
#3477=IFCCARTESIANPOINT((0.,0.,0.));
#3478=IFCDIRECTION((0.,0.,1.));
#3479=IFCDIRECTION((1.,0.,0.));
#3480=IFCAXIS2PLACEMENT3D(#3477,#3478,#3479);
#3481=IFCEXTRUDEDAREASOLID(#3476,#3480,#3475,2750.);
#3482=IFCSHAPEREPRESENTATION(#11,'Body','SweptSolid',(#3481));
#3483=IFCPRODUCTDEFINITIONSHAPE($,$,(#3482));
#3489=IFCSTYLEDITEM(#3481,(#19),'Concreto columna');
#3490=IFCCARTESIANPOINT((7750.,15750.,12000.));
#3491=IFCDIRECTION((0.,0.,1.));
#3492=IFCDIRECTION((1.,0.,0.));
#3493=IFCAXIS2PLACEMENT3D(#3490,#3491,#3492);
#3494=IFCLOCALPLACEMENT($,#3493);
#3495=IFCCOLUMN('0Q1xnX2ln1bfwFpNyCvpbl',$,'Columna C3A',$,'Columna 50x50',#3517,#3506,'100151',$);
#3496=IFCCARTESIANPOINTLIST2D(((0.,0.),(0.,500.),(500.,500.),(500.,0.),(0.,0.)));
#3497=IFCINDEXEDPOLYCURVE(#3496,$,.F.);
#3498=IFCDIRECTION((0.,0.,1.));
#3499=IFCARBITRARYCLOSEDPROFILEDEF(.AREA.,$,#3497);
#3500=IFCCARTESIANPOINT((0.,0.,0.));
#3501=IFCDIRECTION((0.,0.,1.));
#3502=IFCDIRECTION((1.,0.,0.));
#3503=IFCAXIS2PLACEMENT3D(#3500,#3501,#3502);
#3504=IFCEXTRUDEDAREASOLID(#3499,#3503,#3498,2750.);
#3505=IFCSHAPEREPRESENTATION(#11,'Body','SweptSolid',(#3504));
#3506=IFCPRODUCTDEFINITIONSHAPE($,$,(#3505));
#3512=IFCSTYLEDITEM(#3504,(#19),'Concreto columna');
#3513=IFCCARTESIANPOINT((15750.,-250.,12000.));
#3514=IFCDIRECTION((0.,0.,1.));
#3515=IFCDIRECTION((1.,0.,0.));
#3516=IFCAXIS2PLACEMENT3D(#3513,#3514,#3515);
#3517=IFCLOCALPLACEMENT($,#3516);
#3518=IFCCOLUMN('07PdEkllfDFPilPC2dFCT5',$,'Columna C3B',$,'Columna 50x50',#3540,#3529,'100152',$);
#3519=IFCCARTESIANPOINTLIST2D(((0.,0.),(0.,500.),(500.,500.),(500.,0.),(0.,0.)));
#3520=IFCINDEXEDPOLYCURVE(#3519,$,.F.);
#3521=IFCDIRECTION((0.,0.,1.));
#3522=IFCARBITRARYCLOSEDPROFILEDEF(.AREA.,$,#3520);
#3523=IFCCARTESIANPOINT((0.,0.,0.));
#3524=IFCDIRECTION((0.,0.,1.));
#3525=IFCDIRECTION((1.,0.,0.));
#3526=IFCAXIS2PLACEMENT3D(#3523,#3524,#3525);
#3527=IFCEXTRUDEDAREASOLID(#3522,#3526,#3521,2750.);
#3528=IFCSHAPEREPRESENTATION(#11,'Body','SweptSolid',(#3527));
#3529=IFCPRODUCTDEFINITIONSHAPE($,$,(#3528));
#3535=IFCSTYLEDITEM(#3527,(#19),'Concreto columna');
#3536=IFCCARTESIANPOINT((15750.,7750.,12000.));
#3537=IFCDIRECTION((0.,0.,1.));
#3538=IFCDIRECTION((1.,0.,0.));
#3539=IFCAXIS2PLACEMENT3D(#3536,#3537,#3538);
#3540=IFCLOCALPLACEMENT($,#3539);
#3541=IFCCOLUMN('32cX_jwE507eKfR1lvwzAQ',$,'Columna C3C',$,'Columna 50x50',#3563,#3552,'100153',$);
#3542=IFCCARTESIANPOINTLIST2D(((0.,0.),(0.,500.),(500.,500.),(500.,0.),(0.,0.)));
#3543=IFCINDEXEDPOLYCURVE(#3542,$,.F.);
#3544=IFCDIRECTION((0.,0.,1.));
#3545=IFCARBITRARYCLOSEDPROFILEDEF(.AREA.,$,#3543);
#3546=IFCCARTESIANPOINT((0.,0.,0.));
#3547=IFCDIRECTION((0.,0.,1.));
#3548=IFCDIRECTION((1.,0.,0.));
#3549=IFCAXIS2PLACEMENT3D(#3546,#3547,#3548);
#3550=IFCEXTRUDEDAREASOLID(#3545,#3549,#3544,2750.);
#3551=IFCSHAPEREPRESENTATION(#11,'Body','SweptSolid',(#3550));
#3552=IFCPRODUCTDEFINITIONSHAPE($,$,(#3551));
#3558=IFCSTYLEDITEM(#3550,(#19),'Concreto columna');
#3559=IFCCARTESIANPOINT((15750.,15750.,12000.));
#3560=IFCDIRECTION((0.,0.,1.));
#3561=IFCDIRECTION((1.,0.,0.));
#3562=IFCAXIS2PLACEMENT3D(#3559,#3560,#3561);
#3563=IFCLOCALPLACEMENT($,#3562);
#3564=IFCCOLUMN('0pj6oOcSv4Z8dK$UECUBOm',$,'Columna C4A',$,'Columna 50x50',#3586,#3575,'100154',$);
#3565=IFCCARTESIANPOINTLIST2D(((0.,0.),(0.,500.),(500.,500.),(500.,0.),(0.,0.)));
#3566=IFCINDEXEDPOLYCURVE(#3565,$,.F.);
#3567=IFCDIRECTION((0.,0.,1.));
#3568=IFCARBITRARYCLOSEDPROFILEDEF(.AREA.,$,#3566);
#3569=IFCCARTESIANPOINT((0.,0.,0.));
#3570=IFCDIRECTION((0.,0.,1.));
#3571=IFCDIRECTION((1.,0.,0.));
#3572=IFCAXIS2PLACEMENT3D(#3569,#3570,#3571);
#3573=IFCEXTRUDEDAREASOLID(#3568,#3572,#3567,2750.);
#3574=IFCSHAPEREPRESENTATION(#11,'Body','SweptSolid',(#3573));
#3575=IFCPRODUCTDEFINITIONSHAPE($,$,(#3574));
#3581=IFCSTYLEDITEM(#3573,(#19),'Concreto columna');
#3582=IFCCARTESIANPOINT((23750.,-250.,12000.));
#3583=IFCDIRECTION((0.,0.,1.));
#3584=IFCDIRECTION((1.,0.,0.));
#3585=IFCAXIS2PLACEMENT3D(#3582,#3583,#3584);
#3586=IFCLOCALPLACEMENT($,#3585);
#3587=IFCCOLUMN('1ilhu0Pg5EoO06535i8XBO',$,'Columna C4B',$,'Columna 50x50',#3609,#3598,'100155',$);
#3588=IFCCARTESIANPOINTLIST2D(((0.,0.),(0.,500.),(500.,500.),(500.,0.),(0.,0.)));
#3589=IFCINDEXEDPOLYCURVE(#3588,$,.F.);
#3590=IFCDIRECTION((0.,0.,1.));
#3591=IFCARBITRARYCLOSEDPROFILEDEF(.AREA.,$,#3589);
#3592=IFCCARTESIANPOINT((0.,0.,0.));
#3593=IFCDIRECTION((0.,0.,1.));
#3594=IFCDIRECTION((1.,0.,0.));
#3595=IFCAXIS2PLACEMENT3D(#3592,#3593,#3594);
#3596=IFCEXTRUDEDAREASOLID(#3591,#3595,#3590,2750.);
#3597=IFCSHAPEREPRESENTATION(#11,'Body','SweptSolid',(#3596));
#3598=IFCPRODUCTDEFINITIONSHAPE($,$,(#3597));
#3604=IFCSTYLEDITEM(#3596,(#19),'Concreto columna');
#3605=IFCCARTESIANPOINT((23750.,7750.,12000.));
#3606=IFCDIRECTION((0.,0.,1.));
#3607=IFCDIRECTION((1.,0.,0.));
#3608=IFCAXIS2PLACEMENT3D(#3605,#3606,#3607);
#3609=IFCLOCALPLACEMENT($,#3608);
#3610=IFCCOLUMN('2doLGjqQT2nh0Qg6N_RXUg',$,'Columna C4C',$,'Columna 50x50',#3632,#3621,'100156',$);
#3611=IFCCARTESIANPOINTLIST2D(((0.,0.),(0.,500.),(500.,500.),(500.,0.),(0.,0.)));
#3612=IFCINDEXEDPOLYCURVE(#3611,$,.F.);
#3613=IFCDIRECTION((0.,0.,1.));
#3614=IFCARBITRARYCLOSEDPROFILEDEF(.AREA.,$,#3612);
#3615=IFCCARTESIANPOINT((0.,0.,0.));
#3616=IFCDIRECTION((0.,0.,1.));
#3617=IFCDIRECTION((1.,0.,0.));
#3618=IFCAXIS2PLACEMENT3D(#3615,#3616,#3617);
#3619=IFCEXTRUDEDAREASOLID(#3614,#3618,#3613,2750.);
#3620=IFCSHAPEREPRESENTATION(#11,'Body','SweptSolid',(#3619));
#3621=IFCPRODUCTDEFINITIONSHAPE($,$,(#3620));
#3627=IFCSTYLEDITEM(#3619,(#19),'Concreto columna');
#3628=IFCCARTESIANPOINT((23750.,15750.,12000.));
#3629=IFCDIRECTION((0.,0.,1.));
#3630=IFCDIRECTION((1.,0.,0.));
#3631=IFCAXIS2PLACEMENT3D(#3628,#3629,#3630);
#3632=IFCLOCALPLACEMENT($,#3631);
#3633=IFCSLAB('0ok09AhE563hCVPw8O5Sl6',$,'Placa piso 06',$,'Placa maciza e=25',#3655,#3644,'100157',$);
#3634=IFCCARTESIANPOINTLIST2D(((0.,0.),(0.,16600.),(24600.,16600.),(24600.,0.),(0.,0.)));
#3635=IFCINDEXEDPOLYCURVE(#3634,$,.F.);
#3636=IFCDIRECTION((0.,0.,1.));
#3637=IFCARBITRARYCLOSEDPROFILEDEF(.AREA.,$,#3635);
#3638=IFCCARTESIANPOINT((0.,0.,0.));
#3639=IFCDIRECTION((0.,0.,1.));
#3640=IFCDIRECTION((1.,0.,0.));
#3641=IFCAXIS2PLACEMENT3D(#3638,#3639,#3640);
#3642=IFCEXTRUDEDAREASOLID(#3637,#3641,#3636,250.);
#3643=IFCSHAPEREPRESENTATION(#11,'Body','SweptSolid',(#3642));
#3644=IFCPRODUCTDEFINITIONSHAPE($,$,(#3643));
#3650=IFCSTYLEDITEM(#3642,(#16),'Concreto');
#3651=IFCCARTESIANPOINT((-300.,-300.,14750.));
#3652=IFCDIRECTION((0.,0.,1.));
#3653=IFCDIRECTION((1.,0.,0.));
#3654=IFCAXIS2PLACEMENT3D(#3651,#3652,#3653);
#3655=IFCLOCALPLACEMENT($,#3654);
#3656=IFCWALL('3Xb$M7xyX94PbOpesxIZRP',$,'Muro n\X2\00FA\X0\cleo',$,'Muro concreto e=20',#3678,#3667,'100158',$);
#3657=IFCCARTESIANPOINTLIST2D(((0.,0.),(0.,4000.),(4000.,4000.),(4000.,0.),(0.,0.)));
#3658=IFCINDEXEDPOLYCURVE(#3657,$,.F.);
#3659=IFCDIRECTION((0.,0.,1.));
#3660=IFCARBITRARYCLOSEDPROFILEDEF(.AREA.,$,#3658);
#3661=IFCCARTESIANPOINT((0.,0.,0.));
#3662=IFCDIRECTION((0.,0.,1.));
#3663=IFCDIRECTION((1.,0.,0.));
#3664=IFCAXIS2PLACEMENT3D(#3661,#3662,#3663);
#3665=IFCEXTRUDEDAREASOLID(#3660,#3664,#3659,2750.);
#3666=IFCSHAPEREPRESENTATION(#11,'Body','SweptSolid',(#3665));
#3667=IFCPRODUCTDEFINITIONSHAPE($,$,(#3666));
#3673=IFCSTYLEDITEM(#3665,(#31),'N\X2\00FA\X0\cleo');
#3674=IFCCARTESIANPOINT((10000.,6000.,12000.));
#3675=IFCDIRECTION((0.,0.,1.));
#3676=IFCDIRECTION((1.,0.,0.));
#3677=IFCAXIS2PLACEMENT3D(#3674,#3675,#3676);
#3678=IFCLOCALPLACEMENT($,#3677);
#3679=IFCWALL('2IFkpMGD17HfltmvnSWFKt',$,'Muro fachada sur',$,'Mamposter\X2\00ED\X0\a e=20',#3701,#3690,'100159',$);
#3680=IFCCARTESIANPOINTLIST2D(((0.,0.),(0.,200.),(7500.,200.),(7500.,0.),(0.,0.)));
#3681=IFCINDEXEDPOLYCURVE(#3680,$,.F.);
#3682=IFCDIRECTION((0.,0.,1.));
#3683=IFCARBITRARYCLOSEDPROFILEDEF(.AREA.,$,#3681);
#3684=IFCCARTESIANPOINT((0.,0.,0.));
#3685=IFCDIRECTION((0.,0.,1.));
#3686=IFCDIRECTION((1.,0.,0.));
#3687=IFCAXIS2PLACEMENT3D(#3684,#3685,#3686);
#3688=IFCEXTRUDEDAREASOLID(#3683,#3687,#3682,900.);
#3689=IFCSHAPEREPRESENTATION(#11,'Body','SweptSolid',(#3688));
#3690=IFCPRODUCTDEFINITIONSHAPE($,$,(#3689));
#3696=IFCSTYLEDITEM(#3688,(#25),'Fachada');
#3697=IFCCARTESIANPOINT((250.,-100.,12000.));
#3698=IFCDIRECTION((0.,0.,1.));
#3699=IFCDIRECTION((1.,0.,0.));
#3700=IFCAXIS2PLACEMENT3D(#3697,#3698,#3699);
#3701=IFCLOCALPLACEMENT($,#3700);
#3702=IFCWINDOW('2DqQCV_x5CDRumts5iLyDM',$,'Ventana sur',$,'Ventana piso-techo',#3724,#3713,'100160',$,$,$,$,$);
#3703=IFCCARTESIANPOINTLIST2D(((0.,0.),(0.,100.),(7099.9999999999991,100.),(7099.9999999999991,0.),(0.,0.)));
#3704=IFCINDEXEDPOLYCURVE(#3703,$,.F.);
#3705=IFCDIRECTION((0.,0.,1.));
#3706=IFCARBITRARYCLOSEDPROFILEDEF(.AREA.,$,#3704);
#3707=IFCCARTESIANPOINT((0.,0.,0.));
#3708=IFCDIRECTION((0.,0.,1.));
#3709=IFCDIRECTION((1.,0.,0.));
#3710=IFCAXIS2PLACEMENT3D(#3707,#3708,#3709);
#3711=IFCEXTRUDEDAREASOLID(#3706,#3710,#3705,1800.);
#3712=IFCSHAPEREPRESENTATION(#11,'Body','SweptSolid',(#3711));
#3713=IFCPRODUCTDEFINITIONSHAPE($,$,(#3712));
#3719=IFCSTYLEDITEM(#3711,(#28),'Vidrio');
#3720=IFCCARTESIANPOINT((450.,-50.,12900.));
#3721=IFCDIRECTION((0.,0.,1.));
#3722=IFCDIRECTION((1.,0.,0.));
#3723=IFCAXIS2PLACEMENT3D(#3720,#3721,#3722);
#3724=IFCLOCALPLACEMENT($,#3723);
#3725=IFCWALL('3PAiAMqxTAJvE3R6Q7AXDB',$,'Dintel sur',$,$,#3747,#3736,'100161',$);
#3726=IFCCARTESIANPOINTLIST2D(((0.,0.),(0.,200.),(7500.,200.),(7500.,0.),(0.,0.)));
#3727=IFCINDEXEDPOLYCURVE(#3726,$,.F.);
#3728=IFCDIRECTION((0.,0.,1.));
#3729=IFCARBITRARYCLOSEDPROFILEDEF(.AREA.,$,#3727);
#3730=IFCCARTESIANPOINT((0.,0.,0.));
#3731=IFCDIRECTION((0.,0.,1.));
#3732=IFCDIRECTION((1.,0.,0.));
#3733=IFCAXIS2PLACEMENT3D(#3730,#3731,#3732);
#3734=IFCEXTRUDEDAREASOLID(#3729,#3733,#3728,50.);
#3735=IFCSHAPEREPRESENTATION(#11,'Body','SweptSolid',(#3734));
#3736=IFCPRODUCTDEFINITIONSHAPE($,$,(#3735));
#3742=IFCSTYLEDITEM(#3734,(#25),'Fachada');
#3743=IFCCARTESIANPOINT((250.,-100.,14699.999999999998));
#3744=IFCDIRECTION((0.,0.,1.));
#3745=IFCDIRECTION((1.,0.,0.));
#3746=IFCAXIS2PLACEMENT3D(#3743,#3744,#3745);
#3747=IFCLOCALPLACEMENT($,#3746);
#3748=IFCWALL('1sSfhwaD99cg$fM08DIXmd',$,'Muro fachada norte',$,'Mamposter\X2\00ED\X0\a e=20',#3770,#3759,'100162',$);
#3749=IFCCARTESIANPOINTLIST2D(((0.,0.),(0.,200.),(7500.,200.),(7500.,0.),(0.,0.)));
#3750=IFCINDEXEDPOLYCURVE(#3749,$,.F.);
#3751=IFCDIRECTION((0.,0.,1.));
#3752=IFCARBITRARYCLOSEDPROFILEDEF(.AREA.,$,#3750);
#3753=IFCCARTESIANPOINT((0.,0.,0.));
#3754=IFCDIRECTION((0.,0.,1.));
#3755=IFCDIRECTION((1.,0.,0.));
#3756=IFCAXIS2PLACEMENT3D(#3753,#3754,#3755);
#3757=IFCEXTRUDEDAREASOLID(#3752,#3756,#3751,900.);
#3758=IFCSHAPEREPRESENTATION(#11,'Body','SweptSolid',(#3757));
#3759=IFCPRODUCTDEFINITIONSHAPE($,$,(#3758));
#3765=IFCSTYLEDITEM(#3757,(#25),'Fachada');
#3766=IFCCARTESIANPOINT((250.,15900.,12000.));
#3767=IFCDIRECTION((0.,0.,1.));
#3768=IFCDIRECTION((1.,0.,0.));
#3769=IFCAXIS2PLACEMENT3D(#3766,#3767,#3768);
#3770=IFCLOCALPLACEMENT($,#3769);
#3771=IFCWINDOW('2kPXHb3wb8JuHuWmLeKoVQ',$,'Ventana norte',$,'Ventana piso-techo',#3793,#3782,'100163',$,$,$,$,$);
#3772=IFCCARTESIANPOINTLIST2D(((0.,0.),(0.,100.),(7099.9999999999991,100.),(7099.9999999999991,0.),(0.,0.)));
#3773=IFCINDEXEDPOLYCURVE(#3772,$,.F.);
#3774=IFCDIRECTION((0.,0.,1.));
#3775=IFCARBITRARYCLOSEDPROFILEDEF(.AREA.,$,#3773);
#3776=IFCCARTESIANPOINT((0.,0.,0.));
#3777=IFCDIRECTION((0.,0.,1.));
#3778=IFCDIRECTION((1.,0.,0.));
#3779=IFCAXIS2PLACEMENT3D(#3776,#3777,#3778);
#3780=IFCEXTRUDEDAREASOLID(#3775,#3779,#3774,1800.);
#3781=IFCSHAPEREPRESENTATION(#11,'Body','SweptSolid',(#3780));
#3782=IFCPRODUCTDEFINITIONSHAPE($,$,(#3781));
#3788=IFCSTYLEDITEM(#3780,(#28),'Vidrio');
#3789=IFCCARTESIANPOINT((450.,15950.,12900.));
#3790=IFCDIRECTION((0.,0.,1.));
#3791=IFCDIRECTION((1.,0.,0.));
#3792=IFCAXIS2PLACEMENT3D(#3789,#3790,#3791);
#3793=IFCLOCALPLACEMENT($,#3792);
#3794=IFCWALL('1wTSDcxnzCAh32VNH105m1',$,'Dintel norte',$,$,#3816,#3805,'100164',$);
#3795=IFCCARTESIANPOINTLIST2D(((0.,0.),(0.,200.),(7500.,200.),(7500.,0.),(0.,0.)));
#3796=IFCINDEXEDPOLYCURVE(#3795,$,.F.);
#3797=IFCDIRECTION((0.,0.,1.));
#3798=IFCARBITRARYCLOSEDPROFILEDEF(.AREA.,$,#3796);
#3799=IFCCARTESIANPOINT((0.,0.,0.));
#3800=IFCDIRECTION((0.,0.,1.));
#3801=IFCDIRECTION((1.,0.,0.));
#3802=IFCAXIS2PLACEMENT3D(#3799,#3800,#3801);
#3803=IFCEXTRUDEDAREASOLID(#3798,#3802,#3797,50.);
#3804=IFCSHAPEREPRESENTATION(#11,'Body','SweptSolid',(#3803));
#3805=IFCPRODUCTDEFINITIONSHAPE($,$,(#3804));
#3811=IFCSTYLEDITEM(#3803,(#25),'Fachada');
#3812=IFCCARTESIANPOINT((250.,15900.,14699.999999999998));
#3813=IFCDIRECTION((0.,0.,1.));
#3814=IFCDIRECTION((1.,0.,0.));
#3815=IFCAXIS2PLACEMENT3D(#3812,#3813,#3814);
#3816=IFCLOCALPLACEMENT($,#3815);
#3817=IFCWALL('3JHxLN3XD04OFZWKLYv0Hk',$,'Muro fachada sur',$,'Mamposter\X2\00ED\X0\a e=20',#3839,#3828,'100165',$);
#3818=IFCCARTESIANPOINTLIST2D(((0.,0.),(0.,200.),(7500.,200.),(7500.,0.),(0.,0.)));
#3819=IFCINDEXEDPOLYCURVE(#3818,$,.F.);
#3820=IFCDIRECTION((0.,0.,1.));
#3821=IFCARBITRARYCLOSEDPROFILEDEF(.AREA.,$,#3819);
#3822=IFCCARTESIANPOINT((0.,0.,0.));
#3823=IFCDIRECTION((0.,0.,1.));
#3824=IFCDIRECTION((1.,0.,0.));
#3825=IFCAXIS2PLACEMENT3D(#3822,#3823,#3824);
#3826=IFCEXTRUDEDAREASOLID(#3821,#3825,#3820,900.);
#3827=IFCSHAPEREPRESENTATION(#11,'Body','SweptSolid',(#3826));
#3828=IFCPRODUCTDEFINITIONSHAPE($,$,(#3827));
#3834=IFCSTYLEDITEM(#3826,(#25),'Fachada');
#3835=IFCCARTESIANPOINT((8250.,-100.,12000.));
#3836=IFCDIRECTION((0.,0.,1.));
#3837=IFCDIRECTION((1.,0.,0.));
#3838=IFCAXIS2PLACEMENT3D(#3835,#3836,#3837);
#3839=IFCLOCALPLACEMENT($,#3838);
#3840=IFCWINDOW('1G_v02uF5Cceb27NvdMCc6',$,'Ventana sur',$,'Ventana piso-techo',#3862,#3851,'100166',$,$,$,$,$);
#3841=IFCCARTESIANPOINTLIST2D(((0.,0.),(0.,100.),(7099.9999999999991,100.),(7099.9999999999991,0.),(0.,0.)));
#3842=IFCINDEXEDPOLYCURVE(#3841,$,.F.);
#3843=IFCDIRECTION((0.,0.,1.));
#3844=IFCARBITRARYCLOSEDPROFILEDEF(.AREA.,$,#3842);
#3845=IFCCARTESIANPOINT((0.,0.,0.));
#3846=IFCDIRECTION((0.,0.,1.));
#3847=IFCDIRECTION((1.,0.,0.));
#3848=IFCAXIS2PLACEMENT3D(#3845,#3846,#3847);
#3849=IFCEXTRUDEDAREASOLID(#3844,#3848,#3843,1800.);
#3850=IFCSHAPEREPRESENTATION(#11,'Body','SweptSolid',(#3849));
#3851=IFCPRODUCTDEFINITIONSHAPE($,$,(#3850));
#3857=IFCSTYLEDITEM(#3849,(#28),'Vidrio');
#3858=IFCCARTESIANPOINT((8450.,-50.,12900.));
#3859=IFCDIRECTION((0.,0.,1.));
#3860=IFCDIRECTION((1.,0.,0.));
#3861=IFCAXIS2PLACEMENT3D(#3858,#3859,#3860);
#3862=IFCLOCALPLACEMENT($,#3861);
#3863=IFCWALL('2k2H2b4Ob7kxtQobJ9XqfU',$,'Dintel sur',$,$,#3885,#3874,'100167',$);
#3864=IFCCARTESIANPOINTLIST2D(((0.,0.),(0.,200.),(7500.,200.),(7500.,0.),(0.,0.)));
#3865=IFCINDEXEDPOLYCURVE(#3864,$,.F.);
#3866=IFCDIRECTION((0.,0.,1.));
#3867=IFCARBITRARYCLOSEDPROFILEDEF(.AREA.,$,#3865);
#3868=IFCCARTESIANPOINT((0.,0.,0.));
#3869=IFCDIRECTION((0.,0.,1.));
#3870=IFCDIRECTION((1.,0.,0.));
#3871=IFCAXIS2PLACEMENT3D(#3868,#3869,#3870);
#3872=IFCEXTRUDEDAREASOLID(#3867,#3871,#3866,50.);
#3873=IFCSHAPEREPRESENTATION(#11,'Body','SweptSolid',(#3872));
#3874=IFCPRODUCTDEFINITIONSHAPE($,$,(#3873));
#3880=IFCSTYLEDITEM(#3872,(#25),'Fachada');
#3881=IFCCARTESIANPOINT((8250.,-100.,14699.999999999998));
#3882=IFCDIRECTION((0.,0.,1.));
#3883=IFCDIRECTION((1.,0.,0.));
#3884=IFCAXIS2PLACEMENT3D(#3881,#3882,#3883);
#3885=IFCLOCALPLACEMENT($,#3884);
#3886=IFCWALL('3UtN6dFmzDo8YivQ$STB4c',$,'Muro fachada norte',$,'Mamposter\X2\00ED\X0\a e=20',#3908,#3897,'100168',$);
#3887=IFCCARTESIANPOINTLIST2D(((0.,0.),(0.,200.),(7500.,200.),(7500.,0.),(0.,0.)));
#3888=IFCINDEXEDPOLYCURVE(#3887,$,.F.);
#3889=IFCDIRECTION((0.,0.,1.));
#3890=IFCARBITRARYCLOSEDPROFILEDEF(.AREA.,$,#3888);
#3891=IFCCARTESIANPOINT((0.,0.,0.));
#3892=IFCDIRECTION((0.,0.,1.));
#3893=IFCDIRECTION((1.,0.,0.));
#3894=IFCAXIS2PLACEMENT3D(#3891,#3892,#3893);
#3895=IFCEXTRUDEDAREASOLID(#3890,#3894,#3889,900.);
#3896=IFCSHAPEREPRESENTATION(#11,'Body','SweptSolid',(#3895));
#3897=IFCPRODUCTDEFINITIONSHAPE($,$,(#3896));
#3903=IFCSTYLEDITEM(#3895,(#25),'Fachada');
#3904=IFCCARTESIANPOINT((8250.,15900.,12000.));
#3905=IFCDIRECTION((0.,0.,1.));
#3906=IFCDIRECTION((1.,0.,0.));
#3907=IFCAXIS2PLACEMENT3D(#3904,#3905,#3906);
#3908=IFCLOCALPLACEMENT($,#3907);
#3909=IFCWINDOW('0cuknoHi5AZ9VJGWQevMbQ',$,'Ventana norte',$,'Ventana piso-techo',#3931,#3920,'100169',$,$,$,$,$);
#3910=IFCCARTESIANPOINTLIST2D(((0.,0.),(0.,100.),(7099.9999999999991,100.),(7099.9999999999991,0.),(0.,0.)));
#3911=IFCINDEXEDPOLYCURVE(#3910,$,.F.);
#3912=IFCDIRECTION((0.,0.,1.));
#3913=IFCARBITRARYCLOSEDPROFILEDEF(.AREA.,$,#3911);
#3914=IFCCARTESIANPOINT((0.,0.,0.));
#3915=IFCDIRECTION((0.,0.,1.));
#3916=IFCDIRECTION((1.,0.,0.));
#3917=IFCAXIS2PLACEMENT3D(#3914,#3915,#3916);
#3918=IFCEXTRUDEDAREASOLID(#3913,#3917,#3912,1800.);
#3919=IFCSHAPEREPRESENTATION(#11,'Body','SweptSolid',(#3918));
#3920=IFCPRODUCTDEFINITIONSHAPE($,$,(#3919));
#3926=IFCSTYLEDITEM(#3918,(#28),'Vidrio');
#3927=IFCCARTESIANPOINT((8450.,15950.,12900.));
#3928=IFCDIRECTION((0.,0.,1.));
#3929=IFCDIRECTION((1.,0.,0.));
#3930=IFCAXIS2PLACEMENT3D(#3927,#3928,#3929);
#3931=IFCLOCALPLACEMENT($,#3930);
#3932=IFCWALL('0IQUk77inClebAuUc4Tbtf',$,'Dintel norte',$,$,#3954,#3943,'100170',$);
#3933=IFCCARTESIANPOINTLIST2D(((0.,0.),(0.,200.),(7500.,200.),(7500.,0.),(0.,0.)));
#3934=IFCINDEXEDPOLYCURVE(#3933,$,.F.);
#3935=IFCDIRECTION((0.,0.,1.));
#3936=IFCARBITRARYCLOSEDPROFILEDEF(.AREA.,$,#3934);
#3937=IFCCARTESIANPOINT((0.,0.,0.));
#3938=IFCDIRECTION((0.,0.,1.));
#3939=IFCDIRECTION((1.,0.,0.));
#3940=IFCAXIS2PLACEMENT3D(#3937,#3938,#3939);
#3941=IFCEXTRUDEDAREASOLID(#3936,#3940,#3935,50.);
#3942=IFCSHAPEREPRESENTATION(#11,'Body','SweptSolid',(#3941));
#3943=IFCPRODUCTDEFINITIONSHAPE($,$,(#3942));
#3949=IFCSTYLEDITEM(#3941,(#25),'Fachada');
#3950=IFCCARTESIANPOINT((8250.,15900.,14699.999999999998));
#3951=IFCDIRECTION((0.,0.,1.));
#3952=IFCDIRECTION((1.,0.,0.));
#3953=IFCAXIS2PLACEMENT3D(#3950,#3951,#3952);
#3954=IFCLOCALPLACEMENT($,#3953);
#3955=IFCWALL('0FBRnVfNXA9PFeCThTBVhF',$,'Muro fachada sur',$,'Mamposter\X2\00ED\X0\a e=20',#3977,#3966,'100171',$);
#3956=IFCCARTESIANPOINTLIST2D(((0.,0.),(0.,200.),(7500.,200.),(7500.,0.),(0.,0.)));
#3957=IFCINDEXEDPOLYCURVE(#3956,$,.F.);
#3958=IFCDIRECTION((0.,0.,1.));
#3959=IFCARBITRARYCLOSEDPROFILEDEF(.AREA.,$,#3957);
#3960=IFCCARTESIANPOINT((0.,0.,0.));
#3961=IFCDIRECTION((0.,0.,1.));
#3962=IFCDIRECTION((1.,0.,0.));
#3963=IFCAXIS2PLACEMENT3D(#3960,#3961,#3962);
#3964=IFCEXTRUDEDAREASOLID(#3959,#3963,#3958,900.);
#3965=IFCSHAPEREPRESENTATION(#11,'Body','SweptSolid',(#3964));
#3966=IFCPRODUCTDEFINITIONSHAPE($,$,(#3965));
#3972=IFCSTYLEDITEM(#3964,(#25),'Fachada');
#3973=IFCCARTESIANPOINT((16250.,-100.,12000.));
#3974=IFCDIRECTION((0.,0.,1.));
#3975=IFCDIRECTION((1.,0.,0.));
#3976=IFCAXIS2PLACEMENT3D(#3973,#3974,#3975);
#3977=IFCLOCALPLACEMENT($,#3976);
#3978=IFCWINDOW('13pRmsbgbEXvyX135hZc31',$,'Ventana sur',$,'Ventana piso-techo',#4000,#3989,'100172',$,$,$,$,$);
#3979=IFCCARTESIANPOINTLIST2D(((0.,0.),(0.,100.),(7099.9999999999991,100.),(7099.9999999999991,0.),(0.,0.)));
#3980=IFCINDEXEDPOLYCURVE(#3979,$,.F.);
#3981=IFCDIRECTION((0.,0.,1.));
#3982=IFCARBITRARYCLOSEDPROFILEDEF(.AREA.,$,#3980);
#3983=IFCCARTESIANPOINT((0.,0.,0.));
#3984=IFCDIRECTION((0.,0.,1.));
#3985=IFCDIRECTION((1.,0.,0.));
#3986=IFCAXIS2PLACEMENT3D(#3983,#3984,#3985);
#3987=IFCEXTRUDEDAREASOLID(#3982,#3986,#3981,1800.);
#3988=IFCSHAPEREPRESENTATION(#11,'Body','SweptSolid',(#3987));
#3989=IFCPRODUCTDEFINITIONSHAPE($,$,(#3988));
#3995=IFCSTYLEDITEM(#3987,(#28),'Vidrio');
#3996=IFCCARTESIANPOINT((16450.,-50.,12900.));
#3997=IFCDIRECTION((0.,0.,1.));
#3998=IFCDIRECTION((1.,0.,0.));
#3999=IFCAXIS2PLACEMENT3D(#3996,#3997,#3998);
#4000=IFCLOCALPLACEMENT($,#3999);
#4001=IFCWALL('24e4CaeoX2tAsNXup6xZ$p',$,'Dintel sur',$,$,#4023,#4012,'100173',$);
#4002=IFCCARTESIANPOINTLIST2D(((0.,0.),(0.,200.),(7500.,200.),(7500.,0.),(0.,0.)));
#4003=IFCINDEXEDPOLYCURVE(#4002,$,.F.);
#4004=IFCDIRECTION((0.,0.,1.));
#4005=IFCARBITRARYCLOSEDPROFILEDEF(.AREA.,$,#4003);
#4006=IFCCARTESIANPOINT((0.,0.,0.));
#4007=IFCDIRECTION((0.,0.,1.));
#4008=IFCDIRECTION((1.,0.,0.));
#4009=IFCAXIS2PLACEMENT3D(#4006,#4007,#4008);
#4010=IFCEXTRUDEDAREASOLID(#4005,#4009,#4004,50.);
#4011=IFCSHAPEREPRESENTATION(#11,'Body','SweptSolid',(#4010));
#4012=IFCPRODUCTDEFINITIONSHAPE($,$,(#4011));
#4018=IFCSTYLEDITEM(#4010,(#25),'Fachada');
#4019=IFCCARTESIANPOINT((16250.,-100.,14699.999999999998));
#4020=IFCDIRECTION((0.,0.,1.));
#4021=IFCDIRECTION((1.,0.,0.));
#4022=IFCAXIS2PLACEMENT3D(#4019,#4020,#4021);
#4023=IFCLOCALPLACEMENT($,#4022);
#4024=IFCWALL('1TqpME4wj7iuf$Ke7EJp5D',$,'Muro fachada norte',$,'Mamposter\X2\00ED\X0\a e=20',#4046,#4035,'100174',$);
#4025=IFCCARTESIANPOINTLIST2D(((0.,0.),(0.,200.),(7500.,200.),(7500.,0.),(0.,0.)));
#4026=IFCINDEXEDPOLYCURVE(#4025,$,.F.);
#4027=IFCDIRECTION((0.,0.,1.));
#4028=IFCARBITRARYCLOSEDPROFILEDEF(.AREA.,$,#4026);
#4029=IFCCARTESIANPOINT((0.,0.,0.));
#4030=IFCDIRECTION((0.,0.,1.));
#4031=IFCDIRECTION((1.,0.,0.));
#4032=IFCAXIS2PLACEMENT3D(#4029,#4030,#4031);
#4033=IFCEXTRUDEDAREASOLID(#4028,#4032,#4027,900.);
#4034=IFCSHAPEREPRESENTATION(#11,'Body','SweptSolid',(#4033));
#4035=IFCPRODUCTDEFINITIONSHAPE($,$,(#4034));
#4041=IFCSTYLEDITEM(#4033,(#25),'Fachada');
#4042=IFCCARTESIANPOINT((16250.,15900.,12000.));
#4043=IFCDIRECTION((0.,0.,1.));
#4044=IFCDIRECTION((1.,0.,0.));
#4045=IFCAXIS2PLACEMENT3D(#4042,#4043,#4044);
#4046=IFCLOCALPLACEMENT($,#4045);
#4047=IFCWINDOW('3jqFJShtn7wgKykrFVSqt0',$,'Ventana norte',$,'Ventana piso-techo',#4069,#4058,'100175',$,$,$,$,$);
#4048=IFCCARTESIANPOINTLIST2D(((0.,0.),(0.,100.),(7099.9999999999991,100.),(7099.9999999999991,0.),(0.,0.)));
#4049=IFCINDEXEDPOLYCURVE(#4048,$,.F.);
#4050=IFCDIRECTION((0.,0.,1.));
#4051=IFCARBITRARYCLOSEDPROFILEDEF(.AREA.,$,#4049);
#4052=IFCCARTESIANPOINT((0.,0.,0.));
#4053=IFCDIRECTION((0.,0.,1.));
#4054=IFCDIRECTION((1.,0.,0.));
#4055=IFCAXIS2PLACEMENT3D(#4052,#4053,#4054);
#4056=IFCEXTRUDEDAREASOLID(#4051,#4055,#4050,1800.);
#4057=IFCSHAPEREPRESENTATION(#11,'Body','SweptSolid',(#4056));
#4058=IFCPRODUCTDEFINITIONSHAPE($,$,(#4057));
#4064=IFCSTYLEDITEM(#4056,(#28),'Vidrio');
#4065=IFCCARTESIANPOINT((16450.,15950.,12900.));
#4066=IFCDIRECTION((0.,0.,1.));
#4067=IFCDIRECTION((1.,0.,0.));
#4068=IFCAXIS2PLACEMENT3D(#4065,#4066,#4067);
#4069=IFCLOCALPLACEMENT($,#4068);
#4070=IFCWALL('1Rg96ShE5DdwEdLRXos$67',$,'Dintel norte',$,$,#4092,#4081,'100176',$);
#4071=IFCCARTESIANPOINTLIST2D(((0.,0.),(0.,200.),(7500.,200.),(7500.,0.),(0.,0.)));
#4072=IFCINDEXEDPOLYCURVE(#4071,$,.F.);
#4073=IFCDIRECTION((0.,0.,1.));
#4074=IFCARBITRARYCLOSEDPROFILEDEF(.AREA.,$,#4072);
#4075=IFCCARTESIANPOINT((0.,0.,0.));
#4076=IFCDIRECTION((0.,0.,1.));
#4077=IFCDIRECTION((1.,0.,0.));
#4078=IFCAXIS2PLACEMENT3D(#4075,#4076,#4077);
#4079=IFCEXTRUDEDAREASOLID(#4074,#4078,#4073,50.);
#4080=IFCSHAPEREPRESENTATION(#11,'Body','SweptSolid',(#4079));
#4081=IFCPRODUCTDEFINITIONSHAPE($,$,(#4080));
#4087=IFCSTYLEDITEM(#4079,(#25),'Fachada');
#4088=IFCCARTESIANPOINT((16250.,15900.,14699.999999999998));
#4089=IFCDIRECTION((0.,0.,1.));
#4090=IFCDIRECTION((1.,0.,0.));
#4091=IFCAXIS2PLACEMENT3D(#4088,#4089,#4090);
#4092=IFCLOCALPLACEMENT($,#4091);
#4093=IFCWALL('0nwTjwFlvCOe0VT8NqrYft',$,'Muro fachada occidente',$,'Mamposter\X2\00ED\X0\a e=20',#4115,#4104,'100177',$);
#4094=IFCCARTESIANPOINTLIST2D(((0.,0.),(0.,7500.),(200.,7500.),(200.,0.),(0.,0.)));
#4095=IFCINDEXEDPOLYCURVE(#4094,$,.F.);
#4096=IFCDIRECTION((0.,0.,1.));
#4097=IFCARBITRARYCLOSEDPROFILEDEF(.AREA.,$,#4095);
#4098=IFCCARTESIANPOINT((0.,0.,0.));
#4099=IFCDIRECTION((0.,0.,1.));
#4100=IFCDIRECTION((1.,0.,0.));
#4101=IFCAXIS2PLACEMENT3D(#4098,#4099,#4100);
#4102=IFCEXTRUDEDAREASOLID(#4097,#4101,#4096,2750.);
#4103=IFCSHAPEREPRESENTATION(#11,'Body','SweptSolid',(#4102));
#4104=IFCPRODUCTDEFINITIONSHAPE($,$,(#4103));
#4110=IFCSTYLEDITEM(#4102,(#25),'Fachada');
#4111=IFCCARTESIANPOINT((-100.,250.,12000.));
#4112=IFCDIRECTION((0.,0.,1.));
#4113=IFCDIRECTION((1.,0.,0.));
#4114=IFCAXIS2PLACEMENT3D(#4111,#4112,#4113);
#4115=IFCLOCALPLACEMENT($,#4114);
#4116=IFCWALL('0obQS6gvfCOBB0fIJvaUhi',$,'Muro fachada oriente',$,'Mamposter\X2\00ED\X0\a e=20',#4138,#4127,'100178',$);
#4117=IFCCARTESIANPOINTLIST2D(((0.,0.),(0.,7500.),(200.,7500.),(200.,0.),(0.,0.)));
#4118=IFCINDEXEDPOLYCURVE(#4117,$,.F.);
#4119=IFCDIRECTION((0.,0.,1.));
#4120=IFCARBITRARYCLOSEDPROFILEDEF(.AREA.,$,#4118);
#4121=IFCCARTESIANPOINT((0.,0.,0.));
#4122=IFCDIRECTION((0.,0.,1.));
#4123=IFCDIRECTION((1.,0.,0.));
#4124=IFCAXIS2PLACEMENT3D(#4121,#4122,#4123);
#4125=IFCEXTRUDEDAREASOLID(#4120,#4124,#4119,2750.);
#4126=IFCSHAPEREPRESENTATION(#11,'Body','SweptSolid',(#4125));
#4127=IFCPRODUCTDEFINITIONSHAPE($,$,(#4126));
#4133=IFCSTYLEDITEM(#4125,(#25),'Fachada');
#4134=IFCCARTESIANPOINT((23899.999999999996,250.,12000.));
#4135=IFCDIRECTION((0.,0.,1.));
#4136=IFCDIRECTION((1.,0.,0.));
#4137=IFCAXIS2PLACEMENT3D(#4134,#4135,#4136);
#4138=IFCLOCALPLACEMENT($,#4137);
#4139=IFCWALL('3CXGEDRfr76enZVcwsu4Em',$,'Muro fachada occidente',$,'Mamposter\X2\00ED\X0\a e=20',#4161,#4150,'100179',$);
#4140=IFCCARTESIANPOINTLIST2D(((0.,0.),(0.,7500.),(200.,7500.),(200.,0.),(0.,0.)));
#4141=IFCINDEXEDPOLYCURVE(#4140,$,.F.);
#4142=IFCDIRECTION((0.,0.,1.));
#4143=IFCARBITRARYCLOSEDPROFILEDEF(.AREA.,$,#4141);
#4144=IFCCARTESIANPOINT((0.,0.,0.));
#4145=IFCDIRECTION((0.,0.,1.));
#4146=IFCDIRECTION((1.,0.,0.));
#4147=IFCAXIS2PLACEMENT3D(#4144,#4145,#4146);
#4148=IFCEXTRUDEDAREASOLID(#4143,#4147,#4142,2750.);
#4149=IFCSHAPEREPRESENTATION(#11,'Body','SweptSolid',(#4148));
#4150=IFCPRODUCTDEFINITIONSHAPE($,$,(#4149));
#4156=IFCSTYLEDITEM(#4148,(#25),'Fachada');
#4157=IFCCARTESIANPOINT((-100.,8250.,12000.));
#4158=IFCDIRECTION((0.,0.,1.));
#4159=IFCDIRECTION((1.,0.,0.));
#4160=IFCAXIS2PLACEMENT3D(#4157,#4158,#4159);
#4161=IFCLOCALPLACEMENT($,#4160);
#4162=IFCWALL('0Un2soJAz7Iep_ZgvlBCGr',$,'Muro fachada oriente',$,'Mamposter\X2\00ED\X0\a e=20',#4184,#4173,'100180',$);
#4163=IFCCARTESIANPOINTLIST2D(((0.,0.),(0.,7500.),(200.,7500.),(200.,0.),(0.,0.)));
#4164=IFCINDEXEDPOLYCURVE(#4163,$,.F.);
#4165=IFCDIRECTION((0.,0.,1.));
#4166=IFCARBITRARYCLOSEDPROFILEDEF(.AREA.,$,#4164);
#4167=IFCCARTESIANPOINT((0.,0.,0.));
#4168=IFCDIRECTION((0.,0.,1.));
#4169=IFCDIRECTION((1.,0.,0.));
#4170=IFCAXIS2PLACEMENT3D(#4167,#4168,#4169);
#4171=IFCEXTRUDEDAREASOLID(#4166,#4170,#4165,2750.);
#4172=IFCSHAPEREPRESENTATION(#11,'Body','SweptSolid',(#4171));
#4173=IFCPRODUCTDEFINITIONSHAPE($,$,(#4172));
#4179=IFCSTYLEDITEM(#4171,(#25),'Fachada');
#4180=IFCCARTESIANPOINT((23899.999999999996,8250.,12000.));
#4181=IFCDIRECTION((0.,0.,1.));
#4182=IFCDIRECTION((1.,0.,0.));
#4183=IFCAXIS2PLACEMENT3D(#4180,#4181,#4182);
#4184=IFCLOCALPLACEMENT($,#4183);
#4185=IFCBUILDINGSTOREY('2ZCupQXEbASf3nh06XZRQL',$,'Piso 06',$,$,$,$,$,$,15.);
#4186=IFCCOLUMN('0l9gehfnLALwdcQFrQuaFJ',$,'Columna C1A',$,'Columna 50x50',#4209,#4197,'100181',$);
#4187=IFCCARTESIANPOINTLIST2D(((0.,0.),(0.,500.),(500.,500.),(500.,0.),(0.,0.)));
#4188=IFCINDEXEDPOLYCURVE(#4187,$,.F.);
#4189=IFCDIRECTION((0.,0.,1.));
#4190=IFCARBITRARYCLOSEDPROFILEDEF(.AREA.,$,#4188);
#4191=IFCCARTESIANPOINT((0.,0.,0.));
#4192=IFCDIRECTION((0.,0.,1.));
#4193=IFCDIRECTION((1.,0.,0.));
#4194=IFCAXIS2PLACEMENT3D(#4191,#4192,#4193);
#4195=IFCEXTRUDEDAREASOLID(#4190,#4194,#4189,2750.);
#4196=IFCSHAPEREPRESENTATION(#11,'Body','SweptSolid',(#4195));
#4197=IFCPRODUCTDEFINITIONSHAPE($,$,(#4196));
#4203=IFCSTYLEDITEM(#4195,(#19),'Concreto columna');
#4204=IFCRELCONTAINEDINSPATIALSTRUCTURE('1rMwzqKuL9H8roJkFaROnk',$,$,$,(#4831,#4417,#4670,#4923,#4877,#4210,#4463,#4716,#4302,#4762,#4969,#4256,#4509,#4348,#4555,#4808,#4854,#4394,#4601,#4647,#4900,#4440,#4693,#4946,#4233,#4486,#4532,#4739,#4992,#4279,#4578,#4325,#4785,#4371,#4624,#4186),#4185);
#4205=IFCCARTESIANPOINT((-250.,-250.,15000.));
#4206=IFCDIRECTION((0.,0.,1.));
#4207=IFCDIRECTION((1.,0.,0.));
#4208=IFCAXIS2PLACEMENT3D(#4205,#4206,#4207);
#4209=IFCLOCALPLACEMENT($,#4208);
#4210=IFCCOLUMN('392S5LLCf6v8dPxDApdtF8',$,'Columna C1B',$,'Columna 50x50',#4232,#4221,'100182',$);
#4211=IFCCARTESIANPOINTLIST2D(((0.,0.),(0.,500.),(500.,500.),(500.,0.),(0.,0.)));
#4212=IFCINDEXEDPOLYCURVE(#4211,$,.F.);
#4213=IFCDIRECTION((0.,0.,1.));
#4214=IFCARBITRARYCLOSEDPROFILEDEF(.AREA.,$,#4212);
#4215=IFCCARTESIANPOINT((0.,0.,0.));
#4216=IFCDIRECTION((0.,0.,1.));
#4217=IFCDIRECTION((1.,0.,0.));
#4218=IFCAXIS2PLACEMENT3D(#4215,#4216,#4217);
#4219=IFCEXTRUDEDAREASOLID(#4214,#4218,#4213,2750.);
#4220=IFCSHAPEREPRESENTATION(#11,'Body','SweptSolid',(#4219));
#4221=IFCPRODUCTDEFINITIONSHAPE($,$,(#4220));
#4227=IFCSTYLEDITEM(#4219,(#19),'Concreto columna');
#4228=IFCCARTESIANPOINT((-250.,7750.,15000.));
#4229=IFCDIRECTION((0.,0.,1.));
#4230=IFCDIRECTION((1.,0.,0.));
#4231=IFCAXIS2PLACEMENT3D(#4228,#4229,#4230);
#4232=IFCLOCALPLACEMENT($,#4231);
#4233=IFCCOLUMN('0E6WVX7893hO4yF_v8oQJR',$,'Columna C1C',$,'Columna 50x50',#4255,#4244,'100183',$);
#4234=IFCCARTESIANPOINTLIST2D(((0.,0.),(0.,500.),(500.,500.),(500.,0.),(0.,0.)));
#4235=IFCINDEXEDPOLYCURVE(#4234,$,.F.);
#4236=IFCDIRECTION((0.,0.,1.));
#4237=IFCARBITRARYCLOSEDPROFILEDEF(.AREA.,$,#4235);
#4238=IFCCARTESIANPOINT((0.,0.,0.));
#4239=IFCDIRECTION((0.,0.,1.));
#4240=IFCDIRECTION((1.,0.,0.));
#4241=IFCAXIS2PLACEMENT3D(#4238,#4239,#4240);
#4242=IFCEXTRUDEDAREASOLID(#4237,#4241,#4236,2750.);
#4243=IFCSHAPEREPRESENTATION(#11,'Body','SweptSolid',(#4242));
#4244=IFCPRODUCTDEFINITIONSHAPE($,$,(#4243));
#4250=IFCSTYLEDITEM(#4242,(#19),'Concreto columna');
#4251=IFCCARTESIANPOINT((-250.,15750.,15000.));
#4252=IFCDIRECTION((0.,0.,1.));
#4253=IFCDIRECTION((1.,0.,0.));
#4254=IFCAXIS2PLACEMENT3D(#4251,#4252,#4253);
#4255=IFCLOCALPLACEMENT($,#4254);
#4256=IFCCOLUMN('1NQ08kf_v73x0soZul133g',$,'Columna C2A',$,'Columna 50x50',#4278,#4267,'100184',$);
#4257=IFCCARTESIANPOINTLIST2D(((0.,0.),(0.,500.),(500.,500.),(500.,0.),(0.,0.)));
#4258=IFCINDEXEDPOLYCURVE(#4257,$,.F.);
#4259=IFCDIRECTION((0.,0.,1.));
#4260=IFCARBITRARYCLOSEDPROFILEDEF(.AREA.,$,#4258);
#4261=IFCCARTESIANPOINT((0.,0.,0.));
#4262=IFCDIRECTION((0.,0.,1.));
#4263=IFCDIRECTION((1.,0.,0.));
#4264=IFCAXIS2PLACEMENT3D(#4261,#4262,#4263);
#4265=IFCEXTRUDEDAREASOLID(#4260,#4264,#4259,2750.);
#4266=IFCSHAPEREPRESENTATION(#11,'Body','SweptSolid',(#4265));
#4267=IFCPRODUCTDEFINITIONSHAPE($,$,(#4266));
#4273=IFCSTYLEDITEM(#4265,(#19),'Concreto columna');
#4274=IFCCARTESIANPOINT((7750.,-250.,15000.));
#4275=IFCDIRECTION((0.,0.,1.));
#4276=IFCDIRECTION((1.,0.,0.));
#4277=IFCAXIS2PLACEMENT3D(#4274,#4275,#4276);
#4278=IFCLOCALPLACEMENT($,#4277);
#4279=IFCCOLUMN('0Qu7XPPl53YRseyEkzYuuZ',$,'Columna C2B',$,'Columna 50x50',#4301,#4290,'100185',$);
#4280=IFCCARTESIANPOINTLIST2D(((0.,0.),(0.,500.),(500.,500.),(500.,0.),(0.,0.)));
#4281=IFCINDEXEDPOLYCURVE(#4280,$,.F.);
#4282=IFCDIRECTION((0.,0.,1.));
#4283=IFCARBITRARYCLOSEDPROFILEDEF(.AREA.,$,#4281);
#4284=IFCCARTESIANPOINT((0.,0.,0.));
#4285=IFCDIRECTION((0.,0.,1.));
#4286=IFCDIRECTION((1.,0.,0.));
#4287=IFCAXIS2PLACEMENT3D(#4284,#4285,#4286);
#4288=IFCEXTRUDEDAREASOLID(#4283,#4287,#4282,2750.);
#4289=IFCSHAPEREPRESENTATION(#11,'Body','SweptSolid',(#4288));
#4290=IFCPRODUCTDEFINITIONSHAPE($,$,(#4289));
#4296=IFCSTYLEDITEM(#4288,(#19),'Concreto columna');
#4297=IFCCARTESIANPOINT((7750.,7750.,15000.));
#4298=IFCDIRECTION((0.,0.,1.));
#4299=IFCDIRECTION((1.,0.,0.));
#4300=IFCAXIS2PLACEMENT3D(#4297,#4298,#4299);
#4301=IFCLOCALPLACEMENT($,#4300);
#4302=IFCCOLUMN('27gDc5MJfBqQRKV9GC1nzY',$,'Columna C2C',$,'Columna 50x50',#4324,#4313,'100186',$);
#4303=IFCCARTESIANPOINTLIST2D(((0.,0.),(0.,500.),(500.,500.),(500.,0.),(0.,0.)));
#4304=IFCINDEXEDPOLYCURVE(#4303,$,.F.);
#4305=IFCDIRECTION((0.,0.,1.));
#4306=IFCARBITRARYCLOSEDPROFILEDEF(.AREA.,$,#4304);
#4307=IFCCARTESIANPOINT((0.,0.,0.));
#4308=IFCDIRECTION((0.,0.,1.));
#4309=IFCDIRECTION((1.,0.,0.));
#4310=IFCAXIS2PLACEMENT3D(#4307,#4308,#4309);
#4311=IFCEXTRUDEDAREASOLID(#4306,#4310,#4305,2750.);
#4312=IFCSHAPEREPRESENTATION(#11,'Body','SweptSolid',(#4311));
#4313=IFCPRODUCTDEFINITIONSHAPE($,$,(#4312));
#4319=IFCSTYLEDITEM(#4311,(#19),'Concreto columna');
#4320=IFCCARTESIANPOINT((7750.,15750.,15000.));
#4321=IFCDIRECTION((0.,0.,1.));
#4322=IFCDIRECTION((1.,0.,0.));
#4323=IFCAXIS2PLACEMENT3D(#4320,#4321,#4322);
#4324=IFCLOCALPLACEMENT($,#4323);
#4325=IFCCOLUMN('0b2yP5KCXFAxc8M$cXiqrf',$,'Columna C3A',$,'Columna 50x50',#4347,#4336,'100187',$);
#4326=IFCCARTESIANPOINTLIST2D(((0.,0.),(0.,500.),(500.,500.),(500.,0.),(0.,0.)));
#4327=IFCINDEXEDPOLYCURVE(#4326,$,.F.);
#4328=IFCDIRECTION((0.,0.,1.));
#4329=IFCARBITRARYCLOSEDPROFILEDEF(.AREA.,$,#4327);
#4330=IFCCARTESIANPOINT((0.,0.,0.));
#4331=IFCDIRECTION((0.,0.,1.));
#4332=IFCDIRECTION((1.,0.,0.));
#4333=IFCAXIS2PLACEMENT3D(#4330,#4331,#4332);
#4334=IFCEXTRUDEDAREASOLID(#4329,#4333,#4328,2750.);
#4335=IFCSHAPEREPRESENTATION(#11,'Body','SweptSolid',(#4334));
#4336=IFCPRODUCTDEFINITIONSHAPE($,$,(#4335));
#4342=IFCSTYLEDITEM(#4334,(#19),'Concreto columna');
#4343=IFCCARTESIANPOINT((15750.,-250.,15000.));
#4344=IFCDIRECTION((0.,0.,1.));
#4345=IFCDIRECTION((1.,0.,0.));
#4346=IFCAXIS2PLACEMENT3D(#4343,#4344,#4345);
#4347=IFCLOCALPLACEMENT($,#4346);
#4348=IFCCOLUMN('1NZaPpTWnEL8m0tnknoc19',$,'Columna C3B',$,'Columna 50x50',#4370,#4359,'100188',$);
#4349=IFCCARTESIANPOINTLIST2D(((0.,0.),(0.,500.),(500.,500.),(500.,0.),(0.,0.)));
#4350=IFCINDEXEDPOLYCURVE(#4349,$,.F.);
#4351=IFCDIRECTION((0.,0.,1.));
#4352=IFCARBITRARYCLOSEDPROFILEDEF(.AREA.,$,#4350);
#4353=IFCCARTESIANPOINT((0.,0.,0.));
#4354=IFCDIRECTION((0.,0.,1.));
#4355=IFCDIRECTION((1.,0.,0.));
#4356=IFCAXIS2PLACEMENT3D(#4353,#4354,#4355);
#4357=IFCEXTRUDEDAREASOLID(#4352,#4356,#4351,2750.);
#4358=IFCSHAPEREPRESENTATION(#11,'Body','SweptSolid',(#4357));
#4359=IFCPRODUCTDEFINITIONSHAPE($,$,(#4358));
#4365=IFCSTYLEDITEM(#4357,(#19),'Concreto columna');
#4366=IFCCARTESIANPOINT((15750.,7750.,15000.));
#4367=IFCDIRECTION((0.,0.,1.));
#4368=IFCDIRECTION((1.,0.,0.));
#4369=IFCAXIS2PLACEMENT3D(#4366,#4367,#4368);
#4370=IFCLOCALPLACEMENT($,#4369);
#4371=IFCCOLUMN('18V$NU6qbDfP05K8Oc$9_w',$,'Columna C3C',$,'Columna 50x50',#4393,#4382,'100189',$);
#4372=IFCCARTESIANPOINTLIST2D(((0.,0.),(0.,500.),(500.,500.),(500.,0.),(0.,0.)));
#4373=IFCINDEXEDPOLYCURVE(#4372,$,.F.);
#4374=IFCDIRECTION((0.,0.,1.));
#4375=IFCARBITRARYCLOSEDPROFILEDEF(.AREA.,$,#4373);
#4376=IFCCARTESIANPOINT((0.,0.,0.));
#4377=IFCDIRECTION((0.,0.,1.));
#4378=IFCDIRECTION((1.,0.,0.));
#4379=IFCAXIS2PLACEMENT3D(#4376,#4377,#4378);
#4380=IFCEXTRUDEDAREASOLID(#4375,#4379,#4374,2750.);
#4381=IFCSHAPEREPRESENTATION(#11,'Body','SweptSolid',(#4380));
#4382=IFCPRODUCTDEFINITIONSHAPE($,$,(#4381));
#4388=IFCSTYLEDITEM(#4380,(#19),'Concreto columna');
#4389=IFCCARTESIANPOINT((15750.,15750.,15000.));
#4390=IFCDIRECTION((0.,0.,1.));
#4391=IFCDIRECTION((1.,0.,0.));
#4392=IFCAXIS2PLACEMENT3D(#4389,#4390,#4391);
#4393=IFCLOCALPLACEMENT($,#4392);
#4394=IFCCOLUMN('1NfrMAHtz7ZR2pjo7CJEZW',$,'Columna C4A',$,'Columna 50x50',#4416,#4405,'100190',$);
#4395=IFCCARTESIANPOINTLIST2D(((0.,0.),(0.,500.),(500.,500.),(500.,0.),(0.,0.)));
#4396=IFCINDEXEDPOLYCURVE(#4395,$,.F.);
#4397=IFCDIRECTION((0.,0.,1.));
#4398=IFCARBITRARYCLOSEDPROFILEDEF(.AREA.,$,#4396);
#4399=IFCCARTESIANPOINT((0.,0.,0.));
#4400=IFCDIRECTION((0.,0.,1.));
#4401=IFCDIRECTION((1.,0.,0.));
#4402=IFCAXIS2PLACEMENT3D(#4399,#4400,#4401);
#4403=IFCEXTRUDEDAREASOLID(#4398,#4402,#4397,2750.);
#4404=IFCSHAPEREPRESENTATION(#11,'Body','SweptSolid',(#4403));
#4405=IFCPRODUCTDEFINITIONSHAPE($,$,(#4404));
#4411=IFCSTYLEDITEM(#4403,(#19),'Concreto columna');
#4412=IFCCARTESIANPOINT((23750.,-250.,15000.));
#4413=IFCDIRECTION((0.,0.,1.));
#4414=IFCDIRECTION((1.,0.,0.));
#4415=IFCAXIS2PLACEMENT3D(#4412,#4413,#4414);
#4416=IFCLOCALPLACEMENT($,#4415);
#4417=IFCCOLUMN('1lDDzle$X7mu8e$qlHacV_',$,'Columna C4B',$,'Columna 50x50',#4439,#4428,'100191',$);
#4418=IFCCARTESIANPOINTLIST2D(((0.,0.),(0.,500.),(500.,500.),(500.,0.),(0.,0.)));
#4419=IFCINDEXEDPOLYCURVE(#4418,$,.F.);
#4420=IFCDIRECTION((0.,0.,1.));
#4421=IFCARBITRARYCLOSEDPROFILEDEF(.AREA.,$,#4419);
#4422=IFCCARTESIANPOINT((0.,0.,0.));
#4423=IFCDIRECTION((0.,0.,1.));
#4424=IFCDIRECTION((1.,0.,0.));
#4425=IFCAXIS2PLACEMENT3D(#4422,#4423,#4424);
#4426=IFCEXTRUDEDAREASOLID(#4421,#4425,#4420,2750.);
#4427=IFCSHAPEREPRESENTATION(#11,'Body','SweptSolid',(#4426));
#4428=IFCPRODUCTDEFINITIONSHAPE($,$,(#4427));
#4434=IFCSTYLEDITEM(#4426,(#19),'Concreto columna');
#4435=IFCCARTESIANPOINT((23750.,7750.,15000.));
#4436=IFCDIRECTION((0.,0.,1.));
#4437=IFCDIRECTION((1.,0.,0.));
#4438=IFCAXIS2PLACEMENT3D(#4435,#4436,#4437);
#4439=IFCLOCALPLACEMENT($,#4438);
#4440=IFCCOLUMN('301xxUmtzB6A7OOIqUtn8U',$,'Columna C4C',$,'Columna 50x50',#4462,#4451,'100192',$);
#4441=IFCCARTESIANPOINTLIST2D(((0.,0.),(0.,500.),(500.,500.),(500.,0.),(0.,0.)));
#4442=IFCINDEXEDPOLYCURVE(#4441,$,.F.);
#4443=IFCDIRECTION((0.,0.,1.));
#4444=IFCARBITRARYCLOSEDPROFILEDEF(.AREA.,$,#4442);
#4445=IFCCARTESIANPOINT((0.,0.,0.));
#4446=IFCDIRECTION((0.,0.,1.));
#4447=IFCDIRECTION((1.,0.,0.));
#4448=IFCAXIS2PLACEMENT3D(#4445,#4446,#4447);
#4449=IFCEXTRUDEDAREASOLID(#4444,#4448,#4443,2750.);
#4450=IFCSHAPEREPRESENTATION(#11,'Body','SweptSolid',(#4449));
#4451=IFCPRODUCTDEFINITIONSHAPE($,$,(#4450));
#4457=IFCSTYLEDITEM(#4449,(#19),'Concreto columna');
#4458=IFCCARTESIANPOINT((23750.,15750.,15000.));
#4459=IFCDIRECTION((0.,0.,1.));
#4460=IFCDIRECTION((1.,0.,0.));
#4461=IFCAXIS2PLACEMENT3D(#4458,#4459,#4460);
#4462=IFCLOCALPLACEMENT($,#4461);
#4463=IFCSLAB('2TisUf4wLD5A4rKY8roaJl',$,'Placa piso 07',$,'Placa maciza e=25',#4485,#4474,'100193',$);
#4464=IFCCARTESIANPOINTLIST2D(((0.,0.),(0.,16600.),(24600.,16600.),(24600.,0.),(0.,0.)));
#4465=IFCINDEXEDPOLYCURVE(#4464,$,.F.);
#4466=IFCDIRECTION((0.,0.,1.));
#4467=IFCARBITRARYCLOSEDPROFILEDEF(.AREA.,$,#4465);
#4468=IFCCARTESIANPOINT((0.,0.,0.));
#4469=IFCDIRECTION((0.,0.,1.));
#4470=IFCDIRECTION((1.,0.,0.));
#4471=IFCAXIS2PLACEMENT3D(#4468,#4469,#4470);
#4472=IFCEXTRUDEDAREASOLID(#4467,#4471,#4466,250.);
#4473=IFCSHAPEREPRESENTATION(#11,'Body','SweptSolid',(#4472));
#4474=IFCPRODUCTDEFINITIONSHAPE($,$,(#4473));
#4480=IFCSTYLEDITEM(#4472,(#16),'Concreto');
#4481=IFCCARTESIANPOINT((-300.,-300.,17750.));
#4482=IFCDIRECTION((0.,0.,1.));
#4483=IFCDIRECTION((1.,0.,0.));
#4484=IFCAXIS2PLACEMENT3D(#4481,#4482,#4483);
#4485=IFCLOCALPLACEMENT($,#4484);
#4486=IFCWALL('14MHN86mr32A_kuWZv2Tk4',$,'Muro n\X2\00FA\X0\cleo',$,'Muro concreto e=20',#4508,#4497,'100194',$);
#4487=IFCCARTESIANPOINTLIST2D(((0.,0.),(0.,4000.),(4000.,4000.),(4000.,0.),(0.,0.)));
#4488=IFCINDEXEDPOLYCURVE(#4487,$,.F.);
#4489=IFCDIRECTION((0.,0.,1.));
#4490=IFCARBITRARYCLOSEDPROFILEDEF(.AREA.,$,#4488);
#4491=IFCCARTESIANPOINT((0.,0.,0.));
#4492=IFCDIRECTION((0.,0.,1.));
#4493=IFCDIRECTION((1.,0.,0.));
#4494=IFCAXIS2PLACEMENT3D(#4491,#4492,#4493);
#4495=IFCEXTRUDEDAREASOLID(#4490,#4494,#4489,2750.);
#4496=IFCSHAPEREPRESENTATION(#11,'Body','SweptSolid',(#4495));
#4497=IFCPRODUCTDEFINITIONSHAPE($,$,(#4496));
#4503=IFCSTYLEDITEM(#4495,(#31),'N\X2\00FA\X0\cleo');
#4504=IFCCARTESIANPOINT((10000.,6000.,15000.));
#4505=IFCDIRECTION((0.,0.,1.));
#4506=IFCDIRECTION((1.,0.,0.));
#4507=IFCAXIS2PLACEMENT3D(#4504,#4505,#4506);
#4508=IFCLOCALPLACEMENT($,#4507);
#4509=IFCWALL('31AjInM_H5fBZ41BSo5dEW',$,'Muro fachada sur',$,'Mamposter\X2\00ED\X0\a e=20',#4531,#4520,'100195',$);
#4510=IFCCARTESIANPOINTLIST2D(((0.,0.),(0.,200.),(7500.,200.),(7500.,0.),(0.,0.)));
#4511=IFCINDEXEDPOLYCURVE(#4510,$,.F.);
#4512=IFCDIRECTION((0.,0.,1.));
#4513=IFCARBITRARYCLOSEDPROFILEDEF(.AREA.,$,#4511);
#4514=IFCCARTESIANPOINT((0.,0.,0.));
#4515=IFCDIRECTION((0.,0.,1.));
#4516=IFCDIRECTION((1.,0.,0.));
#4517=IFCAXIS2PLACEMENT3D(#4514,#4515,#4516);
#4518=IFCEXTRUDEDAREASOLID(#4513,#4517,#4512,900.);
#4519=IFCSHAPEREPRESENTATION(#11,'Body','SweptSolid',(#4518));
#4520=IFCPRODUCTDEFINITIONSHAPE($,$,(#4519));
#4526=IFCSTYLEDITEM(#4518,(#25),'Fachada');
#4527=IFCCARTESIANPOINT((250.,-100.,15000.));
#4528=IFCDIRECTION((0.,0.,1.));
#4529=IFCDIRECTION((1.,0.,0.));
#4530=IFCAXIS2PLACEMENT3D(#4527,#4528,#4529);
#4531=IFCLOCALPLACEMENT($,#4530);
#4532=IFCWINDOW('0GUbKefqn0Ze31v6cxqpEM',$,'Ventana sur',$,'Ventana piso-techo',#4554,#4543,'100196',$,$,$,$,$);
#4533=IFCCARTESIANPOINTLIST2D(((0.,0.),(0.,100.),(7099.9999999999991,100.),(7099.9999999999991,0.),(0.,0.)));
#4534=IFCINDEXEDPOLYCURVE(#4533,$,.F.);
#4535=IFCDIRECTION((0.,0.,1.));
#4536=IFCARBITRARYCLOSEDPROFILEDEF(.AREA.,$,#4534);
#4537=IFCCARTESIANPOINT((0.,0.,0.));
#4538=IFCDIRECTION((0.,0.,1.));
#4539=IFCDIRECTION((1.,0.,0.));
#4540=IFCAXIS2PLACEMENT3D(#4537,#4538,#4539);
#4541=IFCEXTRUDEDAREASOLID(#4536,#4540,#4535,1800.);
#4542=IFCSHAPEREPRESENTATION(#11,'Body','SweptSolid',(#4541));
#4543=IFCPRODUCTDEFINITIONSHAPE($,$,(#4542));
#4549=IFCSTYLEDITEM(#4541,(#28),'Vidrio');
#4550=IFCCARTESIANPOINT((450.,-50.,15900.));
#4551=IFCDIRECTION((0.,0.,1.));
#4552=IFCDIRECTION((1.,0.,0.));
#4553=IFCAXIS2PLACEMENT3D(#4550,#4551,#4552);
#4554=IFCLOCALPLACEMENT($,#4553);
#4555=IFCWALL('1oXu1IUNHBLxH$P8u5yBtO',$,'Dintel sur',$,$,#4577,#4566,'100197',$);
#4556=IFCCARTESIANPOINTLIST2D(((0.,0.),(0.,200.),(7500.,200.),(7500.,0.),(0.,0.)));
#4557=IFCINDEXEDPOLYCURVE(#4556,$,.F.);
#4558=IFCDIRECTION((0.,0.,1.));
#4559=IFCARBITRARYCLOSEDPROFILEDEF(.AREA.,$,#4557);
#4560=IFCCARTESIANPOINT((0.,0.,0.));
#4561=IFCDIRECTION((0.,0.,1.));
#4562=IFCDIRECTION((1.,0.,0.));
#4563=IFCAXIS2PLACEMENT3D(#4560,#4561,#4562);
#4564=IFCEXTRUDEDAREASOLID(#4559,#4563,#4558,50.);
#4565=IFCSHAPEREPRESENTATION(#11,'Body','SweptSolid',(#4564));
#4566=IFCPRODUCTDEFINITIONSHAPE($,$,(#4565));
#4572=IFCSTYLEDITEM(#4564,(#25),'Fachada');
#4573=IFCCARTESIANPOINT((250.,-100.,17700.));
#4574=IFCDIRECTION((0.,0.,1.));
#4575=IFCDIRECTION((1.,0.,0.));
#4576=IFCAXIS2PLACEMENT3D(#4573,#4574,#4575);
#4577=IFCLOCALPLACEMENT($,#4576);
#4578=IFCWALL('3P8HhRjK11txi3vsLMOr1x',$,'Muro fachada norte',$,'Mamposter\X2\00ED\X0\a e=20',#4600,#4589,'100198',$);
#4579=IFCCARTESIANPOINTLIST2D(((0.,0.),(0.,200.),(7500.,200.),(7500.,0.),(0.,0.)));
#4580=IFCINDEXEDPOLYCURVE(#4579,$,.F.);
#4581=IFCDIRECTION((0.,0.,1.));
#4582=IFCARBITRARYCLOSEDPROFILEDEF(.AREA.,$,#4580);
#4583=IFCCARTESIANPOINT((0.,0.,0.));
#4584=IFCDIRECTION((0.,0.,1.));
#4585=IFCDIRECTION((1.,0.,0.));
#4586=IFCAXIS2PLACEMENT3D(#4583,#4584,#4585);
#4587=IFCEXTRUDEDAREASOLID(#4582,#4586,#4581,900.);
#4588=IFCSHAPEREPRESENTATION(#11,'Body','SweptSolid',(#4587));
#4589=IFCPRODUCTDEFINITIONSHAPE($,$,(#4588));
#4595=IFCSTYLEDITEM(#4587,(#25),'Fachada');
#4596=IFCCARTESIANPOINT((250.,15900.,15000.));
#4597=IFCDIRECTION((0.,0.,1.));
#4598=IFCDIRECTION((1.,0.,0.));
#4599=IFCAXIS2PLACEMENT3D(#4596,#4597,#4598);
#4600=IFCLOCALPLACEMENT($,#4599);
#4601=IFCWINDOW('1y8l$z$cv5h9VBWRN6pdiY',$,'Ventana norte',$,'Ventana piso-techo',#4623,#4612,'100199',$,$,$,$,$);
#4602=IFCCARTESIANPOINTLIST2D(((0.,0.),(0.,100.),(7099.9999999999991,100.),(7099.9999999999991,0.),(0.,0.)));
#4603=IFCINDEXEDPOLYCURVE(#4602,$,.F.);
#4604=IFCDIRECTION((0.,0.,1.));
#4605=IFCARBITRARYCLOSEDPROFILEDEF(.AREA.,$,#4603);
#4606=IFCCARTESIANPOINT((0.,0.,0.));
#4607=IFCDIRECTION((0.,0.,1.));
#4608=IFCDIRECTION((1.,0.,0.));
#4609=IFCAXIS2PLACEMENT3D(#4606,#4607,#4608);
#4610=IFCEXTRUDEDAREASOLID(#4605,#4609,#4604,1800.);
#4611=IFCSHAPEREPRESENTATION(#11,'Body','SweptSolid',(#4610));
#4612=IFCPRODUCTDEFINITIONSHAPE($,$,(#4611));
#4618=IFCSTYLEDITEM(#4610,(#28),'Vidrio');
#4619=IFCCARTESIANPOINT((450.,15950.,15900.));
#4620=IFCDIRECTION((0.,0.,1.));
#4621=IFCDIRECTION((1.,0.,0.));
#4622=IFCAXIS2PLACEMENT3D(#4619,#4620,#4621);
#4623=IFCLOCALPLACEMENT($,#4622);
#4624=IFCWALL('0Qnk34zUr7aAh84N84V7GR',$,'Dintel norte',$,$,#4646,#4635,'100200',$);
#4625=IFCCARTESIANPOINTLIST2D(((0.,0.),(0.,200.),(7500.,200.),(7500.,0.),(0.,0.)));
#4626=IFCINDEXEDPOLYCURVE(#4625,$,.F.);
#4627=IFCDIRECTION((0.,0.,1.));
#4628=IFCARBITRARYCLOSEDPROFILEDEF(.AREA.,$,#4626);
#4629=IFCCARTESIANPOINT((0.,0.,0.));
#4630=IFCDIRECTION((0.,0.,1.));
#4631=IFCDIRECTION((1.,0.,0.));
#4632=IFCAXIS2PLACEMENT3D(#4629,#4630,#4631);
#4633=IFCEXTRUDEDAREASOLID(#4628,#4632,#4627,50.);
#4634=IFCSHAPEREPRESENTATION(#11,'Body','SweptSolid',(#4633));
#4635=IFCPRODUCTDEFINITIONSHAPE($,$,(#4634));
#4641=IFCSTYLEDITEM(#4633,(#25),'Fachada');
#4642=IFCCARTESIANPOINT((250.,15900.,17700.));
#4643=IFCDIRECTION((0.,0.,1.));
#4644=IFCDIRECTION((1.,0.,0.));
#4645=IFCAXIS2PLACEMENT3D(#4642,#4643,#4644);
#4646=IFCLOCALPLACEMENT($,#4645);
#4647=IFCWALL('39vLKgYTf7ex4VcmQPKWzM',$,'Muro fachada sur',$,'Mamposter\X2\00ED\X0\a e=20',#4669,#4658,'100201',$);
#4648=IFCCARTESIANPOINTLIST2D(((0.,0.),(0.,200.),(7500.,200.),(7500.,0.),(0.,0.)));
#4649=IFCINDEXEDPOLYCURVE(#4648,$,.F.);
#4650=IFCDIRECTION((0.,0.,1.));
#4651=IFCARBITRARYCLOSEDPROFILEDEF(.AREA.,$,#4649);
#4652=IFCCARTESIANPOINT((0.,0.,0.));
#4653=IFCDIRECTION((0.,0.,1.));
#4654=IFCDIRECTION((1.,0.,0.));
#4655=IFCAXIS2PLACEMENT3D(#4652,#4653,#4654);
#4656=IFCEXTRUDEDAREASOLID(#4651,#4655,#4650,900.);
#4657=IFCSHAPEREPRESENTATION(#11,'Body','SweptSolid',(#4656));
#4658=IFCPRODUCTDEFINITIONSHAPE($,$,(#4657));
#4664=IFCSTYLEDITEM(#4656,(#25),'Fachada');
#4665=IFCCARTESIANPOINT((8250.,-100.,15000.));
#4666=IFCDIRECTION((0.,0.,1.));
#4667=IFCDIRECTION((1.,0.,0.));
#4668=IFCAXIS2PLACEMENT3D(#4665,#4666,#4667);
#4669=IFCLOCALPLACEMENT($,#4668);
#4670=IFCWINDOW('1yf5y7zRPD1OxMfaJCE_Ae',$,'Ventana sur',$,'Ventana piso-techo',#4692,#4681,'100202',$,$,$,$,$);
#4671=IFCCARTESIANPOINTLIST2D(((0.,0.),(0.,100.),(7099.9999999999991,100.),(7099.9999999999991,0.),(0.,0.)));
#4672=IFCINDEXEDPOLYCURVE(#4671,$,.F.);
#4673=IFCDIRECTION((0.,0.,1.));
#4674=IFCARBITRARYCLOSEDPROFILEDEF(.AREA.,$,#4672);
#4675=IFCCARTESIANPOINT((0.,0.,0.));
#4676=IFCDIRECTION((0.,0.,1.));
#4677=IFCDIRECTION((1.,0.,0.));
#4678=IFCAXIS2PLACEMENT3D(#4675,#4676,#4677);
#4679=IFCEXTRUDEDAREASOLID(#4674,#4678,#4673,1800.);
#4680=IFCSHAPEREPRESENTATION(#11,'Body','SweptSolid',(#4679));
#4681=IFCPRODUCTDEFINITIONSHAPE($,$,(#4680));
#4687=IFCSTYLEDITEM(#4679,(#28),'Vidrio');
#4688=IFCCARTESIANPOINT((8450.,-50.,15900.));
#4689=IFCDIRECTION((0.,0.,1.));
#4690=IFCDIRECTION((1.,0.,0.));
#4691=IFCAXIS2PLACEMENT3D(#4688,#4689,#4690);
#4692=IFCLOCALPLACEMENT($,#4691);
#4693=IFCWALL('0h0TYYwI9AehQLlhY0G982',$,'Dintel sur',$,$,#4715,#4704,'100203',$);
#4694=IFCCARTESIANPOINTLIST2D(((0.,0.),(0.,200.),(7500.,200.),(7500.,0.),(0.,0.)));
#4695=IFCINDEXEDPOLYCURVE(#4694,$,.F.);
#4696=IFCDIRECTION((0.,0.,1.));
#4697=IFCARBITRARYCLOSEDPROFILEDEF(.AREA.,$,#4695);
#4698=IFCCARTESIANPOINT((0.,0.,0.));
#4699=IFCDIRECTION((0.,0.,1.));
#4700=IFCDIRECTION((1.,0.,0.));
#4701=IFCAXIS2PLACEMENT3D(#4698,#4699,#4700);
#4702=IFCEXTRUDEDAREASOLID(#4697,#4701,#4696,50.);
#4703=IFCSHAPEREPRESENTATION(#11,'Body','SweptSolid',(#4702));
#4704=IFCPRODUCTDEFINITIONSHAPE($,$,(#4703));
#4710=IFCSTYLEDITEM(#4702,(#25),'Fachada');
#4711=IFCCARTESIANPOINT((8250.,-100.,17700.));
#4712=IFCDIRECTION((0.,0.,1.));
#4713=IFCDIRECTION((1.,0.,0.));
#4714=IFCAXIS2PLACEMENT3D(#4711,#4712,#4713);
#4715=IFCLOCALPLACEMENT($,#4714);
#4716=IFCWALL('3DTSBrqfv1f9C0FoVfbCgB',$,'Muro fachada norte',$,'Mamposter\X2\00ED\X0\a e=20',#4738,#4727,'100204',$);
#4717=IFCCARTESIANPOINTLIST2D(((0.,0.),(0.,200.),(7500.,200.),(7500.,0.),(0.,0.)));
#4718=IFCINDEXEDPOLYCURVE(#4717,$,.F.);
#4719=IFCDIRECTION((0.,0.,1.));
#4720=IFCARBITRARYCLOSEDPROFILEDEF(.AREA.,$,#4718);
#4721=IFCCARTESIANPOINT((0.,0.,0.));
#4722=IFCDIRECTION((0.,0.,1.));
#4723=IFCDIRECTION((1.,0.,0.));
#4724=IFCAXIS2PLACEMENT3D(#4721,#4722,#4723);
#4725=IFCEXTRUDEDAREASOLID(#4720,#4724,#4719,900.);
#4726=IFCSHAPEREPRESENTATION(#11,'Body','SweptSolid',(#4725));
#4727=IFCPRODUCTDEFINITIONSHAPE($,$,(#4726));
#4733=IFCSTYLEDITEM(#4725,(#25),'Fachada');
#4734=IFCCARTESIANPOINT((8250.,15900.,15000.));
#4735=IFCDIRECTION((0.,0.,1.));
#4736=IFCDIRECTION((1.,0.,0.));
#4737=IFCAXIS2PLACEMENT3D(#4734,#4735,#4736);
#4738=IFCLOCALPLACEMENT($,#4737);
#4739=IFCWINDOW('1Y11Xpwgf8VPeMcIQoK7i2',$,'Ventana norte',$,'Ventana piso-techo',#4761,#4750,'100205',$,$,$,$,$);
#4740=IFCCARTESIANPOINTLIST2D(((0.,0.),(0.,100.),(7099.9999999999991,100.),(7099.9999999999991,0.),(0.,0.)));
#4741=IFCINDEXEDPOLYCURVE(#4740,$,.F.);
#4742=IFCDIRECTION((0.,0.,1.));
#4743=IFCARBITRARYCLOSEDPROFILEDEF(.AREA.,$,#4741);
#4744=IFCCARTESIANPOINT((0.,0.,0.));
#4745=IFCDIRECTION((0.,0.,1.));
#4746=IFCDIRECTION((1.,0.,0.));
#4747=IFCAXIS2PLACEMENT3D(#4744,#4745,#4746);
#4748=IFCEXTRUDEDAREASOLID(#4743,#4747,#4742,1800.);
#4749=IFCSHAPEREPRESENTATION(#11,'Body','SweptSolid',(#4748));
#4750=IFCPRODUCTDEFINITIONSHAPE($,$,(#4749));
#4756=IFCSTYLEDITEM(#4748,(#28),'Vidrio');
#4757=IFCCARTESIANPOINT((8450.,15950.,15900.));
#4758=IFCDIRECTION((0.,0.,1.));
#4759=IFCDIRECTION((1.,0.,0.));
#4760=IFCAXIS2PLACEMENT3D(#4757,#4758,#4759);
#4761=IFCLOCALPLACEMENT($,#4760);
#4762=IFCWALL('2epY6ZYvDCrgLFiISX_6lR',$,'Dintel norte',$,$,#4784,#4773,'100206',$);
#4763=IFCCARTESIANPOINTLIST2D(((0.,0.),(0.,200.),(7500.,200.),(7500.,0.),(0.,0.)));
#4764=IFCINDEXEDPOLYCURVE(#4763,$,.F.);
#4765=IFCDIRECTION((0.,0.,1.));
#4766=IFCARBITRARYCLOSEDPROFILEDEF(.AREA.,$,#4764);
#4767=IFCCARTESIANPOINT((0.,0.,0.));
#4768=IFCDIRECTION((0.,0.,1.));
#4769=IFCDIRECTION((1.,0.,0.));
#4770=IFCAXIS2PLACEMENT3D(#4767,#4768,#4769);
#4771=IFCEXTRUDEDAREASOLID(#4766,#4770,#4765,50.);
#4772=IFCSHAPEREPRESENTATION(#11,'Body','SweptSolid',(#4771));
#4773=IFCPRODUCTDEFINITIONSHAPE($,$,(#4772));
#4779=IFCSTYLEDITEM(#4771,(#25),'Fachada');
#4780=IFCCARTESIANPOINT((8250.,15900.,17700.));
#4781=IFCDIRECTION((0.,0.,1.));
#4782=IFCDIRECTION((1.,0.,0.));
#4783=IFCAXIS2PLACEMENT3D(#4780,#4781,#4782);
#4784=IFCLOCALPLACEMENT($,#4783);
#4785=IFCWALL('1B95a9FoD23BIWdwBOrUW5',$,'Muro fachada sur',$,'Mamposter\X2\00ED\X0\a e=20',#4807,#4796,'100207',$);
#4786=IFCCARTESIANPOINTLIST2D(((0.,0.),(0.,200.),(7500.,200.),(7500.,0.),(0.,0.)));
#4787=IFCINDEXEDPOLYCURVE(#4786,$,.F.);
#4788=IFCDIRECTION((0.,0.,1.));
#4789=IFCARBITRARYCLOSEDPROFILEDEF(.AREA.,$,#4787);
#4790=IFCCARTESIANPOINT((0.,0.,0.));
#4791=IFCDIRECTION((0.,0.,1.));
#4792=IFCDIRECTION((1.,0.,0.));
#4793=IFCAXIS2PLACEMENT3D(#4790,#4791,#4792);
#4794=IFCEXTRUDEDAREASOLID(#4789,#4793,#4788,900.);
#4795=IFCSHAPEREPRESENTATION(#11,'Body','SweptSolid',(#4794));
#4796=IFCPRODUCTDEFINITIONSHAPE($,$,(#4795));
#4802=IFCSTYLEDITEM(#4794,(#25),'Fachada');
#4803=IFCCARTESIANPOINT((16250.,-100.,15000.));
#4804=IFCDIRECTION((0.,0.,1.));
#4805=IFCDIRECTION((1.,0.,0.));
#4806=IFCAXIS2PLACEMENT3D(#4803,#4804,#4805);
#4807=IFCLOCALPLACEMENT($,#4806);
#4808=IFCWINDOW('3tcXaqyaX8aw8iDNvqF4jE',$,'Ventana sur',$,'Ventana piso-techo',#4830,#4819,'100208',$,$,$,$,$);
#4809=IFCCARTESIANPOINTLIST2D(((0.,0.),(0.,100.),(7099.9999999999991,100.),(7099.9999999999991,0.),(0.,0.)));
#4810=IFCINDEXEDPOLYCURVE(#4809,$,.F.);
#4811=IFCDIRECTION((0.,0.,1.));
#4812=IFCARBITRARYCLOSEDPROFILEDEF(.AREA.,$,#4810);
#4813=IFCCARTESIANPOINT((0.,0.,0.));
#4814=IFCDIRECTION((0.,0.,1.));
#4815=IFCDIRECTION((1.,0.,0.));
#4816=IFCAXIS2PLACEMENT3D(#4813,#4814,#4815);
#4817=IFCEXTRUDEDAREASOLID(#4812,#4816,#4811,1800.);
#4818=IFCSHAPEREPRESENTATION(#11,'Body','SweptSolid',(#4817));
#4819=IFCPRODUCTDEFINITIONSHAPE($,$,(#4818));
#4825=IFCSTYLEDITEM(#4817,(#28),'Vidrio');
#4826=IFCCARTESIANPOINT((16450.,-50.,15900.));
#4827=IFCDIRECTION((0.,0.,1.));
#4828=IFCDIRECTION((1.,0.,0.));
#4829=IFCAXIS2PLACEMENT3D(#4826,#4827,#4828);
#4830=IFCLOCALPLACEMENT($,#4829);
#4831=IFCWALL('1eFvJQD$fFmfq_iQOl38TQ',$,'Dintel sur',$,$,#4853,#4842,'100209',$);
#4832=IFCCARTESIANPOINTLIST2D(((0.,0.),(0.,200.),(7500.,200.),(7500.,0.),(0.,0.)));
#4833=IFCINDEXEDPOLYCURVE(#4832,$,.F.);
#4834=IFCDIRECTION((0.,0.,1.));
#4835=IFCARBITRARYCLOSEDPROFILEDEF(.AREA.,$,#4833);
#4836=IFCCARTESIANPOINT((0.,0.,0.));
#4837=IFCDIRECTION((0.,0.,1.));
#4838=IFCDIRECTION((1.,0.,0.));
#4839=IFCAXIS2PLACEMENT3D(#4836,#4837,#4838);
#4840=IFCEXTRUDEDAREASOLID(#4835,#4839,#4834,50.);
#4841=IFCSHAPEREPRESENTATION(#11,'Body','SweptSolid',(#4840));
#4842=IFCPRODUCTDEFINITIONSHAPE($,$,(#4841));
#4848=IFCSTYLEDITEM(#4840,(#25),'Fachada');
#4849=IFCCARTESIANPOINT((16250.,-100.,17700.));
#4850=IFCDIRECTION((0.,0.,1.));
#4851=IFCDIRECTION((1.,0.,0.));
#4852=IFCAXIS2PLACEMENT3D(#4849,#4850,#4851);
#4853=IFCLOCALPLACEMENT($,#4852);
#4854=IFCWALL('0nUPUr_Ez5cBLb1KbP_vab',$,'Muro fachada norte',$,'Mamposter\X2\00ED\X0\a e=20',#4876,#4865,'100210',$);
#4855=IFCCARTESIANPOINTLIST2D(((0.,0.),(0.,200.),(7500.,200.),(7500.,0.),(0.,0.)));
#4856=IFCINDEXEDPOLYCURVE(#4855,$,.F.);
#4857=IFCDIRECTION((0.,0.,1.));
#4858=IFCARBITRARYCLOSEDPROFILEDEF(.AREA.,$,#4856);
#4859=IFCCARTESIANPOINT((0.,0.,0.));
#4860=IFCDIRECTION((0.,0.,1.));
#4861=IFCDIRECTION((1.,0.,0.));
#4862=IFCAXIS2PLACEMENT3D(#4859,#4860,#4861);
#4863=IFCEXTRUDEDAREASOLID(#4858,#4862,#4857,900.);
#4864=IFCSHAPEREPRESENTATION(#11,'Body','SweptSolid',(#4863));
#4865=IFCPRODUCTDEFINITIONSHAPE($,$,(#4864));
#4871=IFCSTYLEDITEM(#4863,(#25),'Fachada');
#4872=IFCCARTESIANPOINT((16250.,15900.,15000.));
#4873=IFCDIRECTION((0.,0.,1.));
#4874=IFCDIRECTION((1.,0.,0.));
#4875=IFCAXIS2PLACEMENT3D(#4872,#4873,#4874);
#4876=IFCLOCALPLACEMENT($,#4875);
#4877=IFCWINDOW('2V3t2Fv0LAlgk9WT_jNIcC',$,'Ventana norte',$,'Ventana piso-techo',#4899,#4888,'100211',$,$,$,$,$);
#4878=IFCCARTESIANPOINTLIST2D(((0.,0.),(0.,100.),(7099.9999999999991,100.),(7099.9999999999991,0.),(0.,0.)));
#4879=IFCINDEXEDPOLYCURVE(#4878,$,.F.);
#4880=IFCDIRECTION((0.,0.,1.));
#4881=IFCARBITRARYCLOSEDPROFILEDEF(.AREA.,$,#4879);
#4882=IFCCARTESIANPOINT((0.,0.,0.));
#4883=IFCDIRECTION((0.,0.,1.));
#4884=IFCDIRECTION((1.,0.,0.));
#4885=IFCAXIS2PLACEMENT3D(#4882,#4883,#4884);
#4886=IFCEXTRUDEDAREASOLID(#4881,#4885,#4880,1800.);
#4887=IFCSHAPEREPRESENTATION(#11,'Body','SweptSolid',(#4886));
#4888=IFCPRODUCTDEFINITIONSHAPE($,$,(#4887));
#4894=IFCSTYLEDITEM(#4886,(#28),'Vidrio');
#4895=IFCCARTESIANPOINT((16450.,15950.,15900.));
#4896=IFCDIRECTION((0.,0.,1.));
#4897=IFCDIRECTION((1.,0.,0.));
#4898=IFCAXIS2PLACEMENT3D(#4895,#4896,#4897);
#4899=IFCLOCALPLACEMENT($,#4898);
#4900=IFCWALL('0kad3N0qH6BA5GDOeVhX_x',$,'Dintel norte',$,$,#4922,#4911,'100212',$);
#4901=IFCCARTESIANPOINTLIST2D(((0.,0.),(0.,200.),(7500.,200.),(7500.,0.),(0.,0.)));
#4902=IFCINDEXEDPOLYCURVE(#4901,$,.F.);
#4903=IFCDIRECTION((0.,0.,1.));
#4904=IFCARBITRARYCLOSEDPROFILEDEF(.AREA.,$,#4902);
#4905=IFCCARTESIANPOINT((0.,0.,0.));
#4906=IFCDIRECTION((0.,0.,1.));
#4907=IFCDIRECTION((1.,0.,0.));
#4908=IFCAXIS2PLACEMENT3D(#4905,#4906,#4907);
#4909=IFCEXTRUDEDAREASOLID(#4904,#4908,#4903,50.);
#4910=IFCSHAPEREPRESENTATION(#11,'Body','SweptSolid',(#4909));
#4911=IFCPRODUCTDEFINITIONSHAPE($,$,(#4910));
#4917=IFCSTYLEDITEM(#4909,(#25),'Fachada');
#4918=IFCCARTESIANPOINT((16250.,15900.,17700.));
#4919=IFCDIRECTION((0.,0.,1.));
#4920=IFCDIRECTION((1.,0.,0.));
#4921=IFCAXIS2PLACEMENT3D(#4918,#4919,#4920);
#4922=IFCLOCALPLACEMENT($,#4921);
#4923=IFCWALL('3L$bbId1L7jAgALe4Em6SP',$,'Muro fachada occidente',$,'Mamposter\X2\00ED\X0\a e=20',#4945,#4934,'100213',$);
#4924=IFCCARTESIANPOINTLIST2D(((0.,0.),(0.,7500.),(200.,7500.),(200.,0.),(0.,0.)));
#4925=IFCINDEXEDPOLYCURVE(#4924,$,.F.);
#4926=IFCDIRECTION((0.,0.,1.));
#4927=IFCARBITRARYCLOSEDPROFILEDEF(.AREA.,$,#4925);
#4928=IFCCARTESIANPOINT((0.,0.,0.));
#4929=IFCDIRECTION((0.,0.,1.));
#4930=IFCDIRECTION((1.,0.,0.));
#4931=IFCAXIS2PLACEMENT3D(#4928,#4929,#4930);
#4932=IFCEXTRUDEDAREASOLID(#4927,#4931,#4926,2750.);
#4933=IFCSHAPEREPRESENTATION(#11,'Body','SweptSolid',(#4932));
#4934=IFCPRODUCTDEFINITIONSHAPE($,$,(#4933));
#4940=IFCSTYLEDITEM(#4932,(#25),'Fachada');
#4941=IFCCARTESIANPOINT((-100.,250.,15000.));
#4942=IFCDIRECTION((0.,0.,1.));
#4943=IFCDIRECTION((1.,0.,0.));
#4944=IFCAXIS2PLACEMENT3D(#4941,#4942,#4943);
#4945=IFCLOCALPLACEMENT($,#4944);
#4946=IFCWALL('2MSvvVZ7T5CBS9_LYE5cxa',$,'Muro fachada oriente',$,'Mamposter\X2\00ED\X0\a e=20',#4968,#4957,'100214',$);
#4947=IFCCARTESIANPOINTLIST2D(((0.,0.),(0.,7500.),(200.,7500.),(200.,0.),(0.,0.)));
#4948=IFCINDEXEDPOLYCURVE(#4947,$,.F.);
#4949=IFCDIRECTION((0.,0.,1.));
#4950=IFCARBITRARYCLOSEDPROFILEDEF(.AREA.,$,#4948);
#4951=IFCCARTESIANPOINT((0.,0.,0.));
#4952=IFCDIRECTION((0.,0.,1.));
#4953=IFCDIRECTION((1.,0.,0.));
#4954=IFCAXIS2PLACEMENT3D(#4951,#4952,#4953);
#4955=IFCEXTRUDEDAREASOLID(#4950,#4954,#4949,2750.);
#4956=IFCSHAPEREPRESENTATION(#11,'Body','SweptSolid',(#4955));
#4957=IFCPRODUCTDEFINITIONSHAPE($,$,(#4956));
#4963=IFCSTYLEDITEM(#4955,(#25),'Fachada');
#4964=IFCCARTESIANPOINT((23899.999999999996,250.,15000.));
#4965=IFCDIRECTION((0.,0.,1.));
#4966=IFCDIRECTION((1.,0.,0.));
#4967=IFCAXIS2PLACEMENT3D(#4964,#4965,#4966);
#4968=IFCLOCALPLACEMENT($,#4967);
#4969=IFCWALL('28Rtfmpm57sOxC2CUWVNF1',$,'Muro fachada occidente',$,'Mamposter\X2\00ED\X0\a e=20',#4991,#4980,'100215',$);
#4970=IFCCARTESIANPOINTLIST2D(((0.,0.),(0.,7500.),(200.,7500.),(200.,0.),(0.,0.)));
#4971=IFCINDEXEDPOLYCURVE(#4970,$,.F.);
#4972=IFCDIRECTION((0.,0.,1.));
#4973=IFCARBITRARYCLOSEDPROFILEDEF(.AREA.,$,#4971);
#4974=IFCCARTESIANPOINT((0.,0.,0.));
#4975=IFCDIRECTION((0.,0.,1.));
#4976=IFCDIRECTION((1.,0.,0.));
#4977=IFCAXIS2PLACEMENT3D(#4974,#4975,#4976);
#4978=IFCEXTRUDEDAREASOLID(#4973,#4977,#4972,2750.);
#4979=IFCSHAPEREPRESENTATION(#11,'Body','SweptSolid',(#4978));
#4980=IFCPRODUCTDEFINITIONSHAPE($,$,(#4979));
#4986=IFCSTYLEDITEM(#4978,(#25),'Fachada');
#4987=IFCCARTESIANPOINT((-100.,8250.,15000.));
#4988=IFCDIRECTION((0.,0.,1.));
#4989=IFCDIRECTION((1.,0.,0.));
#4990=IFCAXIS2PLACEMENT3D(#4987,#4988,#4989);
#4991=IFCLOCALPLACEMENT($,#4990);
#4992=IFCWALL('2snFmKhkHDNfiMHxr6NM_S',$,'Muro fachada oriente',$,'Mamposter\X2\00ED\X0\a e=20',#5014,#5003,'100216',$);
#4993=IFCCARTESIANPOINTLIST2D(((0.,0.),(0.,7500.),(200.,7500.),(200.,0.),(0.,0.)));
#4994=IFCINDEXEDPOLYCURVE(#4993,$,.F.);
#4995=IFCDIRECTION((0.,0.,1.));
#4996=IFCARBITRARYCLOSEDPROFILEDEF(.AREA.,$,#4994);
#4997=IFCCARTESIANPOINT((0.,0.,0.));
#4998=IFCDIRECTION((0.,0.,1.));
#4999=IFCDIRECTION((1.,0.,0.));
#5000=IFCAXIS2PLACEMENT3D(#4997,#4998,#4999);
#5001=IFCEXTRUDEDAREASOLID(#4996,#5000,#4995,2750.);
#5002=IFCSHAPEREPRESENTATION(#11,'Body','SweptSolid',(#5001));
#5003=IFCPRODUCTDEFINITIONSHAPE($,$,(#5002));
#5009=IFCSTYLEDITEM(#5001,(#25),'Fachada');
#5010=IFCCARTESIANPOINT((23899.999999999996,8250.,15000.));
#5011=IFCDIRECTION((0.,0.,1.));
#5012=IFCDIRECTION((1.,0.,0.));
#5013=IFCAXIS2PLACEMENT3D(#5010,#5011,#5012);
#5014=IFCLOCALPLACEMENT($,#5013);
#5015=IFCBUILDINGSTOREY('1eXG8MOUT04wqXMCVwBZIi',$,'Piso 07',$,$,$,$,$,$,18.);
#5016=IFCCOLUMN('3WTCsL8cbD1fXzGVTnzAbr',$,'Columna C1A',$,'Columna 50x50',#5039,#5027,'100217',$);
#5017=IFCCARTESIANPOINTLIST2D(((0.,0.),(0.,500.),(500.,500.),(500.,0.),(0.,0.)));
#5018=IFCINDEXEDPOLYCURVE(#5017,$,.F.);
#5019=IFCDIRECTION((0.,0.,1.));
#5020=IFCARBITRARYCLOSEDPROFILEDEF(.AREA.,$,#5018);
#5021=IFCCARTESIANPOINT((0.,0.,0.));
#5022=IFCDIRECTION((0.,0.,1.));
#5023=IFCDIRECTION((1.,0.,0.));
#5024=IFCAXIS2PLACEMENT3D(#5021,#5022,#5023);
#5025=IFCEXTRUDEDAREASOLID(#5020,#5024,#5019,2750.);
#5026=IFCSHAPEREPRESENTATION(#11,'Body','SweptSolid',(#5025));
#5027=IFCPRODUCTDEFINITIONSHAPE($,$,(#5026));
#5033=IFCSTYLEDITEM(#5025,(#19),'Concreto columna');
#5034=IFCRELCONTAINEDINSPATIALSTRUCTURE('2GdCaCrc5Ebg7SqCwATJRT',$,$,$,(#5016,#5500,#5454,#5753,#5040,#5293,#5546,#5799,#5086,#5339,#5592,#5178,#5385,#5132,#5638,#5431,#5477,#5224,#5684,#5270,#5523,#5730,#5063,#5316,#5569,#5109,#5155,#5776,#5822,#5362,#5615,#5201,#5408,#5661,#5707,#5247),#5015);
#5035=IFCCARTESIANPOINT((-250.,-250.,18000.));
#5036=IFCDIRECTION((0.,0.,1.));
#5037=IFCDIRECTION((1.,0.,0.));
#5038=IFCAXIS2PLACEMENT3D(#5035,#5036,#5037);
#5039=IFCLOCALPLACEMENT($,#5038);
#5040=IFCCOLUMN('2RELR$Ecr8Rvb0cIFqZEz6',$,'Columna C1B',$,'Columna 50x50',#5062,#5051,'100218',$);
#5041=IFCCARTESIANPOINTLIST2D(((0.,0.),(0.,500.),(500.,500.),(500.,0.),(0.,0.)));
#5042=IFCINDEXEDPOLYCURVE(#5041,$,.F.);
#5043=IFCDIRECTION((0.,0.,1.));
#5044=IFCARBITRARYCLOSEDPROFILEDEF(.AREA.,$,#5042);
#5045=IFCCARTESIANPOINT((0.,0.,0.));
#5046=IFCDIRECTION((0.,0.,1.));
#5047=IFCDIRECTION((1.,0.,0.));
#5048=IFCAXIS2PLACEMENT3D(#5045,#5046,#5047);
#5049=IFCEXTRUDEDAREASOLID(#5044,#5048,#5043,2750.);
#5050=IFCSHAPEREPRESENTATION(#11,'Body','SweptSolid',(#5049));
#5051=IFCPRODUCTDEFINITIONSHAPE($,$,(#5050));
#5057=IFCSTYLEDITEM(#5049,(#19),'Concreto columna');
#5058=IFCCARTESIANPOINT((-250.,7750.,18000.));
#5059=IFCDIRECTION((0.,0.,1.));
#5060=IFCDIRECTION((1.,0.,0.));
#5061=IFCAXIS2PLACEMENT3D(#5058,#5059,#5060);
#5062=IFCLOCALPLACEMENT($,#5061);
#5063=IFCCOLUMN('0dYHbf1jTFJhbCVAofDBGI',$,'Columna C1C',$,'Columna 50x50',#5085,#5074,'100219',$);
#5064=IFCCARTESIANPOINTLIST2D(((0.,0.),(0.,500.),(500.,500.),(500.,0.),(0.,0.)));
#5065=IFCINDEXEDPOLYCURVE(#5064,$,.F.);
#5066=IFCDIRECTION((0.,0.,1.));
#5067=IFCARBITRARYCLOSEDPROFILEDEF(.AREA.,$,#5065);
#5068=IFCCARTESIANPOINT((0.,0.,0.));
#5069=IFCDIRECTION((0.,0.,1.));
#5070=IFCDIRECTION((1.,0.,0.));
#5071=IFCAXIS2PLACEMENT3D(#5068,#5069,#5070);
#5072=IFCEXTRUDEDAREASOLID(#5067,#5071,#5066,2750.);
#5073=IFCSHAPEREPRESENTATION(#11,'Body','SweptSolid',(#5072));
#5074=IFCPRODUCTDEFINITIONSHAPE($,$,(#5073));
#5080=IFCSTYLEDITEM(#5072,(#19),'Concreto columna');
#5081=IFCCARTESIANPOINT((-250.,15750.,18000.));
#5082=IFCDIRECTION((0.,0.,1.));
#5083=IFCDIRECTION((1.,0.,0.));
#5084=IFCAXIS2PLACEMENT3D(#5081,#5082,#5083);
#5085=IFCLOCALPLACEMENT($,#5084);
#5086=IFCCOLUMN('3aigD2rOD5cB5uBCbwzHJC',$,'Columna C2A',$,'Columna 50x50',#5108,#5097,'100220',$);
#5087=IFCCARTESIANPOINTLIST2D(((0.,0.),(0.,500.),(500.,500.),(500.,0.),(0.,0.)));
#5088=IFCINDEXEDPOLYCURVE(#5087,$,.F.);
#5089=IFCDIRECTION((0.,0.,1.));
#5090=IFCARBITRARYCLOSEDPROFILEDEF(.AREA.,$,#5088);
#5091=IFCCARTESIANPOINT((0.,0.,0.));
#5092=IFCDIRECTION((0.,0.,1.));
#5093=IFCDIRECTION((1.,0.,0.));
#5094=IFCAXIS2PLACEMENT3D(#5091,#5092,#5093);
#5095=IFCEXTRUDEDAREASOLID(#5090,#5094,#5089,2750.);
#5096=IFCSHAPEREPRESENTATION(#11,'Body','SweptSolid',(#5095));
#5097=IFCPRODUCTDEFINITIONSHAPE($,$,(#5096));
#5103=IFCSTYLEDITEM(#5095,(#19),'Concreto columna');
#5104=IFCCARTESIANPOINT((7750.,-250.,18000.));
#5105=IFCDIRECTION((0.,0.,1.));
#5106=IFCDIRECTION((1.,0.,0.));
#5107=IFCAXIS2PLACEMENT3D(#5104,#5105,#5106);
#5108=IFCLOCALPLACEMENT($,#5107);
#5109=IFCCOLUMN('0bg3V_f_zBg9XBBQEMcAb8',$,'Columna C2B',$,'Columna 50x50',#5131,#5120,'100221',$);
#5110=IFCCARTESIANPOINTLIST2D(((0.,0.),(0.,500.),(500.,500.),(500.,0.),(0.,0.)));
#5111=IFCINDEXEDPOLYCURVE(#5110,$,.F.);
#5112=IFCDIRECTION((0.,0.,1.));
#5113=IFCARBITRARYCLOSEDPROFILEDEF(.AREA.,$,#5111);
#5114=IFCCARTESIANPOINT((0.,0.,0.));
#5115=IFCDIRECTION((0.,0.,1.));
#5116=IFCDIRECTION((1.,0.,0.));
#5117=IFCAXIS2PLACEMENT3D(#5114,#5115,#5116);
#5118=IFCEXTRUDEDAREASOLID(#5113,#5117,#5112,2750.);
#5119=IFCSHAPEREPRESENTATION(#11,'Body','SweptSolid',(#5118));
#5120=IFCPRODUCTDEFINITIONSHAPE($,$,(#5119));
#5126=IFCSTYLEDITEM(#5118,(#19),'Concreto columna');
#5127=IFCCARTESIANPOINT((7750.,7750.,18000.));
#5128=IFCDIRECTION((0.,0.,1.));
#5129=IFCDIRECTION((1.,0.,0.));
#5130=IFCAXIS2PLACEMENT3D(#5127,#5128,#5129);
#5131=IFCLOCALPLACEMENT($,#5130);
#5132=IFCCOLUMN('3Egc$gUYP1qeCkNQvBC2VL',$,'Columna C2C',$,'Columna 50x50',#5154,#5143,'100222',$);
#5133=IFCCARTESIANPOINTLIST2D(((0.,0.),(0.,500.),(500.,500.),(500.,0.),(0.,0.)));
#5134=IFCINDEXEDPOLYCURVE(#5133,$,.F.);
#5135=IFCDIRECTION((0.,0.,1.));
#5136=IFCARBITRARYCLOSEDPROFILEDEF(.AREA.,$,#5134);
#5137=IFCCARTESIANPOINT((0.,0.,0.));
#5138=IFCDIRECTION((0.,0.,1.));
#5139=IFCDIRECTION((1.,0.,0.));
#5140=IFCAXIS2PLACEMENT3D(#5137,#5138,#5139);
#5141=IFCEXTRUDEDAREASOLID(#5136,#5140,#5135,2750.);
#5142=IFCSHAPEREPRESENTATION(#11,'Body','SweptSolid',(#5141));
#5143=IFCPRODUCTDEFINITIONSHAPE($,$,(#5142));
#5149=IFCSTYLEDITEM(#5141,(#19),'Concreto columna');
#5150=IFCCARTESIANPOINT((7750.,15750.,18000.));
#5151=IFCDIRECTION((0.,0.,1.));
#5152=IFCDIRECTION((1.,0.,0.));
#5153=IFCAXIS2PLACEMENT3D(#5150,#5151,#5152);
#5154=IFCLOCALPLACEMENT($,#5153);
#5155=IFCCOLUMN('3py24BITr3feZPO0GJ51S2',$,'Columna C3A',$,'Columna 50x50',#5177,#5166,'100223',$);
#5156=IFCCARTESIANPOINTLIST2D(((0.,0.),(0.,500.),(500.,500.),(500.,0.),(0.,0.)));
#5157=IFCINDEXEDPOLYCURVE(#5156,$,.F.);
#5158=IFCDIRECTION((0.,0.,1.));
#5159=IFCARBITRARYCLOSEDPROFILEDEF(.AREA.,$,#5157);
#5160=IFCCARTESIANPOINT((0.,0.,0.));
#5161=IFCDIRECTION((0.,0.,1.));
#5162=IFCDIRECTION((1.,0.,0.));
#5163=IFCAXIS2PLACEMENT3D(#5160,#5161,#5162);
#5164=IFCEXTRUDEDAREASOLID(#5159,#5163,#5158,2750.);
#5165=IFCSHAPEREPRESENTATION(#11,'Body','SweptSolid',(#5164));
#5166=IFCPRODUCTDEFINITIONSHAPE($,$,(#5165));
#5172=IFCSTYLEDITEM(#5164,(#19),'Concreto columna');
#5173=IFCCARTESIANPOINT((15750.,-250.,18000.));
#5174=IFCDIRECTION((0.,0.,1.));
#5175=IFCDIRECTION((1.,0.,0.));
#5176=IFCAXIS2PLACEMENT3D(#5173,#5174,#5175);
#5177=IFCLOCALPLACEMENT($,#5176);
#5178=IFCCOLUMN('1TUHDp95b5xRHjrtpynmkS',$,'Columna C3B',$,'Columna 50x50',#5200,#5189,'100224',$);
#5179=IFCCARTESIANPOINTLIST2D(((0.,0.),(0.,500.),(500.,500.),(500.,0.),(0.,0.)));
#5180=IFCINDEXEDPOLYCURVE(#5179,$,.F.);
#5181=IFCDIRECTION((0.,0.,1.));
#5182=IFCARBITRARYCLOSEDPROFILEDEF(.AREA.,$,#5180);
#5183=IFCCARTESIANPOINT((0.,0.,0.));
#5184=IFCDIRECTION((0.,0.,1.));
#5185=IFCDIRECTION((1.,0.,0.));
#5186=IFCAXIS2PLACEMENT3D(#5183,#5184,#5185);
#5187=IFCEXTRUDEDAREASOLID(#5182,#5186,#5181,2750.);
#5188=IFCSHAPEREPRESENTATION(#11,'Body','SweptSolid',(#5187));
#5189=IFCPRODUCTDEFINITIONSHAPE($,$,(#5188));
#5195=IFCSTYLEDITEM(#5187,(#19),'Concreto columna');
#5196=IFCCARTESIANPOINT((15750.,7750.,18000.));
#5197=IFCDIRECTION((0.,0.,1.));
#5198=IFCDIRECTION((1.,0.,0.));
#5199=IFCAXIS2PLACEMENT3D(#5196,#5197,#5198);
#5200=IFCLOCALPLACEMENT($,#5199);
#5201=IFCCOLUMN('0F2p0IZhH0494ialJwYtpu',$,'Columna C3C',$,'Columna 50x50',#5223,#5212,'100225',$);
#5202=IFCCARTESIANPOINTLIST2D(((0.,0.),(0.,500.),(500.,500.),(500.,0.),(0.,0.)));
#5203=IFCINDEXEDPOLYCURVE(#5202,$,.F.);
#5204=IFCDIRECTION((0.,0.,1.));
#5205=IFCARBITRARYCLOSEDPROFILEDEF(.AREA.,$,#5203);
#5206=IFCCARTESIANPOINT((0.,0.,0.));
#5207=IFCDIRECTION((0.,0.,1.));
#5208=IFCDIRECTION((1.,0.,0.));
#5209=IFCAXIS2PLACEMENT3D(#5206,#5207,#5208);
#5210=IFCEXTRUDEDAREASOLID(#5205,#5209,#5204,2750.);
#5211=IFCSHAPEREPRESENTATION(#11,'Body','SweptSolid',(#5210));
#5212=IFCPRODUCTDEFINITIONSHAPE($,$,(#5211));
#5218=IFCSTYLEDITEM(#5210,(#19),'Concreto columna');
#5219=IFCCARTESIANPOINT((15750.,15750.,18000.));
#5220=IFCDIRECTION((0.,0.,1.));
#5221=IFCDIRECTION((1.,0.,0.));
#5222=IFCAXIS2PLACEMENT3D(#5219,#5220,#5221);
#5223=IFCLOCALPLACEMENT($,#5222);
#5224=IFCCOLUMN('1W9sbPiOf7_8MFRuCO1DN7',$,'Columna C4A',$,'Columna 50x50',#5246,#5235,'100226',$);
#5225=IFCCARTESIANPOINTLIST2D(((0.,0.),(0.,500.),(500.,500.),(500.,0.),(0.,0.)));
#5226=IFCINDEXEDPOLYCURVE(#5225,$,.F.);
#5227=IFCDIRECTION((0.,0.,1.));
#5228=IFCARBITRARYCLOSEDPROFILEDEF(.AREA.,$,#5226);
#5229=IFCCARTESIANPOINT((0.,0.,0.));
#5230=IFCDIRECTION((0.,0.,1.));
#5231=IFCDIRECTION((1.,0.,0.));
#5232=IFCAXIS2PLACEMENT3D(#5229,#5230,#5231);
#5233=IFCEXTRUDEDAREASOLID(#5228,#5232,#5227,2750.);
#5234=IFCSHAPEREPRESENTATION(#11,'Body','SweptSolid',(#5233));
#5235=IFCPRODUCTDEFINITIONSHAPE($,$,(#5234));
#5241=IFCSTYLEDITEM(#5233,(#19),'Concreto columna');
#5242=IFCCARTESIANPOINT((23750.,-250.,18000.));
#5243=IFCDIRECTION((0.,0.,1.));
#5244=IFCDIRECTION((1.,0.,0.));
#5245=IFCAXIS2PLACEMENT3D(#5242,#5243,#5244);
#5246=IFCLOCALPLACEMENT($,#5245);
#5247=IFCCOLUMN('1rlGTKjg9CAxIi3kTDnQha',$,'Columna C4B',$,'Columna 50x50',#5269,#5258,'100227',$);
#5248=IFCCARTESIANPOINTLIST2D(((0.,0.),(0.,500.),(500.,500.),(500.,0.),(0.,0.)));
#5249=IFCINDEXEDPOLYCURVE(#5248,$,.F.);
#5250=IFCDIRECTION((0.,0.,1.));
#5251=IFCARBITRARYCLOSEDPROFILEDEF(.AREA.,$,#5249);
#5252=IFCCARTESIANPOINT((0.,0.,0.));
#5253=IFCDIRECTION((0.,0.,1.));
#5254=IFCDIRECTION((1.,0.,0.));
#5255=IFCAXIS2PLACEMENT3D(#5252,#5253,#5254);
#5256=IFCEXTRUDEDAREASOLID(#5251,#5255,#5250,2750.);
#5257=IFCSHAPEREPRESENTATION(#11,'Body','SweptSolid',(#5256));
#5258=IFCPRODUCTDEFINITIONSHAPE($,$,(#5257));
#5264=IFCSTYLEDITEM(#5256,(#19),'Concreto columna');
#5265=IFCCARTESIANPOINT((23750.,7750.,18000.));
#5266=IFCDIRECTION((0.,0.,1.));
#5267=IFCDIRECTION((1.,0.,0.));
#5268=IFCAXIS2PLACEMENT3D(#5265,#5266,#5267);
#5269=IFCLOCALPLACEMENT($,#5268);
#5270=IFCCOLUMN('2san93BUHCywLvfx$OLA3A',$,'Columna C4C',$,'Columna 50x50',#5292,#5281,'100228',$);
#5271=IFCCARTESIANPOINTLIST2D(((0.,0.),(0.,500.),(500.,500.),(500.,0.),(0.,0.)));
#5272=IFCINDEXEDPOLYCURVE(#5271,$,.F.);
#5273=IFCDIRECTION((0.,0.,1.));
#5274=IFCARBITRARYCLOSEDPROFILEDEF(.AREA.,$,#5272);
#5275=IFCCARTESIANPOINT((0.,0.,0.));
#5276=IFCDIRECTION((0.,0.,1.));
#5277=IFCDIRECTION((1.,0.,0.));
#5278=IFCAXIS2PLACEMENT3D(#5275,#5276,#5277);
#5279=IFCEXTRUDEDAREASOLID(#5274,#5278,#5273,2750.);
#5280=IFCSHAPEREPRESENTATION(#11,'Body','SweptSolid',(#5279));
#5281=IFCPRODUCTDEFINITIONSHAPE($,$,(#5280));
#5287=IFCSTYLEDITEM(#5279,(#19),'Concreto columna');
#5288=IFCCARTESIANPOINT((23750.,15750.,18000.));
#5289=IFCDIRECTION((0.,0.,1.));
#5290=IFCDIRECTION((1.,0.,0.));
#5291=IFCAXIS2PLACEMENT3D(#5288,#5289,#5290);
#5292=IFCLOCALPLACEMENT($,#5291);
#5293=IFCSLAB('3sMynnWB5EhQ$rYhUS09v1',$,'Placa piso 08',$,'Placa maciza e=25',#5315,#5304,'100229',$);
#5294=IFCCARTESIANPOINTLIST2D(((0.,0.),(0.,16600.),(24600.,16600.),(24600.,0.),(0.,0.)));
#5295=IFCINDEXEDPOLYCURVE(#5294,$,.F.);
#5296=IFCDIRECTION((0.,0.,1.));
#5297=IFCARBITRARYCLOSEDPROFILEDEF(.AREA.,$,#5295);
#5298=IFCCARTESIANPOINT((0.,0.,0.));
#5299=IFCDIRECTION((0.,0.,1.));
#5300=IFCDIRECTION((1.,0.,0.));
#5301=IFCAXIS2PLACEMENT3D(#5298,#5299,#5300);
#5302=IFCEXTRUDEDAREASOLID(#5297,#5301,#5296,250.);
#5303=IFCSHAPEREPRESENTATION(#11,'Body','SweptSolid',(#5302));
#5304=IFCPRODUCTDEFINITIONSHAPE($,$,(#5303));
#5310=IFCSTYLEDITEM(#5302,(#16),'Concreto');
#5311=IFCCARTESIANPOINT((-300.,-300.,20750.));
#5312=IFCDIRECTION((0.,0.,1.));
#5313=IFCDIRECTION((1.,0.,0.));
#5314=IFCAXIS2PLACEMENT3D(#5311,#5312,#5313);
#5315=IFCLOCALPLACEMENT($,#5314);
#5316=IFCWALL('0t2ZkpQ$n7oeeXijtgU1qI',$,'Muro n\X2\00FA\X0\cleo',$,'Muro concreto e=20',#5338,#5327,'100230',$);
#5317=IFCCARTESIANPOINTLIST2D(((0.,0.),(0.,4000.),(4000.,4000.),(4000.,0.),(0.,0.)));
#5318=IFCINDEXEDPOLYCURVE(#5317,$,.F.);
#5319=IFCDIRECTION((0.,0.,1.));
#5320=IFCARBITRARYCLOSEDPROFILEDEF(.AREA.,$,#5318);
#5321=IFCCARTESIANPOINT((0.,0.,0.));
#5322=IFCDIRECTION((0.,0.,1.));
#5323=IFCDIRECTION((1.,0.,0.));
#5324=IFCAXIS2PLACEMENT3D(#5321,#5322,#5323);
#5325=IFCEXTRUDEDAREASOLID(#5320,#5324,#5319,2750.);
#5326=IFCSHAPEREPRESENTATION(#11,'Body','SweptSolid',(#5325));
#5327=IFCPRODUCTDEFINITIONSHAPE($,$,(#5326));
#5333=IFCSTYLEDITEM(#5325,(#31),'N\X2\00FA\X0\cleo');
#5334=IFCCARTESIANPOINT((10000.,6000.,18000.));
#5335=IFCDIRECTION((0.,0.,1.));
#5336=IFCDIRECTION((1.,0.,0.));
#5337=IFCAXIS2PLACEMENT3D(#5334,#5335,#5336);
#5338=IFCLOCALPLACEMENT($,#5337);
#5339=IFCWALL('1zx0d3Adn5qgkzuwjB$iig',$,'Muro fachada sur',$,'Mamposter\X2\00ED\X0\a e=20',#5361,#5350,'100231',$);
#5340=IFCCARTESIANPOINTLIST2D(((0.,0.),(0.,200.),(7500.,200.),(7500.,0.),(0.,0.)));
#5341=IFCINDEXEDPOLYCURVE(#5340,$,.F.);
#5342=IFCDIRECTION((0.,0.,1.));
#5343=IFCARBITRARYCLOSEDPROFILEDEF(.AREA.,$,#5341);
#5344=IFCCARTESIANPOINT((0.,0.,0.));
#5345=IFCDIRECTION((0.,0.,1.));
#5346=IFCDIRECTION((1.,0.,0.));
#5347=IFCAXIS2PLACEMENT3D(#5344,#5345,#5346);
#5348=IFCEXTRUDEDAREASOLID(#5343,#5347,#5342,900.);
#5349=IFCSHAPEREPRESENTATION(#11,'Body','SweptSolid',(#5348));
#5350=IFCPRODUCTDEFINITIONSHAPE($,$,(#5349));
#5356=IFCSTYLEDITEM(#5348,(#25),'Fachada');
#5357=IFCCARTESIANPOINT((250.,-100.,18000.));
#5358=IFCDIRECTION((0.,0.,1.));
#5359=IFCDIRECTION((1.,0.,0.));
#5360=IFCAXIS2PLACEMENT3D(#5357,#5358,#5359);
#5361=IFCLOCALPLACEMENT($,#5360);
#5362=IFCWINDOW('2j8KSjVc1FYvkRjMte3lk4',$,'Ventana sur',$,'Ventana piso-techo',#5384,#5373,'100232',$,$,$,$,$);
#5363=IFCCARTESIANPOINTLIST2D(((0.,0.),(0.,100.),(7099.9999999999991,100.),(7099.9999999999991,0.),(0.,0.)));
#5364=IFCINDEXEDPOLYCURVE(#5363,$,.F.);
#5365=IFCDIRECTION((0.,0.,1.));
#5366=IFCARBITRARYCLOSEDPROFILEDEF(.AREA.,$,#5364);
#5367=IFCCARTESIANPOINT((0.,0.,0.));
#5368=IFCDIRECTION((0.,0.,1.));
#5369=IFCDIRECTION((1.,0.,0.));
#5370=IFCAXIS2PLACEMENT3D(#5367,#5368,#5369);
#5371=IFCEXTRUDEDAREASOLID(#5366,#5370,#5365,1800.);
#5372=IFCSHAPEREPRESENTATION(#11,'Body','SweptSolid',(#5371));
#5373=IFCPRODUCTDEFINITIONSHAPE($,$,(#5372));
#5379=IFCSTYLEDITEM(#5371,(#28),'Vidrio');
#5380=IFCCARTESIANPOINT((450.,-50.,18900.));
#5381=IFCDIRECTION((0.,0.,1.));
#5382=IFCDIRECTION((1.,0.,0.));
#5383=IFCAXIS2PLACEMENT3D(#5380,#5381,#5382);
#5384=IFCLOCALPLACEMENT($,#5383);
#5385=IFCWALL('0vvpSoAdnEQwwZLaFzCBnk',$,'Dintel sur',$,$,#5407,#5396,'100233',$);
#5386=IFCCARTESIANPOINTLIST2D(((0.,0.),(0.,200.),(7500.,200.),(7500.,0.),(0.,0.)));
#5387=IFCINDEXEDPOLYCURVE(#5386,$,.F.);
#5388=IFCDIRECTION((0.,0.,1.));
#5389=IFCARBITRARYCLOSEDPROFILEDEF(.AREA.,$,#5387);
#5390=IFCCARTESIANPOINT((0.,0.,0.));
#5391=IFCDIRECTION((0.,0.,1.));
#5392=IFCDIRECTION((1.,0.,0.));
#5393=IFCAXIS2PLACEMENT3D(#5390,#5391,#5392);
#5394=IFCEXTRUDEDAREASOLID(#5389,#5393,#5388,50.);
#5395=IFCSHAPEREPRESENTATION(#11,'Body','SweptSolid',(#5394));
#5396=IFCPRODUCTDEFINITIONSHAPE($,$,(#5395));
#5402=IFCSTYLEDITEM(#5394,(#25),'Fachada');
#5403=IFCCARTESIANPOINT((250.,-100.,20700.));
#5404=IFCDIRECTION((0.,0.,1.));
#5405=IFCDIRECTION((1.,0.,0.));
#5406=IFCAXIS2PLACEMENT3D(#5403,#5404,#5405);
#5407=IFCLOCALPLACEMENT($,#5406);
#5408=IFCWALL('3BdDRWILL8$hGbqMnGxMEh',$,'Muro fachada norte',$,'Mamposter\X2\00ED\X0\a e=20',#5430,#5419,'100234',$);
#5409=IFCCARTESIANPOINTLIST2D(((0.,0.),(0.,200.),(7500.,200.),(7500.,0.),(0.,0.)));
#5410=IFCINDEXEDPOLYCURVE(#5409,$,.F.);
#5411=IFCDIRECTION((0.,0.,1.));
#5412=IFCARBITRARYCLOSEDPROFILEDEF(.AREA.,$,#5410);
#5413=IFCCARTESIANPOINT((0.,0.,0.));
#5414=IFCDIRECTION((0.,0.,1.));
#5415=IFCDIRECTION((1.,0.,0.));
#5416=IFCAXIS2PLACEMENT3D(#5413,#5414,#5415);
#5417=IFCEXTRUDEDAREASOLID(#5412,#5416,#5411,900.);
#5418=IFCSHAPEREPRESENTATION(#11,'Body','SweptSolid',(#5417));
#5419=IFCPRODUCTDEFINITIONSHAPE($,$,(#5418));
#5425=IFCSTYLEDITEM(#5417,(#25),'Fachada');
#5426=IFCCARTESIANPOINT((250.,15900.,18000.));
#5427=IFCDIRECTION((0.,0.,1.));
#5428=IFCDIRECTION((1.,0.,0.));
#5429=IFCAXIS2PLACEMENT3D(#5426,#5427,#5428);
#5430=IFCLOCALPLACEMENT($,#5429);
#5431=IFCWINDOW('16nKSWRnj8chAmxxAFvW_T',$,'Ventana norte',$,'Ventana piso-techo',#5453,#5442,'100235',$,$,$,$,$);
#5432=IFCCARTESIANPOINTLIST2D(((0.,0.),(0.,100.),(7099.9999999999991,100.),(7099.9999999999991,0.),(0.,0.)));
#5433=IFCINDEXEDPOLYCURVE(#5432,$,.F.);
#5434=IFCDIRECTION((0.,0.,1.));
#5435=IFCARBITRARYCLOSEDPROFILEDEF(.AREA.,$,#5433);
#5436=IFCCARTESIANPOINT((0.,0.,0.));
#5437=IFCDIRECTION((0.,0.,1.));
#5438=IFCDIRECTION((1.,0.,0.));
#5439=IFCAXIS2PLACEMENT3D(#5436,#5437,#5438);
#5440=IFCEXTRUDEDAREASOLID(#5435,#5439,#5434,1800.);
#5441=IFCSHAPEREPRESENTATION(#11,'Body','SweptSolid',(#5440));
#5442=IFCPRODUCTDEFINITIONSHAPE($,$,(#5441));
#5448=IFCSTYLEDITEM(#5440,(#28),'Vidrio');
#5449=IFCCARTESIANPOINT((450.,15950.,18900.));
#5450=IFCDIRECTION((0.,0.,1.));
#5451=IFCDIRECTION((1.,0.,0.));
#5452=IFCAXIS2PLACEMENT3D(#5449,#5450,#5451);
#5453=IFCLOCALPLACEMENT($,#5452);
#5454=IFCWALL('3t6rKNILfE7O2yVjZkJ_rc',$,'Dintel norte',$,$,#5476,#5465,'100236',$);
#5455=IFCCARTESIANPOINTLIST2D(((0.,0.),(0.,200.),(7500.,200.),(7500.,0.),(0.,0.)));
#5456=IFCINDEXEDPOLYCURVE(#5455,$,.F.);
#5457=IFCDIRECTION((0.,0.,1.));
#5458=IFCARBITRARYCLOSEDPROFILEDEF(.AREA.,$,#5456);
#5459=IFCCARTESIANPOINT((0.,0.,0.));
#5460=IFCDIRECTION((0.,0.,1.));
#5461=IFCDIRECTION((1.,0.,0.));
#5462=IFCAXIS2PLACEMENT3D(#5459,#5460,#5461);
#5463=IFCEXTRUDEDAREASOLID(#5458,#5462,#5457,50.);
#5464=IFCSHAPEREPRESENTATION(#11,'Body','SweptSolid',(#5463));
#5465=IFCPRODUCTDEFINITIONSHAPE($,$,(#5464));
#5471=IFCSTYLEDITEM(#5463,(#25),'Fachada');
#5472=IFCCARTESIANPOINT((250.,15900.,20700.));
#5473=IFCDIRECTION((0.,0.,1.));
#5474=IFCDIRECTION((1.,0.,0.));
#5475=IFCAXIS2PLACEMENT3D(#5472,#5473,#5474);
#5476=IFCLOCALPLACEMENT($,#5475);
#5477=IFCWALL('1714LXLVr9XhFAUyqrTELX',$,'Muro fachada sur',$,'Mamposter\X2\00ED\X0\a e=20',#5499,#5488,'100237',$);
#5478=IFCCARTESIANPOINTLIST2D(((0.,0.),(0.,200.),(7500.,200.),(7500.,0.),(0.,0.)));
#5479=IFCINDEXEDPOLYCURVE(#5478,$,.F.);
#5480=IFCDIRECTION((0.,0.,1.));
#5481=IFCARBITRARYCLOSEDPROFILEDEF(.AREA.,$,#5479);
#5482=IFCCARTESIANPOINT((0.,0.,0.));
#5483=IFCDIRECTION((0.,0.,1.));
#5484=IFCDIRECTION((1.,0.,0.));
#5485=IFCAXIS2PLACEMENT3D(#5482,#5483,#5484);
#5486=IFCEXTRUDEDAREASOLID(#5481,#5485,#5480,900.);
#5487=IFCSHAPEREPRESENTATION(#11,'Body','SweptSolid',(#5486));
#5488=IFCPRODUCTDEFINITIONSHAPE($,$,(#5487));
#5494=IFCSTYLEDITEM(#5486,(#25),'Fachada');
#5495=IFCCARTESIANPOINT((8250.,-100.,18000.));
#5496=IFCDIRECTION((0.,0.,1.));
#5497=IFCDIRECTION((1.,0.,0.));
#5498=IFCAXIS2PLACEMENT3D(#5495,#5496,#5497);
#5499=IFCLOCALPLACEMENT($,#5498);
#5500=IFCWINDOW('05RCbNmiH8r98B9Xkoqdzt',$,'Ventana sur',$,'Ventana piso-techo',#5522,#5511,'100238',$,$,$,$,$);
#5501=IFCCARTESIANPOINTLIST2D(((0.,0.),(0.,100.),(7099.9999999999991,100.),(7099.9999999999991,0.),(0.,0.)));
#5502=IFCINDEXEDPOLYCURVE(#5501,$,.F.);
#5503=IFCDIRECTION((0.,0.,1.));
#5504=IFCARBITRARYCLOSEDPROFILEDEF(.AREA.,$,#5502);
#5505=IFCCARTESIANPOINT((0.,0.,0.));
#5506=IFCDIRECTION((0.,0.,1.));
#5507=IFCDIRECTION((1.,0.,0.));
#5508=IFCAXIS2PLACEMENT3D(#5505,#5506,#5507);
#5509=IFCEXTRUDEDAREASOLID(#5504,#5508,#5503,1800.);
#5510=IFCSHAPEREPRESENTATION(#11,'Body','SweptSolid',(#5509));
#5511=IFCPRODUCTDEFINITIONSHAPE($,$,(#5510));
#5517=IFCSTYLEDITEM(#5509,(#28),'Vidrio');
#5518=IFCCARTESIANPOINT((8450.,-50.,18900.));
#5519=IFCDIRECTION((0.,0.,1.));
#5520=IFCDIRECTION((1.,0.,0.));
#5521=IFCAXIS2PLACEMENT3D(#5518,#5519,#5520);
#5522=IFCLOCALPLACEMENT($,#5521);
#5523=IFCWALL('1jZllKrVT6Cfdfl2cLfiXY',$,'Dintel sur',$,$,#5545,#5534,'100239',$);
#5524=IFCCARTESIANPOINTLIST2D(((0.,0.),(0.,200.),(7500.,200.),(7500.,0.),(0.,0.)));
#5525=IFCINDEXEDPOLYCURVE(#5524,$,.F.);
#5526=IFCDIRECTION((0.,0.,1.));
#5527=IFCARBITRARYCLOSEDPROFILEDEF(.AREA.,$,#5525);
#5528=IFCCARTESIANPOINT((0.,0.,0.));
#5529=IFCDIRECTION((0.,0.,1.));
#5530=IFCDIRECTION((1.,0.,0.));
#5531=IFCAXIS2PLACEMENT3D(#5528,#5529,#5530);
#5532=IFCEXTRUDEDAREASOLID(#5527,#5531,#5526,50.);
#5533=IFCSHAPEREPRESENTATION(#11,'Body','SweptSolid',(#5532));
#5534=IFCPRODUCTDEFINITIONSHAPE($,$,(#5533));
#5540=IFCSTYLEDITEM(#5532,(#25),'Fachada');
#5541=IFCCARTESIANPOINT((8250.,-100.,20700.));
#5542=IFCDIRECTION((0.,0.,1.));
#5543=IFCDIRECTION((1.,0.,0.));
#5544=IFCAXIS2PLACEMENT3D(#5541,#5542,#5543);
#5545=IFCLOCALPLACEMENT($,#5544);
#5546=IFCWALL('2KLgiNa8f3JeNjGY9dIuyK',$,'Muro fachada norte',$,'Mamposter\X2\00ED\X0\a e=20',#5568,#5557,'100240',$);
#5547=IFCCARTESIANPOINTLIST2D(((0.,0.),(0.,200.),(7500.,200.),(7500.,0.),(0.,0.)));
#5548=IFCINDEXEDPOLYCURVE(#5547,$,.F.);
#5549=IFCDIRECTION((0.,0.,1.));
#5550=IFCARBITRARYCLOSEDPROFILEDEF(.AREA.,$,#5548);
#5551=IFCCARTESIANPOINT((0.,0.,0.));
#5552=IFCDIRECTION((0.,0.,1.));
#5553=IFCDIRECTION((1.,0.,0.));
#5554=IFCAXIS2PLACEMENT3D(#5551,#5552,#5553);
#5555=IFCEXTRUDEDAREASOLID(#5550,#5554,#5549,900.);
#5556=IFCSHAPEREPRESENTATION(#11,'Body','SweptSolid',(#5555));
#5557=IFCPRODUCTDEFINITIONSHAPE($,$,(#5556));
#5563=IFCSTYLEDITEM(#5555,(#25),'Fachada');
#5564=IFCCARTESIANPOINT((8250.,15900.,18000.));
#5565=IFCDIRECTION((0.,0.,1.));
#5566=IFCDIRECTION((1.,0.,0.));
#5567=IFCAXIS2PLACEMENT3D(#5564,#5565,#5566);
#5568=IFCLOCALPLACEMENT($,#5567);
#5569=IFCWINDOW('3d1LLW8xzD3wjY7JzdPt7b',$,'Ventana norte',$,'Ventana piso-techo',#5591,#5580,'100241',$,$,$,$,$);
#5570=IFCCARTESIANPOINTLIST2D(((0.,0.),(0.,100.),(7099.9999999999991,100.),(7099.9999999999991,0.),(0.,0.)));
#5571=IFCINDEXEDPOLYCURVE(#5570,$,.F.);
#5572=IFCDIRECTION((0.,0.,1.));
#5573=IFCARBITRARYCLOSEDPROFILEDEF(.AREA.,$,#5571);
#5574=IFCCARTESIANPOINT((0.,0.,0.));
#5575=IFCDIRECTION((0.,0.,1.));
#5576=IFCDIRECTION((1.,0.,0.));
#5577=IFCAXIS2PLACEMENT3D(#5574,#5575,#5576);
#5578=IFCEXTRUDEDAREASOLID(#5573,#5577,#5572,1800.);
#5579=IFCSHAPEREPRESENTATION(#11,'Body','SweptSolid',(#5578));
#5580=IFCPRODUCTDEFINITIONSHAPE($,$,(#5579));
#5586=IFCSTYLEDITEM(#5578,(#28),'Vidrio');
#5587=IFCCARTESIANPOINT((8450.,15950.,18900.));
#5588=IFCDIRECTION((0.,0.,1.));
#5589=IFCDIRECTION((1.,0.,0.));
#5590=IFCAXIS2PLACEMENT3D(#5587,#5588,#5589);
#5591=IFCLOCALPLACEMENT($,#5590);
#5592=IFCWALL('1_OwI93TLFV9dn4vJgpwBi',$,'Dintel norte',$,$,#5614,#5603,'100242',$);
#5593=IFCCARTESIANPOINTLIST2D(((0.,0.),(0.,200.),(7500.,200.),(7500.,0.),(0.,0.)));
#5594=IFCINDEXEDPOLYCURVE(#5593,$,.F.);
#5595=IFCDIRECTION((0.,0.,1.));
#5596=IFCARBITRARYCLOSEDPROFILEDEF(.AREA.,$,#5594);
#5597=IFCCARTESIANPOINT((0.,0.,0.));
#5598=IFCDIRECTION((0.,0.,1.));
#5599=IFCDIRECTION((1.,0.,0.));
#5600=IFCAXIS2PLACEMENT3D(#5597,#5598,#5599);
#5601=IFCEXTRUDEDAREASOLID(#5596,#5600,#5595,50.);
#5602=IFCSHAPEREPRESENTATION(#11,'Body','SweptSolid',(#5601));
#5603=IFCPRODUCTDEFINITIONSHAPE($,$,(#5602));
#5609=IFCSTYLEDITEM(#5601,(#25),'Fachada');
#5610=IFCCARTESIANPOINT((8250.,15900.,20700.));
#5611=IFCDIRECTION((0.,0.,1.));
#5612=IFCDIRECTION((1.,0.,0.));
#5613=IFCAXIS2PLACEMENT3D(#5610,#5611,#5612);
#5614=IFCLOCALPLACEMENT($,#5613);
#5615=IFCWALL('0RZSfwfI141hESorI5Ti7k',$,'Muro fachada sur',$,'Mamposter\X2\00ED\X0\a e=20',#5637,#5626,'100243',$);
#5616=IFCCARTESIANPOINTLIST2D(((0.,0.),(0.,200.),(7500.,200.),(7500.,0.),(0.,0.)));
#5617=IFCINDEXEDPOLYCURVE(#5616,$,.F.);
#5618=IFCDIRECTION((0.,0.,1.));
#5619=IFCARBITRARYCLOSEDPROFILEDEF(.AREA.,$,#5617);
#5620=IFCCARTESIANPOINT((0.,0.,0.));
#5621=IFCDIRECTION((0.,0.,1.));
#5622=IFCDIRECTION((1.,0.,0.));
#5623=IFCAXIS2PLACEMENT3D(#5620,#5621,#5622);
#5624=IFCEXTRUDEDAREASOLID(#5619,#5623,#5618,900.);
#5625=IFCSHAPEREPRESENTATION(#11,'Body','SweptSolid',(#5624));
#5626=IFCPRODUCTDEFINITIONSHAPE($,$,(#5625));
#5632=IFCSTYLEDITEM(#5624,(#25),'Fachada');
#5633=IFCCARTESIANPOINT((16250.,-100.,18000.));
#5634=IFCDIRECTION((0.,0.,1.));
#5635=IFCDIRECTION((1.,0.,0.));
#5636=IFCAXIS2PLACEMENT3D(#5633,#5634,#5635);
#5637=IFCLOCALPLACEMENT($,#5636);
#5638=IFCWINDOW('1jw_BDbPT9ZfD3wf3ciqCl',$,'Ventana sur',$,'Ventana piso-techo',#5660,#5649,'100244',$,$,$,$,$);
#5639=IFCCARTESIANPOINTLIST2D(((0.,0.),(0.,100.),(7099.9999999999991,100.),(7099.9999999999991,0.),(0.,0.)));
#5640=IFCINDEXEDPOLYCURVE(#5639,$,.F.);
#5641=IFCDIRECTION((0.,0.,1.));
#5642=IFCARBITRARYCLOSEDPROFILEDEF(.AREA.,$,#5640);
#5643=IFCCARTESIANPOINT((0.,0.,0.));
#5644=IFCDIRECTION((0.,0.,1.));
#5645=IFCDIRECTION((1.,0.,0.));
#5646=IFCAXIS2PLACEMENT3D(#5643,#5644,#5645);
#5647=IFCEXTRUDEDAREASOLID(#5642,#5646,#5641,1800.);
#5648=IFCSHAPEREPRESENTATION(#11,'Body','SweptSolid',(#5647));
#5649=IFCPRODUCTDEFINITIONSHAPE($,$,(#5648));
#5655=IFCSTYLEDITEM(#5647,(#28),'Vidrio');
#5656=IFCCARTESIANPOINT((16450.,-50.,18900.));
#5657=IFCDIRECTION((0.,0.,1.));
#5658=IFCDIRECTION((1.,0.,0.));
#5659=IFCAXIS2PLACEMENT3D(#5656,#5657,#5658);
#5660=IFCLOCALPLACEMENT($,#5659);
#5661=IFCWALL('3eqJRVVzTB2uVWva8tB5nx',$,'Dintel sur',$,$,#5683,#5672,'100245',$);
#5662=IFCCARTESIANPOINTLIST2D(((0.,0.),(0.,200.),(7500.,200.),(7500.,0.),(0.,0.)));
#5663=IFCINDEXEDPOLYCURVE(#5662,$,.F.);
#5664=IFCDIRECTION((0.,0.,1.));
#5665=IFCARBITRARYCLOSEDPROFILEDEF(.AREA.,$,#5663);
#5666=IFCCARTESIANPOINT((0.,0.,0.));
#5667=IFCDIRECTION((0.,0.,1.));
#5668=IFCDIRECTION((1.,0.,0.));
#5669=IFCAXIS2PLACEMENT3D(#5666,#5667,#5668);
#5670=IFCEXTRUDEDAREASOLID(#5665,#5669,#5664,50.);
#5671=IFCSHAPEREPRESENTATION(#11,'Body','SweptSolid',(#5670));
#5672=IFCPRODUCTDEFINITIONSHAPE($,$,(#5671));
#5678=IFCSTYLEDITEM(#5670,(#25),'Fachada');
#5679=IFCCARTESIANPOINT((16250.,-100.,20700.));
#5680=IFCDIRECTION((0.,0.,1.));
#5681=IFCDIRECTION((1.,0.,0.));
#5682=IFCAXIS2PLACEMENT3D(#5679,#5680,#5681);
#5683=IFCLOCALPLACEMENT($,#5682);
#5684=IFCWALL('04CACRjhj9ThjQegy9ADuI',$,'Muro fachada norte',$,'Mamposter\X2\00ED\X0\a e=20',#5706,#5695,'100246',$);
#5685=IFCCARTESIANPOINTLIST2D(((0.,0.),(0.,200.),(7500.,200.),(7500.,0.),(0.,0.)));
#5686=IFCINDEXEDPOLYCURVE(#5685,$,.F.);
#5687=IFCDIRECTION((0.,0.,1.));
#5688=IFCARBITRARYCLOSEDPROFILEDEF(.AREA.,$,#5686);
#5689=IFCCARTESIANPOINT((0.,0.,0.));
#5690=IFCDIRECTION((0.,0.,1.));
#5691=IFCDIRECTION((1.,0.,0.));
#5692=IFCAXIS2PLACEMENT3D(#5689,#5690,#5691);
#5693=IFCEXTRUDEDAREASOLID(#5688,#5692,#5687,900.);
#5694=IFCSHAPEREPRESENTATION(#11,'Body','SweptSolid',(#5693));
#5695=IFCPRODUCTDEFINITIONSHAPE($,$,(#5694));
#5701=IFCSTYLEDITEM(#5693,(#25),'Fachada');
#5702=IFCCARTESIANPOINT((16250.,15900.,18000.));
#5703=IFCDIRECTION((0.,0.,1.));
#5704=IFCDIRECTION((1.,0.,0.));
#5705=IFCAXIS2PLACEMENT3D(#5702,#5703,#5704);
#5706=IFCLOCALPLACEMENT($,#5705);
#5707=IFCWINDOW('2Tjb04mIv9b9ebQKQjjZUZ',$,'Ventana norte',$,'Ventana piso-techo',#5729,#5718,'100247',$,$,$,$,$);
#5708=IFCCARTESIANPOINTLIST2D(((0.,0.),(0.,100.),(7099.9999999999991,100.),(7099.9999999999991,0.),(0.,0.)));
#5709=IFCINDEXEDPOLYCURVE(#5708,$,.F.);
#5710=IFCDIRECTION((0.,0.,1.));
#5711=IFCARBITRARYCLOSEDPROFILEDEF(.AREA.,$,#5709);
#5712=IFCCARTESIANPOINT((0.,0.,0.));
#5713=IFCDIRECTION((0.,0.,1.));
#5714=IFCDIRECTION((1.,0.,0.));
#5715=IFCAXIS2PLACEMENT3D(#5712,#5713,#5714);
#5716=IFCEXTRUDEDAREASOLID(#5711,#5715,#5710,1800.);
#5717=IFCSHAPEREPRESENTATION(#11,'Body','SweptSolid',(#5716));
#5718=IFCPRODUCTDEFINITIONSHAPE($,$,(#5717));
#5724=IFCSTYLEDITEM(#5716,(#28),'Vidrio');
#5725=IFCCARTESIANPOINT((16450.,15950.,18900.));
#5726=IFCDIRECTION((0.,0.,1.));
#5727=IFCDIRECTION((1.,0.,0.));
#5728=IFCAXIS2PLACEMENT3D(#5725,#5726,#5727);
#5729=IFCLOCALPLACEMENT($,#5728);
#5730=IFCWALL('0zpaw5F4HCYh9FE_KBhdZB',$,'Dintel norte',$,$,#5752,#5741,'100248',$);
#5731=IFCCARTESIANPOINTLIST2D(((0.,0.),(0.,200.),(7500.,200.),(7500.,0.),(0.,0.)));
#5732=IFCINDEXEDPOLYCURVE(#5731,$,.F.);
#5733=IFCDIRECTION((0.,0.,1.));
#5734=IFCARBITRARYCLOSEDPROFILEDEF(.AREA.,$,#5732);
#5735=IFCCARTESIANPOINT((0.,0.,0.));
#5736=IFCDIRECTION((0.,0.,1.));
#5737=IFCDIRECTION((1.,0.,0.));
#5738=IFCAXIS2PLACEMENT3D(#5735,#5736,#5737);
#5739=IFCEXTRUDEDAREASOLID(#5734,#5738,#5733,50.);
#5740=IFCSHAPEREPRESENTATION(#11,'Body','SweptSolid',(#5739));
#5741=IFCPRODUCTDEFINITIONSHAPE($,$,(#5740));
#5747=IFCSTYLEDITEM(#5739,(#25),'Fachada');
#5748=IFCCARTESIANPOINT((16250.,15900.,20700.));
#5749=IFCDIRECTION((0.,0.,1.));
#5750=IFCDIRECTION((1.,0.,0.));
#5751=IFCAXIS2PLACEMENT3D(#5748,#5749,#5750);
#5752=IFCLOCALPLACEMENT($,#5751);
#5753=IFCWALL('36nn4NtWL3WR_camsaan_8',$,'Muro fachada occidente',$,'Mamposter\X2\00ED\X0\a e=20',#5775,#5764,'100249',$);
#5754=IFCCARTESIANPOINTLIST2D(((0.,0.),(0.,7500.),(200.,7500.),(200.,0.),(0.,0.)));
#5755=IFCINDEXEDPOLYCURVE(#5754,$,.F.);
#5756=IFCDIRECTION((0.,0.,1.));
#5757=IFCARBITRARYCLOSEDPROFILEDEF(.AREA.,$,#5755);
#5758=IFCCARTESIANPOINT((0.,0.,0.));
#5759=IFCDIRECTION((0.,0.,1.));
#5760=IFCDIRECTION((1.,0.,0.));
#5761=IFCAXIS2PLACEMENT3D(#5758,#5759,#5760);
#5762=IFCEXTRUDEDAREASOLID(#5757,#5761,#5756,2750.);
#5763=IFCSHAPEREPRESENTATION(#11,'Body','SweptSolid',(#5762));
#5764=IFCPRODUCTDEFINITIONSHAPE($,$,(#5763));
#5770=IFCSTYLEDITEM(#5762,(#25),'Fachada');
#5771=IFCCARTESIANPOINT((-100.,250.,18000.));
#5772=IFCDIRECTION((0.,0.,1.));
#5773=IFCDIRECTION((1.,0.,0.));
#5774=IFCAXIS2PLACEMENT3D(#5771,#5772,#5773);
#5775=IFCLOCALPLACEMENT($,#5774);
#5776=IFCWALL('2$cWW$T4v7pxVtcaPAflDH',$,'Muro fachada oriente',$,'Mamposter\X2\00ED\X0\a e=20',#5798,#5787,'100250',$);
#5777=IFCCARTESIANPOINTLIST2D(((0.,0.),(0.,7500.),(200.,7500.),(200.,0.),(0.,0.)));
#5778=IFCINDEXEDPOLYCURVE(#5777,$,.F.);
#5779=IFCDIRECTION((0.,0.,1.));
#5780=IFCARBITRARYCLOSEDPROFILEDEF(.AREA.,$,#5778);
#5781=IFCCARTESIANPOINT((0.,0.,0.));
#5782=IFCDIRECTION((0.,0.,1.));
#5783=IFCDIRECTION((1.,0.,0.));
#5784=IFCAXIS2PLACEMENT3D(#5781,#5782,#5783);
#5785=IFCEXTRUDEDAREASOLID(#5780,#5784,#5779,2750.);
#5786=IFCSHAPEREPRESENTATION(#11,'Body','SweptSolid',(#5785));
#5787=IFCPRODUCTDEFINITIONSHAPE($,$,(#5786));
#5793=IFCSTYLEDITEM(#5785,(#25),'Fachada');
#5794=IFCCARTESIANPOINT((23899.999999999996,250.,18000.));
#5795=IFCDIRECTION((0.,0.,1.));
#5796=IFCDIRECTION((1.,0.,0.));
#5797=IFCAXIS2PLACEMENT3D(#5794,#5795,#5796);
#5798=IFCLOCALPLACEMENT($,#5797);
#5799=IFCWALL('051szJf7X01QF_jeehVb3l',$,'Muro fachada occidente',$,'Mamposter\X2\00ED\X0\a e=20',#5821,#5810,'100251',$);
#5800=IFCCARTESIANPOINTLIST2D(((0.,0.),(0.,7500.),(200.,7500.),(200.,0.),(0.,0.)));
#5801=IFCINDEXEDPOLYCURVE(#5800,$,.F.);
#5802=IFCDIRECTION((0.,0.,1.));
#5803=IFCARBITRARYCLOSEDPROFILEDEF(.AREA.,$,#5801);
#5804=IFCCARTESIANPOINT((0.,0.,0.));
#5805=IFCDIRECTION((0.,0.,1.));
#5806=IFCDIRECTION((1.,0.,0.));
#5807=IFCAXIS2PLACEMENT3D(#5804,#5805,#5806);
#5808=IFCEXTRUDEDAREASOLID(#5803,#5807,#5802,2750.);
#5809=IFCSHAPEREPRESENTATION(#11,'Body','SweptSolid',(#5808));
#5810=IFCPRODUCTDEFINITIONSHAPE($,$,(#5809));
#5816=IFCSTYLEDITEM(#5808,(#25),'Fachada');
#5817=IFCCARTESIANPOINT((-100.,8250.,18000.));
#5818=IFCDIRECTION((0.,0.,1.));
#5819=IFCDIRECTION((1.,0.,0.));
#5820=IFCAXIS2PLACEMENT3D(#5817,#5818,#5819);
#5821=IFCLOCALPLACEMENT($,#5820);
#5822=IFCWALL('37cpMKQUH5u9n0UdoTBoVU',$,'Muro fachada oriente',$,'Mamposter\X2\00ED\X0\a e=20',#5844,#5833,'100252',$);
#5823=IFCCARTESIANPOINTLIST2D(((0.,0.),(0.,7500.),(200.,7500.),(200.,0.),(0.,0.)));
#5824=IFCINDEXEDPOLYCURVE(#5823,$,.F.);
#5825=IFCDIRECTION((0.,0.,1.));
#5826=IFCARBITRARYCLOSEDPROFILEDEF(.AREA.,$,#5824);
#5827=IFCCARTESIANPOINT((0.,0.,0.));
#5828=IFCDIRECTION((0.,0.,1.));
#5829=IFCDIRECTION((1.,0.,0.));
#5830=IFCAXIS2PLACEMENT3D(#5827,#5828,#5829);
#5831=IFCEXTRUDEDAREASOLID(#5826,#5830,#5825,2750.);
#5832=IFCSHAPEREPRESENTATION(#11,'Body','SweptSolid',(#5831));
#5833=IFCPRODUCTDEFINITIONSHAPE($,$,(#5832));
#5839=IFCSTYLEDITEM(#5831,(#25),'Fachada');
#5840=IFCCARTESIANPOINT((23899.999999999996,8250.,18000.));
#5841=IFCDIRECTION((0.,0.,1.));
#5842=IFCDIRECTION((1.,0.,0.));
#5843=IFCAXIS2PLACEMENT3D(#5840,#5841,#5842);
#5844=IFCLOCALPLACEMENT($,#5843);
#5845=IFCBUILDINGSTOREY('1_Evpb9ojFKvZoKNGZ6Yub',$,'Piso 08',$,$,$,$,$,$,21.);
#5846=IFCCOLUMN('2$XyCHlHH8jgIXc1xIN2HA',$,'Columna C1A',$,'Columna 50x50',#5869,#5857,'100253',$);
#5847=IFCCARTESIANPOINTLIST2D(((0.,0.),(0.,500.),(500.,500.),(500.,0.),(0.,0.)));
#5848=IFCINDEXEDPOLYCURVE(#5847,$,.F.);
#5849=IFCDIRECTION((0.,0.,1.));
#5850=IFCARBITRARYCLOSEDPROFILEDEF(.AREA.,$,#5848);
#5851=IFCCARTESIANPOINT((0.,0.,0.));
#5852=IFCDIRECTION((0.,0.,1.));
#5853=IFCDIRECTION((1.,0.,0.));
#5854=IFCAXIS2PLACEMENT3D(#5851,#5852,#5853);
#5855=IFCEXTRUDEDAREASOLID(#5850,#5854,#5849,2750.);
#5856=IFCSHAPEREPRESENTATION(#11,'Body','SweptSolid',(#5855));
#5857=IFCPRODUCTDEFINITIONSHAPE($,$,(#5856));
#5863=IFCSTYLEDITEM(#5855,(#19),'Concreto columna');
#5864=IFCRELCONTAINEDINSPATIALSTRUCTURE('1a7dRQwDP3h8ySmHyYLMQk',$,$,$,(#6330,#6376,#5893,#6146,#5916,#6169,#6399,#6422,#6192,#6445,#5962,#6215,#6261,#5985,#6031,#6491,#6468,#6238,#6054,#6307,#6008,#5846,#6077,#6284,#6514,#6100,#6353,#5870,#6123,#5939),#5845);
#5865=IFCCARTESIANPOINT((-250.,-250.,21000.));
#5866=IFCDIRECTION((0.,0.,1.));
#5867=IFCDIRECTION((1.,0.,0.));
#5868=IFCAXIS2PLACEMENT3D(#5865,#5866,#5867);
#5869=IFCLOCALPLACEMENT($,#5868);
#5870=IFCCOLUMN('0cHjZqEwT1tuximqk18LXQ',$,'Columna C1B',$,'Columna 50x50',#5892,#5881,'100254',$);
#5871=IFCCARTESIANPOINTLIST2D(((0.,0.),(0.,500.),(500.,500.),(500.,0.),(0.,0.)));
#5872=IFCINDEXEDPOLYCURVE(#5871,$,.F.);
#5873=IFCDIRECTION((0.,0.,1.));
#5874=IFCARBITRARYCLOSEDPROFILEDEF(.AREA.,$,#5872);
#5875=IFCCARTESIANPOINT((0.,0.,0.));
#5876=IFCDIRECTION((0.,0.,1.));
#5877=IFCDIRECTION((1.,0.,0.));
#5878=IFCAXIS2PLACEMENT3D(#5875,#5876,#5877);
#5879=IFCEXTRUDEDAREASOLID(#5874,#5878,#5873,2750.);
#5880=IFCSHAPEREPRESENTATION(#11,'Body','SweptSolid',(#5879));
#5881=IFCPRODUCTDEFINITIONSHAPE($,$,(#5880));
#5887=IFCSTYLEDITEM(#5879,(#19),'Concreto columna');
#5888=IFCCARTESIANPOINT((-250.,7750.,21000.));
#5889=IFCDIRECTION((0.,0.,1.));
#5890=IFCDIRECTION((1.,0.,0.));
#5891=IFCAXIS2PLACEMENT3D(#5888,#5889,#5890);
#5892=IFCLOCALPLACEMENT($,#5891);
#5893=IFCCOLUMN('1GMasp7wP8ae9WR0rHvVaC',$,'Columna C1C',$,'Columna 50x50',#5915,#5904,'100255',$);
#5894=IFCCARTESIANPOINTLIST2D(((0.,0.),(0.,500.),(500.,500.),(500.,0.),(0.,0.)));
#5895=IFCINDEXEDPOLYCURVE(#5894,$,.F.);
#5896=IFCDIRECTION((0.,0.,1.));
#5897=IFCARBITRARYCLOSEDPROFILEDEF(.AREA.,$,#5895);
#5898=IFCCARTESIANPOINT((0.,0.,0.));
#5899=IFCDIRECTION((0.,0.,1.));
#5900=IFCDIRECTION((1.,0.,0.));
#5901=IFCAXIS2PLACEMENT3D(#5898,#5899,#5900);
#5902=IFCEXTRUDEDAREASOLID(#5897,#5901,#5896,2750.);
#5903=IFCSHAPEREPRESENTATION(#11,'Body','SweptSolid',(#5902));
#5904=IFCPRODUCTDEFINITIONSHAPE($,$,(#5903));
#5910=IFCSTYLEDITEM(#5902,(#19),'Concreto columna');
#5911=IFCCARTESIANPOINT((-250.,15750.,21000.));
#5912=IFCDIRECTION((0.,0.,1.));
#5913=IFCDIRECTION((1.,0.,0.));
#5914=IFCAXIS2PLACEMENT3D(#5911,#5912,#5913);
#5915=IFCLOCALPLACEMENT($,#5914);
#5916=IFCCOLUMN('3DGQhWV_L2PQX8rydOSA$4',$,'Columna C2A',$,'Columna 50x50',#5938,#5927,'100256',$);
#5917=IFCCARTESIANPOINTLIST2D(((0.,0.),(0.,500.),(500.,500.),(500.,0.),(0.,0.)));
#5918=IFCINDEXEDPOLYCURVE(#5917,$,.F.);
#5919=IFCDIRECTION((0.,0.,1.));
#5920=IFCARBITRARYCLOSEDPROFILEDEF(.AREA.,$,#5918);
#5921=IFCCARTESIANPOINT((0.,0.,0.));
#5922=IFCDIRECTION((0.,0.,1.));
#5923=IFCDIRECTION((1.,0.,0.));
#5924=IFCAXIS2PLACEMENT3D(#5921,#5922,#5923);
#5925=IFCEXTRUDEDAREASOLID(#5920,#5924,#5919,2750.);
#5926=IFCSHAPEREPRESENTATION(#11,'Body','SweptSolid',(#5925));
#5927=IFCPRODUCTDEFINITIONSHAPE($,$,(#5926));
#5933=IFCSTYLEDITEM(#5925,(#19),'Concreto columna');
#5934=IFCCARTESIANPOINT((7750.,-250.,21000.));
#5935=IFCDIRECTION((0.,0.,1.));
#5936=IFCDIRECTION((1.,0.,0.));
#5937=IFCAXIS2PLACEMENT3D(#5934,#5935,#5936);
#5938=IFCLOCALPLACEMENT($,#5937);
#5939=IFCCOLUMN('0ZYo67cDbFhg1a8O8NWeRP',$,'Columna C2B',$,'Columna 50x50',#5961,#5950,'100257',$);
#5940=IFCCARTESIANPOINTLIST2D(((0.,0.),(0.,500.),(500.,500.),(500.,0.),(0.,0.)));
#5941=IFCINDEXEDPOLYCURVE(#5940,$,.F.);
#5942=IFCDIRECTION((0.,0.,1.));
#5943=IFCARBITRARYCLOSEDPROFILEDEF(.AREA.,$,#5941);
#5944=IFCCARTESIANPOINT((0.,0.,0.));
#5945=IFCDIRECTION((0.,0.,1.));
#5946=IFCDIRECTION((1.,0.,0.));
#5947=IFCAXIS2PLACEMENT3D(#5944,#5945,#5946);
#5948=IFCEXTRUDEDAREASOLID(#5943,#5947,#5942,2750.);
#5949=IFCSHAPEREPRESENTATION(#11,'Body','SweptSolid',(#5948));
#5950=IFCPRODUCTDEFINITIONSHAPE($,$,(#5949));
#5956=IFCSTYLEDITEM(#5948,(#19),'Concreto columna');
#5957=IFCCARTESIANPOINT((7750.,7750.,21000.));
#5958=IFCDIRECTION((0.,0.,1.));
#5959=IFCDIRECTION((1.,0.,0.));
#5960=IFCAXIS2PLACEMENT3D(#5957,#5958,#5959);
#5961=IFCLOCALPLACEMENT($,#5960);
#5962=IFCCOLUMN('2bPBNyAmb3c86vqYQ0KPBv',$,'Columna C2C',$,'Columna 50x50',#5984,#5973,'100258',$);
#5963=IFCCARTESIANPOINTLIST2D(((0.,0.),(0.,500.),(500.,500.),(500.,0.),(0.,0.)));
#5964=IFCINDEXEDPOLYCURVE(#5963,$,.F.);
#5965=IFCDIRECTION((0.,0.,1.));
#5966=IFCARBITRARYCLOSEDPROFILEDEF(.AREA.,$,#5964);
#5967=IFCCARTESIANPOINT((0.,0.,0.));
#5968=IFCDIRECTION((0.,0.,1.));
#5969=IFCDIRECTION((1.,0.,0.));
#5970=IFCAXIS2PLACEMENT3D(#5967,#5968,#5969);
#5971=IFCEXTRUDEDAREASOLID(#5966,#5970,#5965,2750.);
#5972=IFCSHAPEREPRESENTATION(#11,'Body','SweptSolid',(#5971));
#5973=IFCPRODUCTDEFINITIONSHAPE($,$,(#5972));
#5979=IFCSTYLEDITEM(#5971,(#19),'Concreto columna');
#5980=IFCCARTESIANPOINT((7750.,15750.,21000.));
#5981=IFCDIRECTION((0.,0.,1.));
#5982=IFCDIRECTION((1.,0.,0.));
#5983=IFCAXIS2PLACEMENT3D(#5980,#5981,#5982);
#5984=IFCLOCALPLACEMENT($,#5983);
#5985=IFCCOLUMN('3BMxk4S8H4CxYjY1fNEkJ4',$,'Columna C3A',$,'Columna 50x50',#6007,#5996,'100259',$);
#5986=IFCCARTESIANPOINTLIST2D(((0.,0.),(0.,500.),(500.,500.),(500.,0.),(0.,0.)));
#5987=IFCINDEXEDPOLYCURVE(#5986,$,.F.);
#5988=IFCDIRECTION((0.,0.,1.));
#5989=IFCARBITRARYCLOSEDPROFILEDEF(.AREA.,$,#5987);
#5990=IFCCARTESIANPOINT((0.,0.,0.));
#5991=IFCDIRECTION((0.,0.,1.));
#5992=IFCDIRECTION((1.,0.,0.));
#5993=IFCAXIS2PLACEMENT3D(#5990,#5991,#5992);
#5994=IFCEXTRUDEDAREASOLID(#5989,#5993,#5988,2750.);
#5995=IFCSHAPEREPRESENTATION(#11,'Body','SweptSolid',(#5994));
#5996=IFCPRODUCTDEFINITIONSHAPE($,$,(#5995));
#6002=IFCSTYLEDITEM(#5994,(#19),'Concreto columna');
#6003=IFCCARTESIANPOINT((15750.,-250.,21000.));
#6004=IFCDIRECTION((0.,0.,1.));
#6005=IFCDIRECTION((1.,0.,0.));
#6006=IFCAXIS2PLACEMENT3D(#6003,#6004,#6005);
#6007=IFCLOCALPLACEMENT($,#6006);
#6008=IFCCOLUMN('290qWB5Fj2395FdEslLRlC',$,'Columna C3B',$,'Columna 50x50',#6030,#6019,'100260',$);
#6009=IFCCARTESIANPOINTLIST2D(((0.,0.),(0.,500.),(500.,500.),(500.,0.),(0.,0.)));
#6010=IFCINDEXEDPOLYCURVE(#6009,$,.F.);
#6011=IFCDIRECTION((0.,0.,1.));
#6012=IFCARBITRARYCLOSEDPROFILEDEF(.AREA.,$,#6010);
#6013=IFCCARTESIANPOINT((0.,0.,0.));
#6014=IFCDIRECTION((0.,0.,1.));
#6015=IFCDIRECTION((1.,0.,0.));
#6016=IFCAXIS2PLACEMENT3D(#6013,#6014,#6015);
#6017=IFCEXTRUDEDAREASOLID(#6012,#6016,#6011,2750.);
#6018=IFCSHAPEREPRESENTATION(#11,'Body','SweptSolid',(#6017));
#6019=IFCPRODUCTDEFINITIONSHAPE($,$,(#6018));
#6025=IFCSTYLEDITEM(#6017,(#19),'Concreto columna');
#6026=IFCCARTESIANPOINT((15750.,7750.,21000.));
#6027=IFCDIRECTION((0.,0.,1.));
#6028=IFCDIRECTION((1.,0.,0.));
#6029=IFCAXIS2PLACEMENT3D(#6026,#6027,#6028);
#6030=IFCLOCALPLACEMENT($,#6029);
#6031=IFCCOLUMN('1w$96TJW10NgxfFoUbr9Sb',$,'Columna C3C',$,'Columna 50x50',#6053,#6042,'100261',$);
#6032=IFCCARTESIANPOINTLIST2D(((0.,0.),(0.,500.),(500.,500.),(500.,0.),(0.,0.)));
#6033=IFCINDEXEDPOLYCURVE(#6032,$,.F.);
#6034=IFCDIRECTION((0.,0.,1.));
#6035=IFCARBITRARYCLOSEDPROFILEDEF(.AREA.,$,#6033);
#6036=IFCCARTESIANPOINT((0.,0.,0.));
#6037=IFCDIRECTION((0.,0.,1.));
#6038=IFCDIRECTION((1.,0.,0.));
#6039=IFCAXIS2PLACEMENT3D(#6036,#6037,#6038);
#6040=IFCEXTRUDEDAREASOLID(#6035,#6039,#6034,2750.);
#6041=IFCSHAPEREPRESENTATION(#11,'Body','SweptSolid',(#6040));
#6042=IFCPRODUCTDEFINITIONSHAPE($,$,(#6041));
#6048=IFCSTYLEDITEM(#6040,(#19),'Concreto columna');
#6049=IFCCARTESIANPOINT((15750.,15750.,21000.));
#6050=IFCDIRECTION((0.,0.,1.));
#6051=IFCDIRECTION((1.,0.,0.));
#6052=IFCAXIS2PLACEMENT3D(#6049,#6050,#6051);
#6053=IFCLOCALPLACEMENT($,#6052);
#6054=IFCCOLUMN('3bcu9eJqD0ZQHvDyuXjDmQ',$,'Columna C4A',$,'Columna 50x50',#6076,#6065,'100262',$);
#6055=IFCCARTESIANPOINTLIST2D(((0.,0.),(0.,500.),(500.,500.),(500.,0.),(0.,0.)));
#6056=IFCINDEXEDPOLYCURVE(#6055,$,.F.);
#6057=IFCDIRECTION((0.,0.,1.));
#6058=IFCARBITRARYCLOSEDPROFILEDEF(.AREA.,$,#6056);
#6059=IFCCARTESIANPOINT((0.,0.,0.));
#6060=IFCDIRECTION((0.,0.,1.));
#6061=IFCDIRECTION((1.,0.,0.));
#6062=IFCAXIS2PLACEMENT3D(#6059,#6060,#6061);
#6063=IFCEXTRUDEDAREASOLID(#6058,#6062,#6057,2750.);
#6064=IFCSHAPEREPRESENTATION(#11,'Body','SweptSolid',(#6063));
#6065=IFCPRODUCTDEFINITIONSHAPE($,$,(#6064));
#6071=IFCSTYLEDITEM(#6063,(#19),'Concreto columna');
#6072=IFCCARTESIANPOINT((23750.,-250.,21000.));
#6073=IFCDIRECTION((0.,0.,1.));
#6074=IFCDIRECTION((1.,0.,0.));
#6075=IFCAXIS2PLACEMENT3D(#6072,#6073,#6074);
#6076=IFCLOCALPLACEMENT($,#6075);
#6077=IFCCOLUMN('2Kq0aSVe187Ac_yXaxOwfe',$,'Columna C4B',$,'Columna 50x50',#6099,#6088,'100263',$);
#6078=IFCCARTESIANPOINTLIST2D(((0.,0.),(0.,500.),(500.,500.),(500.,0.),(0.,0.)));
#6079=IFCINDEXEDPOLYCURVE(#6078,$,.F.);
#6080=IFCDIRECTION((0.,0.,1.));
#6081=IFCARBITRARYCLOSEDPROFILEDEF(.AREA.,$,#6079);
#6082=IFCCARTESIANPOINT((0.,0.,0.));
#6083=IFCDIRECTION((0.,0.,1.));
#6084=IFCDIRECTION((1.,0.,0.));
#6085=IFCAXIS2PLACEMENT3D(#6082,#6083,#6084);
#6086=IFCEXTRUDEDAREASOLID(#6081,#6085,#6080,2750.);
#6087=IFCSHAPEREPRESENTATION(#11,'Body','SweptSolid',(#6086));
#6088=IFCPRODUCTDEFINITIONSHAPE($,$,(#6087));
#6094=IFCSTYLEDITEM(#6086,(#19),'Concreto columna');
#6095=IFCCARTESIANPOINT((23750.,7750.,21000.));
#6096=IFCDIRECTION((0.,0.,1.));
#6097=IFCDIRECTION((1.,0.,0.));
#6098=IFCAXIS2PLACEMENT3D(#6095,#6096,#6097);
#6099=IFCLOCALPLACEMENT($,#6098);
#6100=IFCCOLUMN('16A486ohHFx91wAprdkhtl',$,'Columna C4C',$,'Columna 50x50',#6122,#6111,'100264',$);
#6101=IFCCARTESIANPOINTLIST2D(((0.,0.),(0.,500.),(500.,500.),(500.,0.),(0.,0.)));
#6102=IFCINDEXEDPOLYCURVE(#6101,$,.F.);
#6103=IFCDIRECTION((0.,0.,1.));
#6104=IFCARBITRARYCLOSEDPROFILEDEF(.AREA.,$,#6102);
#6105=IFCCARTESIANPOINT((0.,0.,0.));
#6106=IFCDIRECTION((0.,0.,1.));
#6107=IFCDIRECTION((1.,0.,0.));
#6108=IFCAXIS2PLACEMENT3D(#6105,#6106,#6107);
#6109=IFCEXTRUDEDAREASOLID(#6104,#6108,#6103,2750.);
#6110=IFCSHAPEREPRESENTATION(#11,'Body','SweptSolid',(#6109));
#6111=IFCPRODUCTDEFINITIONSHAPE($,$,(#6110));
#6117=IFCSTYLEDITEM(#6109,(#19),'Concreto columna');
#6118=IFCCARTESIANPOINT((23750.,15750.,21000.));
#6119=IFCDIRECTION((0.,0.,1.));
#6120=IFCDIRECTION((1.,0.,0.));
#6121=IFCAXIS2PLACEMENT3D(#6118,#6119,#6120);
#6122=IFCLOCALPLACEMENT($,#6121);
#6123=IFCSLAB('2IjPUPWzLD9goM9nFJDRQI',$,'Placa piso 09',$,'Placa maciza e=25',#6145,#6134,'100265',$);
#6124=IFCCARTESIANPOINTLIST2D(((0.,0.),(0.,16600.),(24600.,16600.),(24600.,0.),(0.,0.)));
#6125=IFCINDEXEDPOLYCURVE(#6124,$,.F.);
#6126=IFCDIRECTION((0.,0.,1.));
#6127=IFCARBITRARYCLOSEDPROFILEDEF(.AREA.,$,#6125);
#6128=IFCCARTESIANPOINT((0.,0.,0.));
#6129=IFCDIRECTION((0.,0.,1.));
#6130=IFCDIRECTION((1.,0.,0.));
#6131=IFCAXIS2PLACEMENT3D(#6128,#6129,#6130);
#6132=IFCEXTRUDEDAREASOLID(#6127,#6131,#6126,250.);
#6133=IFCSHAPEREPRESENTATION(#11,'Body','SweptSolid',(#6132));
#6134=IFCPRODUCTDEFINITIONSHAPE($,$,(#6133));
#6140=IFCSTYLEDITEM(#6132,(#16),'Concreto');
#6141=IFCCARTESIANPOINT((-300.,-300.,23750.));
#6142=IFCDIRECTION((0.,0.,1.));
#6143=IFCDIRECTION((1.,0.,0.));
#6144=IFCAXIS2PLACEMENT3D(#6141,#6142,#6143);
#6145=IFCLOCALPLACEMENT($,#6144);
#6146=IFCWALL('0ySzoaAAXBgg4dD1yn8gL$',$,'Muro n\X2\00FA\X0\cleo',$,'Muro concreto e=20',#6168,#6157,'100266',$);
#6147=IFCCARTESIANPOINTLIST2D(((0.,0.),(0.,4000.),(4000.,4000.),(4000.,0.),(0.,0.)));
#6148=IFCINDEXEDPOLYCURVE(#6147,$,.F.);
#6149=IFCDIRECTION((0.,0.,1.));
#6150=IFCARBITRARYCLOSEDPROFILEDEF(.AREA.,$,#6148);
#6151=IFCCARTESIANPOINT((0.,0.,0.));
#6152=IFCDIRECTION((0.,0.,1.));
#6153=IFCDIRECTION((1.,0.,0.));
#6154=IFCAXIS2PLACEMENT3D(#6151,#6152,#6153);
#6155=IFCEXTRUDEDAREASOLID(#6150,#6154,#6149,2750.);
#6156=IFCSHAPEREPRESENTATION(#11,'Body','SweptSolid',(#6155));
#6157=IFCPRODUCTDEFINITIONSHAPE($,$,(#6156));
#6163=IFCSTYLEDITEM(#6155,(#31),'N\X2\00FA\X0\cleo');
#6164=IFCCARTESIANPOINT((10000.,6000.,21000.));
#6165=IFCDIRECTION((0.,0.,1.));
#6166=IFCDIRECTION((1.,0.,0.));
#6167=IFCAXIS2PLACEMENT3D(#6164,#6165,#6166);
#6168=IFCLOCALPLACEMENT($,#6167);
#6169=IFCWALL('0e9bEJRvfFoPJ$UaMNl_BN',$,'Muro fachada sur',$,'Mamposter\X2\00ED\X0\a e=20',#6191,#6180,'100267',$);
#6170=IFCCARTESIANPOINTLIST2D(((0.,0.),(0.,200.),(7500.,200.),(7500.,0.),(0.,0.)));
#6171=IFCINDEXEDPOLYCURVE(#6170,$,.F.);
#6172=IFCDIRECTION((0.,0.,1.));
#6173=IFCARBITRARYCLOSEDPROFILEDEF(.AREA.,$,#6171);
#6174=IFCCARTESIANPOINT((0.,0.,0.));
#6175=IFCDIRECTION((0.,0.,1.));
#6176=IFCDIRECTION((1.,0.,0.));
#6177=IFCAXIS2PLACEMENT3D(#6174,#6175,#6176);
#6178=IFCEXTRUDEDAREASOLID(#6173,#6177,#6172,900.);
#6179=IFCSHAPEREPRESENTATION(#11,'Body','SweptSolid',(#6178));
#6180=IFCPRODUCTDEFINITIONSHAPE($,$,(#6179));
#6186=IFCSTYLEDITEM(#6178,(#22),'Mamposter\X2\00ED\X0\a');
#6187=IFCCARTESIANPOINT((250.,-100.,21000.));
#6188=IFCDIRECTION((0.,0.,1.));
#6189=IFCDIRECTION((1.,0.,0.));
#6190=IFCAXIS2PLACEMENT3D(#6187,#6188,#6189);
#6191=IFCLOCALPLACEMENT($,#6190);
#6192=IFCWALL('0FRYksb415Dx7ULEIlzhM3',$,'Muro fachada sur (sin ventana)',$,'Mamposter\X2\00ED\X0\a e=20',#6214,#6203,'100268',$);
#6193=IFCCARTESIANPOINTLIST2D(((0.,0.),(0.,200.),(7500.,200.),(7500.,0.),(0.,0.)));
#6194=IFCINDEXEDPOLYCURVE(#6193,$,.F.);
#6195=IFCDIRECTION((0.,0.,1.));
#6196=IFCARBITRARYCLOSEDPROFILEDEF(.AREA.,$,#6194);
#6197=IFCCARTESIANPOINT((0.,0.,0.));
#6198=IFCDIRECTION((0.,0.,1.));
#6199=IFCDIRECTION((1.,0.,0.));
#6200=IFCAXIS2PLACEMENT3D(#6197,#6198,#6199);
#6201=IFCEXTRUDEDAREASOLID(#6196,#6200,#6195,1850.);
#6202=IFCSHAPEREPRESENTATION(#11,'Body','SweptSolid',(#6201));
#6203=IFCPRODUCTDEFINITIONSHAPE($,$,(#6202));
#6209=IFCSTYLEDITEM(#6201,(#22),'Mamposter\X2\00ED\X0\a');
#6210=IFCCARTESIANPOINT((250.,-100.,21899.999999999996));
#6211=IFCDIRECTION((0.,0.,1.));
#6212=IFCDIRECTION((1.,0.,0.));
#6213=IFCAXIS2PLACEMENT3D(#6210,#6211,#6212);
#6214=IFCLOCALPLACEMENT($,#6213);
#6215=IFCWALL('04inToCO582RFTQCnidRet',$,'Muro fachada norte',$,'Mamposter\X2\00ED\X0\a e=20',#6237,#6226,'100269',$);
#6216=IFCCARTESIANPOINTLIST2D(((0.,0.),(0.,200.),(7500.,200.),(7500.,0.),(0.,0.)));
#6217=IFCINDEXEDPOLYCURVE(#6216,$,.F.);
#6218=IFCDIRECTION((0.,0.,1.));
#6219=IFCARBITRARYCLOSEDPROFILEDEF(.AREA.,$,#6217);
#6220=IFCCARTESIANPOINT((0.,0.,0.));
#6221=IFCDIRECTION((0.,0.,1.));
#6222=IFCDIRECTION((1.,0.,0.));
#6223=IFCAXIS2PLACEMENT3D(#6220,#6221,#6222);
#6224=IFCEXTRUDEDAREASOLID(#6219,#6223,#6218,900.);
#6225=IFCSHAPEREPRESENTATION(#11,'Body','SweptSolid',(#6224));
#6226=IFCPRODUCTDEFINITIONSHAPE($,$,(#6225));
#6232=IFCSTYLEDITEM(#6224,(#22),'Mamposter\X2\00ED\X0\a');
#6233=IFCCARTESIANPOINT((250.,15900.,21000.));
#6234=IFCDIRECTION((0.,0.,1.));
#6235=IFCDIRECTION((1.,0.,0.));
#6236=IFCAXIS2PLACEMENT3D(#6233,#6234,#6235);
#6237=IFCLOCALPLACEMENT($,#6236);
#6238=IFCWALL('3CCKPu5ILEUvoVH6NtCXQo',$,'Muro fachada norte (sin ventana)',$,'Mamposter\X2\00ED\X0\a e=20',#6260,#6249,'100270',$);
#6239=IFCCARTESIANPOINTLIST2D(((0.,0.),(0.,200.),(7500.,200.),(7500.,0.),(0.,0.)));
#6240=IFCINDEXEDPOLYCURVE(#6239,$,.F.);
#6241=IFCDIRECTION((0.,0.,1.));
#6242=IFCARBITRARYCLOSEDPROFILEDEF(.AREA.,$,#6240);
#6243=IFCCARTESIANPOINT((0.,0.,0.));
#6244=IFCDIRECTION((0.,0.,1.));
#6245=IFCDIRECTION((1.,0.,0.));
#6246=IFCAXIS2PLACEMENT3D(#6243,#6244,#6245);
#6247=IFCEXTRUDEDAREASOLID(#6242,#6246,#6241,1850.);
#6248=IFCSHAPEREPRESENTATION(#11,'Body','SweptSolid',(#6247));
#6249=IFCPRODUCTDEFINITIONSHAPE($,$,(#6248));
#6255=IFCSTYLEDITEM(#6247,(#22),'Mamposter\X2\00ED\X0\a');
#6256=IFCCARTESIANPOINT((250.,15900.,21899.999999999996));
#6257=IFCDIRECTION((0.,0.,1.));
#6258=IFCDIRECTION((1.,0.,0.));
#6259=IFCAXIS2PLACEMENT3D(#6256,#6257,#6258);
#6260=IFCLOCALPLACEMENT($,#6259);
#6261=IFCWALL('3ZC7EhPyz2WwK49Oleh_DJ',$,'Muro fachada sur',$,'Mamposter\X2\00ED\X0\a e=20',#6283,#6272,'100271',$);
#6262=IFCCARTESIANPOINTLIST2D(((0.,0.),(0.,200.),(7500.,200.),(7500.,0.),(0.,0.)));
#6263=IFCINDEXEDPOLYCURVE(#6262,$,.F.);
#6264=IFCDIRECTION((0.,0.,1.));
#6265=IFCARBITRARYCLOSEDPROFILEDEF(.AREA.,$,#6263);
#6266=IFCCARTESIANPOINT((0.,0.,0.));
#6267=IFCDIRECTION((0.,0.,1.));
#6268=IFCDIRECTION((1.,0.,0.));
#6269=IFCAXIS2PLACEMENT3D(#6266,#6267,#6268);
#6270=IFCEXTRUDEDAREASOLID(#6265,#6269,#6264,900.);
#6271=IFCSHAPEREPRESENTATION(#11,'Body','SweptSolid',(#6270));
#6272=IFCPRODUCTDEFINITIONSHAPE($,$,(#6271));
#6278=IFCSTYLEDITEM(#6270,(#22),'Mamposter\X2\00ED\X0\a');
#6279=IFCCARTESIANPOINT((8250.,-100.,21000.));
#6280=IFCDIRECTION((0.,0.,1.));
#6281=IFCDIRECTION((1.,0.,0.));
#6282=IFCAXIS2PLACEMENT3D(#6279,#6280,#6281);
#6283=IFCLOCALPLACEMENT($,#6282);
#6284=IFCWALL('3Cad8ger94wQbo1C8PYGdk',$,'Muro fachada sur (sin ventana)',$,'Mamposter\X2\00ED\X0\a e=20',#6306,#6295,'100272',$);
#6285=IFCCARTESIANPOINTLIST2D(((0.,0.),(0.,200.),(7500.,200.),(7500.,0.),(0.,0.)));
#6286=IFCINDEXEDPOLYCURVE(#6285,$,.F.);
#6287=IFCDIRECTION((0.,0.,1.));
#6288=IFCARBITRARYCLOSEDPROFILEDEF(.AREA.,$,#6286);
#6289=IFCCARTESIANPOINT((0.,0.,0.));
#6290=IFCDIRECTION((0.,0.,1.));
#6291=IFCDIRECTION((1.,0.,0.));
#6292=IFCAXIS2PLACEMENT3D(#6289,#6290,#6291);
#6293=IFCEXTRUDEDAREASOLID(#6288,#6292,#6287,1850.);
#6294=IFCSHAPEREPRESENTATION(#11,'Body','SweptSolid',(#6293));
#6295=IFCPRODUCTDEFINITIONSHAPE($,$,(#6294));
#6301=IFCSTYLEDITEM(#6293,(#22),'Mamposter\X2\00ED\X0\a');
#6302=IFCCARTESIANPOINT((8250.,-100.,21899.999999999996));
#6303=IFCDIRECTION((0.,0.,1.));
#6304=IFCDIRECTION((1.,0.,0.));
#6305=IFCAXIS2PLACEMENT3D(#6302,#6303,#6304);
#6306=IFCLOCALPLACEMENT($,#6305);
#6307=IFCWALL('2T56EBSFnEJfeyP1tes5k0',$,'Muro fachada norte',$,'Mamposter\X2\00ED\X0\a e=20',#6329,#6318,'100273',$);
#6308=IFCCARTESIANPOINTLIST2D(((0.,0.),(0.,200.),(7500.,200.),(7500.,0.),(0.,0.)));
#6309=IFCINDEXEDPOLYCURVE(#6308,$,.F.);
#6310=IFCDIRECTION((0.,0.,1.));
#6311=IFCARBITRARYCLOSEDPROFILEDEF(.AREA.,$,#6309);
#6312=IFCCARTESIANPOINT((0.,0.,0.));
#6313=IFCDIRECTION((0.,0.,1.));
#6314=IFCDIRECTION((1.,0.,0.));
#6315=IFCAXIS2PLACEMENT3D(#6312,#6313,#6314);
#6316=IFCEXTRUDEDAREASOLID(#6311,#6315,#6310,900.);
#6317=IFCSHAPEREPRESENTATION(#11,'Body','SweptSolid',(#6316));
#6318=IFCPRODUCTDEFINITIONSHAPE($,$,(#6317));
#6324=IFCSTYLEDITEM(#6316,(#22),'Mamposter\X2\00ED\X0\a');
#6325=IFCCARTESIANPOINT((8250.,15900.,21000.));
#6326=IFCDIRECTION((0.,0.,1.));
#6327=IFCDIRECTION((1.,0.,0.));
#6328=IFCAXIS2PLACEMENT3D(#6325,#6326,#6327);
#6329=IFCLOCALPLACEMENT($,#6328);
#6330=IFCWALL('0bMOkMfnD6keq4$cl1RQxh',$,'Muro fachada norte (sin ventana)',$,'Mamposter\X2\00ED\X0\a e=20',#6352,#6341,'100274',$);
#6331=IFCCARTESIANPOINTLIST2D(((0.,0.),(0.,200.),(7500.,200.),(7500.,0.),(0.,0.)));
#6332=IFCINDEXEDPOLYCURVE(#6331,$,.F.);
#6333=IFCDIRECTION((0.,0.,1.));
#6334=IFCARBITRARYCLOSEDPROFILEDEF(.AREA.,$,#6332);
#6335=IFCCARTESIANPOINT((0.,0.,0.));
#6336=IFCDIRECTION((0.,0.,1.));
#6337=IFCDIRECTION((1.,0.,0.));
#6338=IFCAXIS2PLACEMENT3D(#6335,#6336,#6337);
#6339=IFCEXTRUDEDAREASOLID(#6334,#6338,#6333,1850.);
#6340=IFCSHAPEREPRESENTATION(#11,'Body','SweptSolid',(#6339));
#6341=IFCPRODUCTDEFINITIONSHAPE($,$,(#6340));
#6347=IFCSTYLEDITEM(#6339,(#22),'Mamposter\X2\00ED\X0\a');
#6348=IFCCARTESIANPOINT((8250.,15900.,21899.999999999996));
#6349=IFCDIRECTION((0.,0.,1.));
#6350=IFCDIRECTION((1.,0.,0.));
#6351=IFCAXIS2PLACEMENT3D(#6348,#6349,#6350);
#6352=IFCLOCALPLACEMENT($,#6351);
#6353=IFCWALL('39d6lnifv2mxYQy4WFh83L',$,'Muro fachada sur',$,'Mamposter\X2\00ED\X0\a e=20',#6375,#6364,'100275',$);
#6354=IFCCARTESIANPOINTLIST2D(((0.,0.),(0.,200.),(7500.,200.),(7500.,0.),(0.,0.)));
#6355=IFCINDEXEDPOLYCURVE(#6354,$,.F.);
#6356=IFCDIRECTION((0.,0.,1.));
#6357=IFCARBITRARYCLOSEDPROFILEDEF(.AREA.,$,#6355);
#6358=IFCCARTESIANPOINT((0.,0.,0.));
#6359=IFCDIRECTION((0.,0.,1.));
#6360=IFCDIRECTION((1.,0.,0.));
#6361=IFCAXIS2PLACEMENT3D(#6358,#6359,#6360);
#6362=IFCEXTRUDEDAREASOLID(#6357,#6361,#6356,900.);
#6363=IFCSHAPEREPRESENTATION(#11,'Body','SweptSolid',(#6362));
#6364=IFCPRODUCTDEFINITIONSHAPE($,$,(#6363));
#6370=IFCSTYLEDITEM(#6362,(#22),'Mamposter\X2\00ED\X0\a');
#6371=IFCCARTESIANPOINT((16250.,-100.,21000.));
#6372=IFCDIRECTION((0.,0.,1.));
#6373=IFCDIRECTION((1.,0.,0.));
#6374=IFCAXIS2PLACEMENT3D(#6371,#6372,#6373);
#6375=IFCLOCALPLACEMENT($,#6374);
#6376=IFCWALL('1UFe8hIe55V8$r2YIJlimR',$,'Muro fachada sur (sin ventana)',$,'Mamposter\X2\00ED\X0\a e=20',#6398,#6387,'100276',$);
#6377=IFCCARTESIANPOINTLIST2D(((0.,0.),(0.,200.),(7500.,200.),(7500.,0.),(0.,0.)));
#6378=IFCINDEXEDPOLYCURVE(#6377,$,.F.);
#6379=IFCDIRECTION((0.,0.,1.));
#6380=IFCARBITRARYCLOSEDPROFILEDEF(.AREA.,$,#6378);
#6381=IFCCARTESIANPOINT((0.,0.,0.));
#6382=IFCDIRECTION((0.,0.,1.));
#6383=IFCDIRECTION((1.,0.,0.));
#6384=IFCAXIS2PLACEMENT3D(#6381,#6382,#6383);
#6385=IFCEXTRUDEDAREASOLID(#6380,#6384,#6379,1850.);
#6386=IFCSHAPEREPRESENTATION(#11,'Body','SweptSolid',(#6385));
#6387=IFCPRODUCTDEFINITIONSHAPE($,$,(#6386));
#6393=IFCSTYLEDITEM(#6385,(#22),'Mamposter\X2\00ED\X0\a');
#6394=IFCCARTESIANPOINT((16250.,-100.,21899.999999999996));
#6395=IFCDIRECTION((0.,0.,1.));
#6396=IFCDIRECTION((1.,0.,0.));
#6397=IFCAXIS2PLACEMENT3D(#6394,#6395,#6396);
#6398=IFCLOCALPLACEMENT($,#6397);
#6399=IFCWALL('1Mfp8pvpX7gRgcmCZckLmZ',$,'Muro fachada norte',$,'Mamposter\X2\00ED\X0\a e=20',#6421,#6410,'100277',$);
#6400=IFCCARTESIANPOINTLIST2D(((0.,0.),(0.,200.),(7500.,200.),(7500.,0.),(0.,0.)));
#6401=IFCINDEXEDPOLYCURVE(#6400,$,.F.);
#6402=IFCDIRECTION((0.,0.,1.));
#6403=IFCARBITRARYCLOSEDPROFILEDEF(.AREA.,$,#6401);
#6404=IFCCARTESIANPOINT((0.,0.,0.));
#6405=IFCDIRECTION((0.,0.,1.));
#6406=IFCDIRECTION((1.,0.,0.));
#6407=IFCAXIS2PLACEMENT3D(#6404,#6405,#6406);
#6408=IFCEXTRUDEDAREASOLID(#6403,#6407,#6402,900.);
#6409=IFCSHAPEREPRESENTATION(#11,'Body','SweptSolid',(#6408));
#6410=IFCPRODUCTDEFINITIONSHAPE($,$,(#6409));
#6416=IFCSTYLEDITEM(#6408,(#22),'Mamposter\X2\00ED\X0\a');
#6417=IFCCARTESIANPOINT((16250.,15900.,21000.));
#6418=IFCDIRECTION((0.,0.,1.));
#6419=IFCDIRECTION((1.,0.,0.));
#6420=IFCAXIS2PLACEMENT3D(#6417,#6418,#6419);
#6421=IFCLOCALPLACEMENT($,#6420);
#6422=IFCWALL('2DqvR36y1E8RsxZTODdW8Z',$,'Muro fachada norte (sin ventana)',$,'Mamposter\X2\00ED\X0\a e=20',#6444,#6433,'100278',$);
#6423=IFCCARTESIANPOINTLIST2D(((0.,0.),(0.,200.),(7500.,200.),(7500.,0.),(0.,0.)));
#6424=IFCINDEXEDPOLYCURVE(#6423,$,.F.);
#6425=IFCDIRECTION((0.,0.,1.));
#6426=IFCARBITRARYCLOSEDPROFILEDEF(.AREA.,$,#6424);
#6427=IFCCARTESIANPOINT((0.,0.,0.));
#6428=IFCDIRECTION((0.,0.,1.));
#6429=IFCDIRECTION((1.,0.,0.));
#6430=IFCAXIS2PLACEMENT3D(#6427,#6428,#6429);
#6431=IFCEXTRUDEDAREASOLID(#6426,#6430,#6425,1850.);
#6432=IFCSHAPEREPRESENTATION(#11,'Body','SweptSolid',(#6431));
#6433=IFCPRODUCTDEFINITIONSHAPE($,$,(#6432));
#6439=IFCSTYLEDITEM(#6431,(#22),'Mamposter\X2\00ED\X0\a');
#6440=IFCCARTESIANPOINT((16250.,15900.,21899.999999999996));
#6441=IFCDIRECTION((0.,0.,1.));
#6442=IFCDIRECTION((1.,0.,0.));
#6443=IFCAXIS2PLACEMENT3D(#6440,#6441,#6442);
#6444=IFCLOCALPLACEMENT($,#6443);
#6445=IFCWALL('2b0YdilKXFoAlBhcY6JPf5',$,'Muro fachada occidente',$,'Mamposter\X2\00ED\X0\a e=20',#6467,#6456,'100279',$);
#6446=IFCCARTESIANPOINTLIST2D(((0.,0.),(0.,7500.),(200.,7500.),(200.,0.),(0.,0.)));
#6447=IFCINDEXEDPOLYCURVE(#6446,$,.F.);
#6448=IFCDIRECTION((0.,0.,1.));
#6449=IFCARBITRARYCLOSEDPROFILEDEF(.AREA.,$,#6447);
#6450=IFCCARTESIANPOINT((0.,0.,0.));
#6451=IFCDIRECTION((0.,0.,1.));
#6452=IFCDIRECTION((1.,0.,0.));
#6453=IFCAXIS2PLACEMENT3D(#6450,#6451,#6452);
#6454=IFCEXTRUDEDAREASOLID(#6449,#6453,#6448,2750.);
#6455=IFCSHAPEREPRESENTATION(#11,'Body','SweptSolid',(#6454));
#6456=IFCPRODUCTDEFINITIONSHAPE($,$,(#6455));
#6462=IFCSTYLEDITEM(#6454,(#22),'Mamposter\X2\00ED\X0\a');
#6463=IFCCARTESIANPOINT((-100.,250.,21000.));
#6464=IFCDIRECTION((0.,0.,1.));
#6465=IFCDIRECTION((1.,0.,0.));
#6466=IFCAXIS2PLACEMENT3D(#6463,#6464,#6465);
#6467=IFCLOCALPLACEMENT($,#6466);
#6468=IFCWALL('2d9yiaTXzBY89mNlDWT$KO',$,'Muro fachada oriente',$,'Mamposter\X2\00ED\X0\a e=20',#6490,#6479,'100280',$);
#6469=IFCCARTESIANPOINTLIST2D(((0.,0.),(0.,7500.),(200.,7500.),(200.,0.),(0.,0.)));
#6470=IFCINDEXEDPOLYCURVE(#6469,$,.F.);
#6471=IFCDIRECTION((0.,0.,1.));
#6472=IFCARBITRARYCLOSEDPROFILEDEF(.AREA.,$,#6470);
#6473=IFCCARTESIANPOINT((0.,0.,0.));
#6474=IFCDIRECTION((0.,0.,1.));
#6475=IFCDIRECTION((1.,0.,0.));
#6476=IFCAXIS2PLACEMENT3D(#6473,#6474,#6475);
#6477=IFCEXTRUDEDAREASOLID(#6472,#6476,#6471,2750.);
#6478=IFCSHAPEREPRESENTATION(#11,'Body','SweptSolid',(#6477));
#6479=IFCPRODUCTDEFINITIONSHAPE($,$,(#6478));
#6485=IFCSTYLEDITEM(#6477,(#22),'Mamposter\X2\00ED\X0\a');
#6486=IFCCARTESIANPOINT((23899.999999999996,250.,21000.));
#6487=IFCDIRECTION((0.,0.,1.));
#6488=IFCDIRECTION((1.,0.,0.));
#6489=IFCAXIS2PLACEMENT3D(#6486,#6487,#6488);
#6490=IFCLOCALPLACEMENT($,#6489);
#6491=IFCWALL('0Ik6XZdTj1zeki$afl2izF',$,'Muro fachada occidente',$,'Mamposter\X2\00ED\X0\a e=20',#6513,#6502,'100281',$);
#6492=IFCCARTESIANPOINTLIST2D(((0.,0.),(0.,7500.),(200.,7500.),(200.,0.),(0.,0.)));
#6493=IFCINDEXEDPOLYCURVE(#6492,$,.F.);
#6494=IFCDIRECTION((0.,0.,1.));
#6495=IFCARBITRARYCLOSEDPROFILEDEF(.AREA.,$,#6493);
#6496=IFCCARTESIANPOINT((0.,0.,0.));
#6497=IFCDIRECTION((0.,0.,1.));
#6498=IFCDIRECTION((1.,0.,0.));
#6499=IFCAXIS2PLACEMENT3D(#6496,#6497,#6498);
#6500=IFCEXTRUDEDAREASOLID(#6495,#6499,#6494,2750.);
#6501=IFCSHAPEREPRESENTATION(#11,'Body','SweptSolid',(#6500));
#6502=IFCPRODUCTDEFINITIONSHAPE($,$,(#6501));
#6508=IFCSTYLEDITEM(#6500,(#22),'Mamposter\X2\00ED\X0\a');
#6509=IFCCARTESIANPOINT((-100.,8250.,21000.));
#6510=IFCDIRECTION((0.,0.,1.));
#6511=IFCDIRECTION((1.,0.,0.));
#6512=IFCAXIS2PLACEMENT3D(#6509,#6510,#6511);
#6513=IFCLOCALPLACEMENT($,#6512);
#6514=IFCWALL('2ea3fYa215NAD5$ybn$NRc',$,'Muro fachada oriente',$,'Mamposter\X2\00ED\X0\a e=20',#6536,#6525,'100282',$);
#6515=IFCCARTESIANPOINTLIST2D(((0.,0.),(0.,7500.),(200.,7500.),(200.,0.),(0.,0.)));
#6516=IFCINDEXEDPOLYCURVE(#6515,$,.F.);
#6517=IFCDIRECTION((0.,0.,1.));
#6518=IFCARBITRARYCLOSEDPROFILEDEF(.AREA.,$,#6516);
#6519=IFCCARTESIANPOINT((0.,0.,0.));
#6520=IFCDIRECTION((0.,0.,1.));
#6521=IFCDIRECTION((1.,0.,0.));
#6522=IFCAXIS2PLACEMENT3D(#6519,#6520,#6521);
#6523=IFCEXTRUDEDAREASOLID(#6518,#6522,#6517,2750.);
#6524=IFCSHAPEREPRESENTATION(#11,'Body','SweptSolid',(#6523));
#6525=IFCPRODUCTDEFINITIONSHAPE($,$,(#6524));
#6531=IFCSTYLEDITEM(#6523,(#22),'Mamposter\X2\00ED\X0\a');
#6532=IFCCARTESIANPOINT((23899.999999999996,8250.,21000.));
#6533=IFCDIRECTION((0.,0.,1.));
#6534=IFCDIRECTION((1.,0.,0.));
#6535=IFCAXIS2PLACEMENT3D(#6532,#6533,#6534);
#6536=IFCLOCALPLACEMENT($,#6535);
#6537=IFCBUILDINGSTOREY('1BpqrskLT4e8JG6UnRzBPg',$,'Piso 09',$,$,$,$,$,$,24.);
#6538=IFCCOLUMN('3N6ZMlkafDCOB_IbeH4I6w',$,'Columna C1A',$,'Columna 50x50',#6561,#6549,'100283',$);
#6539=IFCCARTESIANPOINTLIST2D(((0.,0.),(0.,500.),(500.,500.),(500.,0.),(0.,0.)));
#6540=IFCINDEXEDPOLYCURVE(#6539,$,.F.);
#6541=IFCDIRECTION((0.,0.,1.));
#6542=IFCARBITRARYCLOSEDPROFILEDEF(.AREA.,$,#6540);
#6543=IFCCARTESIANPOINT((0.,0.,0.));
#6544=IFCDIRECTION((0.,0.,1.));
#6545=IFCDIRECTION((1.,0.,0.));
#6546=IFCAXIS2PLACEMENT3D(#6543,#6544,#6545);
#6547=IFCEXTRUDEDAREASOLID(#6542,#6546,#6541,2750.);
#6548=IFCSHAPEREPRESENTATION(#11,'Body','SweptSolid',(#6547));
#6549=IFCPRODUCTDEFINITIONSHAPE($,$,(#6548));
#6555=IFCSTYLEDITEM(#6547,(#19),'Concreto columna');
#6556=IFCRELCONTAINEDINSPATIALSTRUCTURE('2Wuhm2Ud1D48k9dTG_Md_x',$,$,$,(#6792,#7045,#6608,#6815,#7068,#6585,#6838,#6884,#6654,#6631,#7091,#6907,#7114,#6677,#6930,#6861,#7137,#7160,#6700,#7206,#6723,#6976,#6746,#6562,#6538,#6953,#7183,#6999,#6769,#7022),#6537);
#6557=IFCCARTESIANPOINT((-250.,-250.,24000.));
#6558=IFCDIRECTION((0.,0.,1.));
#6559=IFCDIRECTION((1.,0.,0.));
#6560=IFCAXIS2PLACEMENT3D(#6557,#6558,#6559);
#6561=IFCLOCALPLACEMENT($,#6560);
#6562=IFCCOLUMN('1TkkFgBk13q8n8QCf_mPaO',$,'Columna C1B',$,'Columna 50x50',#6584,#6573,'100284',$);
#6563=IFCCARTESIANPOINTLIST2D(((0.,0.),(0.,500.),(500.,500.),(500.,0.),(0.,0.)));
#6564=IFCINDEXEDPOLYCURVE(#6563,$,.F.);
#6565=IFCDIRECTION((0.,0.,1.));
#6566=IFCARBITRARYCLOSEDPROFILEDEF(.AREA.,$,#6564);
#6567=IFCCARTESIANPOINT((0.,0.,0.));
#6568=IFCDIRECTION((0.,0.,1.));
#6569=IFCDIRECTION((1.,0.,0.));
#6570=IFCAXIS2PLACEMENT3D(#6567,#6568,#6569);
#6571=IFCEXTRUDEDAREASOLID(#6566,#6570,#6565,2750.);
#6572=IFCSHAPEREPRESENTATION(#11,'Body','SweptSolid',(#6571));
#6573=IFCPRODUCTDEFINITIONSHAPE($,$,(#6572));
#6579=IFCSTYLEDITEM(#6571,(#19),'Concreto columna');
#6580=IFCCARTESIANPOINT((-250.,7750.,24000.));
#6581=IFCDIRECTION((0.,0.,1.));
#6582=IFCDIRECTION((1.,0.,0.));
#6583=IFCAXIS2PLACEMENT3D(#6580,#6581,#6582);
#6584=IFCLOCALPLACEMENT($,#6583);
#6585=IFCCOLUMN('3ZXDfkHyP6QR7FoZmxGke6',$,'Columna C1C',$,'Columna 50x50',#6607,#6596,'100285',$);
#6586=IFCCARTESIANPOINTLIST2D(((0.,0.),(0.,500.),(500.,500.),(500.,0.),(0.,0.)));
#6587=IFCINDEXEDPOLYCURVE(#6586,$,.F.);
#6588=IFCDIRECTION((0.,0.,1.));
#6589=IFCARBITRARYCLOSEDPROFILEDEF(.AREA.,$,#6587);
#6590=IFCCARTESIANPOINT((0.,0.,0.));
#6591=IFCDIRECTION((0.,0.,1.));
#6592=IFCDIRECTION((1.,0.,0.));
#6593=IFCAXIS2PLACEMENT3D(#6590,#6591,#6592);
#6594=IFCEXTRUDEDAREASOLID(#6589,#6593,#6588,2750.);
#6595=IFCSHAPEREPRESENTATION(#11,'Body','SweptSolid',(#6594));
#6596=IFCPRODUCTDEFINITIONSHAPE($,$,(#6595));
#6602=IFCSTYLEDITEM(#6594,(#19),'Concreto columna');
#6603=IFCCARTESIANPOINT((-250.,15750.,24000.));
#6604=IFCDIRECTION((0.,0.,1.));
#6605=IFCDIRECTION((1.,0.,0.));
#6606=IFCAXIS2PLACEMENT3D(#6603,#6604,#6605);
#6607=IFCLOCALPLACEMENT($,#6606);
#6608=IFCCOLUMN('1_uXdvwhHAYuRcqhjOQWua',$,'Columna C2A',$,'Columna 50x50',#6630,#6619,'100286',$);
#6609=IFCCARTESIANPOINTLIST2D(((0.,0.),(0.,500.),(500.,500.),(500.,0.),(0.,0.)));
#6610=IFCINDEXEDPOLYCURVE(#6609,$,.F.);
#6611=IFCDIRECTION((0.,0.,1.));
#6612=IFCARBITRARYCLOSEDPROFILEDEF(.AREA.,$,#6610);
#6613=IFCCARTESIANPOINT((0.,0.,0.));
#6614=IFCDIRECTION((0.,0.,1.));
#6615=IFCDIRECTION((1.,0.,0.));
#6616=IFCAXIS2PLACEMENT3D(#6613,#6614,#6615);
#6617=IFCEXTRUDEDAREASOLID(#6612,#6616,#6611,2750.);
#6618=IFCSHAPEREPRESENTATION(#11,'Body','SweptSolid',(#6617));
#6619=IFCPRODUCTDEFINITIONSHAPE($,$,(#6618));
#6625=IFCSTYLEDITEM(#6617,(#19),'Concreto columna');
#6626=IFCCARTESIANPOINT((7750.,-250.,24000.));
#6627=IFCDIRECTION((0.,0.,1.));
#6628=IFCDIRECTION((1.,0.,0.));
#6629=IFCAXIS2PLACEMENT3D(#6626,#6627,#6628);
#6630=IFCLOCALPLACEMENT($,#6629);
#6631=IFCCOLUMN('3gJ8OalcjChhgbejo2DKEL',$,'Columna C2B',$,'Columna 50x50',#6653,#6642,'100287',$);
#6632=IFCCARTESIANPOINTLIST2D(((0.,0.),(0.,500.),(500.,500.),(500.,0.),(0.,0.)));
#6633=IFCINDEXEDPOLYCURVE(#6632,$,.F.);
#6634=IFCDIRECTION((0.,0.,1.));
#6635=IFCARBITRARYCLOSEDPROFILEDEF(.AREA.,$,#6633);
#6636=IFCCARTESIANPOINT((0.,0.,0.));
#6637=IFCDIRECTION((0.,0.,1.));
#6638=IFCDIRECTION((1.,0.,0.));
#6639=IFCAXIS2PLACEMENT3D(#6636,#6637,#6638);
#6640=IFCEXTRUDEDAREASOLID(#6635,#6639,#6634,2750.);
#6641=IFCSHAPEREPRESENTATION(#11,'Body','SweptSolid',(#6640));
#6642=IFCPRODUCTDEFINITIONSHAPE($,$,(#6641));
#6648=IFCSTYLEDITEM(#6640,(#19),'Concreto columna');
#6649=IFCCARTESIANPOINT((7750.,7750.,24000.));
#6650=IFCDIRECTION((0.,0.,1.));
#6651=IFCDIRECTION((1.,0.,0.));
#6652=IFCAXIS2PLACEMENT3D(#6649,#6650,#6651);
#6653=IFCLOCALPLACEMENT($,#6652);
#6654=IFCCOLUMN('0g2lP7c757zACj1IY2xuzS',$,'Columna C2C',$,'Columna 50x50',#6676,#6665,'100288',$);
#6655=IFCCARTESIANPOINTLIST2D(((0.,0.),(0.,500.),(500.,500.),(500.,0.),(0.,0.)));
#6656=IFCINDEXEDPOLYCURVE(#6655,$,.F.);
#6657=IFCDIRECTION((0.,0.,1.));
#6658=IFCARBITRARYCLOSEDPROFILEDEF(.AREA.,$,#6656);
#6659=IFCCARTESIANPOINT((0.,0.,0.));
#6660=IFCDIRECTION((0.,0.,1.));
#6661=IFCDIRECTION((1.,0.,0.));
#6662=IFCAXIS2PLACEMENT3D(#6659,#6660,#6661);
#6663=IFCEXTRUDEDAREASOLID(#6658,#6662,#6657,2750.);
#6664=IFCSHAPEREPRESENTATION(#11,'Body','SweptSolid',(#6663));
#6665=IFCPRODUCTDEFINITIONSHAPE($,$,(#6664));
#6671=IFCSTYLEDITEM(#6663,(#19),'Concreto columna');
#6672=IFCCARTESIANPOINT((7750.,15750.,24000.));
#6673=IFCDIRECTION((0.,0.,1.));
#6674=IFCDIRECTION((1.,0.,0.));
#6675=IFCAXIS2PLACEMENT3D(#6672,#6673,#6674);
#6676=IFCLOCALPLACEMENT($,#6675);
#6677=IFCCOLUMN('2gqes0tqPEt9mFZcayC9ZU',$,'Columna C3A',$,'Columna 50x50',#6699,#6688,'100289',$);
#6678=IFCCARTESIANPOINTLIST2D(((0.,0.),(0.,500.),(500.,500.),(500.,0.),(0.,0.)));
#6679=IFCINDEXEDPOLYCURVE(#6678,$,.F.);
#6680=IFCDIRECTION((0.,0.,1.));
#6681=IFCARBITRARYCLOSEDPROFILEDEF(.AREA.,$,#6679);
#6682=IFCCARTESIANPOINT((0.,0.,0.));
#6683=IFCDIRECTION((0.,0.,1.));
#6684=IFCDIRECTION((1.,0.,0.));
#6685=IFCAXIS2PLACEMENT3D(#6682,#6683,#6684);
#6686=IFCEXTRUDEDAREASOLID(#6681,#6685,#6680,2750.);
#6687=IFCSHAPEREPRESENTATION(#11,'Body','SweptSolid',(#6686));
#6688=IFCPRODUCTDEFINITIONSHAPE($,$,(#6687));
#6694=IFCSTYLEDITEM(#6686,(#19),'Concreto columna');
#6695=IFCCARTESIANPOINT((15750.,-250.,24000.));
#6696=IFCDIRECTION((0.,0.,1.));
#6697=IFCDIRECTION((1.,0.,0.));
#6698=IFCAXIS2PLACEMENT3D(#6695,#6696,#6697);
#6699=IFCLOCALPLACEMENT($,#6698);
#6700=IFCCOLUMN('0dKm7StrX0CQ8LogjVTgDl',$,'Columna C3B',$,'Columna 50x50',#6722,#6711,'100290',$);
#6701=IFCCARTESIANPOINTLIST2D(((0.,0.),(0.,500.),(500.,500.),(500.,0.),(0.,0.)));
#6702=IFCINDEXEDPOLYCURVE(#6701,$,.F.);
#6703=IFCDIRECTION((0.,0.,1.));
#6704=IFCARBITRARYCLOSEDPROFILEDEF(.AREA.,$,#6702);
#6705=IFCCARTESIANPOINT((0.,0.,0.));
#6706=IFCDIRECTION((0.,0.,1.));
#6707=IFCDIRECTION((1.,0.,0.));
#6708=IFCAXIS2PLACEMENT3D(#6705,#6706,#6707);
#6709=IFCEXTRUDEDAREASOLID(#6704,#6708,#6703,2750.);
#6710=IFCSHAPEREPRESENTATION(#11,'Body','SweptSolid',(#6709));
#6711=IFCPRODUCTDEFINITIONSHAPE($,$,(#6710));
#6717=IFCSTYLEDITEM(#6709,(#19),'Concreto columna');
#6718=IFCCARTESIANPOINT((15750.,7750.,24000.));
#6719=IFCDIRECTION((0.,0.,1.));
#6720=IFCDIRECTION((1.,0.,0.));
#6721=IFCAXIS2PLACEMENT3D(#6718,#6719,#6720);
#6722=IFCLOCALPLACEMENT($,#6721);
#6723=IFCCOLUMN('21F2lQ1FXAHOKz_lbPIf2t',$,'Columna C3C',$,'Columna 50x50',#6745,#6734,'100291',$);
#6724=IFCCARTESIANPOINTLIST2D(((0.,0.),(0.,500.),(500.,500.),(500.,0.),(0.,0.)));
#6725=IFCINDEXEDPOLYCURVE(#6724,$,.F.);
#6726=IFCDIRECTION((0.,0.,1.));
#6727=IFCARBITRARYCLOSEDPROFILEDEF(.AREA.,$,#6725);
#6728=IFCCARTESIANPOINT((0.,0.,0.));
#6729=IFCDIRECTION((0.,0.,1.));
#6730=IFCDIRECTION((1.,0.,0.));
#6731=IFCAXIS2PLACEMENT3D(#6728,#6729,#6730);
#6732=IFCEXTRUDEDAREASOLID(#6727,#6731,#6726,2750.);
#6733=IFCSHAPEREPRESENTATION(#11,'Body','SweptSolid',(#6732));
#6734=IFCPRODUCTDEFINITIONSHAPE($,$,(#6733));
#6740=IFCSTYLEDITEM(#6732,(#19),'Concreto columna');
#6741=IFCCARTESIANPOINT((15750.,15750.,24000.));
#6742=IFCDIRECTION((0.,0.,1.));
#6743=IFCDIRECTION((1.,0.,0.));
#6744=IFCAXIS2PLACEMENT3D(#6741,#6742,#6743);
#6745=IFCLOCALPLACEMENT($,#6744);
#6746=IFCCOLUMN('091hS0sZn9dhTFd2gf8xTY',$,'Columna C4A',$,'Columna 50x50',#6768,#6757,'100292',$);
#6747=IFCCARTESIANPOINTLIST2D(((0.,0.),(0.,500.),(500.,500.),(500.,0.),(0.,0.)));
#6748=IFCINDEXEDPOLYCURVE(#6747,$,.F.);
#6749=IFCDIRECTION((0.,0.,1.));
#6750=IFCARBITRARYCLOSEDPROFILEDEF(.AREA.,$,#6748);
#6751=IFCCARTESIANPOINT((0.,0.,0.));
#6752=IFCDIRECTION((0.,0.,1.));
#6753=IFCDIRECTION((1.,0.,0.));
#6754=IFCAXIS2PLACEMENT3D(#6751,#6752,#6753);
#6755=IFCEXTRUDEDAREASOLID(#6750,#6754,#6749,2750.);
#6756=IFCSHAPEREPRESENTATION(#11,'Body','SweptSolid',(#6755));
#6757=IFCPRODUCTDEFINITIONSHAPE($,$,(#6756));
#6763=IFCSTYLEDITEM(#6755,(#19),'Concreto columna');
#6764=IFCCARTESIANPOINT((23750.,-250.,24000.));
#6765=IFCDIRECTION((0.,0.,1.));
#6766=IFCDIRECTION((1.,0.,0.));
#6767=IFCAXIS2PLACEMENT3D(#6764,#6765,#6766);
#6768=IFCLOCALPLACEMENT($,#6767);
#6769=IFCCOLUMN('3WlO$orxf2ePPOHfKUJ5FV',$,'Columna C4B',$,'Columna 50x50',#6791,#6780,'100293',$);
#6770=IFCCARTESIANPOINTLIST2D(((0.,0.),(0.,500.),(500.,500.),(500.,0.),(0.,0.)));
#6771=IFCINDEXEDPOLYCURVE(#6770,$,.F.);
#6772=IFCDIRECTION((0.,0.,1.));
#6773=IFCARBITRARYCLOSEDPROFILEDEF(.AREA.,$,#6771);
#6774=IFCCARTESIANPOINT((0.,0.,0.));
#6775=IFCDIRECTION((0.,0.,1.));
#6776=IFCDIRECTION((1.,0.,0.));
#6777=IFCAXIS2PLACEMENT3D(#6774,#6775,#6776);
#6778=IFCEXTRUDEDAREASOLID(#6773,#6777,#6772,2750.);
#6779=IFCSHAPEREPRESENTATION(#11,'Body','SweptSolid',(#6778));
#6780=IFCPRODUCTDEFINITIONSHAPE($,$,(#6779));
#6786=IFCSTYLEDITEM(#6778,(#19),'Concreto columna');
#6787=IFCCARTESIANPOINT((23750.,7750.,24000.));
#6788=IFCDIRECTION((0.,0.,1.));
#6789=IFCDIRECTION((1.,0.,0.));
#6790=IFCAXIS2PLACEMENT3D(#6787,#6788,#6789);
#6791=IFCLOCALPLACEMENT($,#6790);
#6792=IFCCOLUMN('28mJXV3ib6EgX0124GtxLB',$,'Columna C4C',$,'Columna 50x50',#6814,#6803,'100294',$);
#6793=IFCCARTESIANPOINTLIST2D(((0.,0.),(0.,500.),(500.,500.),(500.,0.),(0.,0.)));
#6794=IFCINDEXEDPOLYCURVE(#6793,$,.F.);
#6795=IFCDIRECTION((0.,0.,1.));
#6796=IFCARBITRARYCLOSEDPROFILEDEF(.AREA.,$,#6794);
#6797=IFCCARTESIANPOINT((0.,0.,0.));
#6798=IFCDIRECTION((0.,0.,1.));
#6799=IFCDIRECTION((1.,0.,0.));
#6800=IFCAXIS2PLACEMENT3D(#6797,#6798,#6799);
#6801=IFCEXTRUDEDAREASOLID(#6796,#6800,#6795,2750.);
#6802=IFCSHAPEREPRESENTATION(#11,'Body','SweptSolid',(#6801));
#6803=IFCPRODUCTDEFINITIONSHAPE($,$,(#6802));
#6809=IFCSTYLEDITEM(#6801,(#19),'Concreto columna');
#6810=IFCCARTESIANPOINT((23750.,15750.,24000.));
#6811=IFCDIRECTION((0.,0.,1.));
#6812=IFCDIRECTION((1.,0.,0.));
#6813=IFCAXIS2PLACEMENT3D(#6810,#6811,#6812);
#6814=IFCLOCALPLACEMENT($,#6813);
#6815=IFCSLAB('200l0L_K1BIfjRC$eVWt3n',$,'Placa piso 10',$,'Placa maciza e=25',#6837,#6826,'100295',$);
#6816=IFCCARTESIANPOINTLIST2D(((0.,0.),(0.,16600.),(24600.,16600.),(24600.,0.),(0.,0.)));
#6817=IFCINDEXEDPOLYCURVE(#6816,$,.F.);
#6818=IFCDIRECTION((0.,0.,1.));
#6819=IFCARBITRARYCLOSEDPROFILEDEF(.AREA.,$,#6817);
#6820=IFCCARTESIANPOINT((0.,0.,0.));
#6821=IFCDIRECTION((0.,0.,1.));
#6822=IFCDIRECTION((1.,0.,0.));
#6823=IFCAXIS2PLACEMENT3D(#6820,#6821,#6822);
#6824=IFCEXTRUDEDAREASOLID(#6819,#6823,#6818,250.);
#6825=IFCSHAPEREPRESENTATION(#11,'Body','SweptSolid',(#6824));
#6826=IFCPRODUCTDEFINITIONSHAPE($,$,(#6825));
#6832=IFCSTYLEDITEM(#6824,(#16),'Concreto');
#6833=IFCCARTESIANPOINT((-300.,-300.,26750.));
#6834=IFCDIRECTION((0.,0.,1.));
#6835=IFCDIRECTION((1.,0.,0.));
#6836=IFCAXIS2PLACEMENT3D(#6833,#6834,#6835);
#6837=IFCLOCALPLACEMENT($,#6836);
#6838=IFCWALL('0WDptyrVH56xVly9NXJUc5',$,'Muro n\X2\00FA\X0\cleo',$,'Muro concreto e=20',#6860,#6849,'100296',$);
#6839=IFCCARTESIANPOINTLIST2D(((0.,0.),(0.,4000.),(4000.,4000.),(4000.,0.),(0.,0.)));
#6840=IFCINDEXEDPOLYCURVE(#6839,$,.F.);
#6841=IFCDIRECTION((0.,0.,1.));
#6842=IFCARBITRARYCLOSEDPROFILEDEF(.AREA.,$,#6840);
#6843=IFCCARTESIANPOINT((0.,0.,0.));
#6844=IFCDIRECTION((0.,0.,1.));
#6845=IFCDIRECTION((1.,0.,0.));
#6846=IFCAXIS2PLACEMENT3D(#6843,#6844,#6845);
#6847=IFCEXTRUDEDAREASOLID(#6842,#6846,#6841,2750.);
#6848=IFCSHAPEREPRESENTATION(#11,'Body','SweptSolid',(#6847));
#6849=IFCPRODUCTDEFINITIONSHAPE($,$,(#6848));
#6855=IFCSTYLEDITEM(#6847,(#31),'N\X2\00FA\X0\cleo');
#6856=IFCCARTESIANPOINT((10000.,6000.,24000.));
#6857=IFCDIRECTION((0.,0.,1.));
#6858=IFCDIRECTION((1.,0.,0.));
#6859=IFCAXIS2PLACEMENT3D(#6856,#6857,#6858);
#6860=IFCLOCALPLACEMENT($,#6859);
#6861=IFCWALL('1tJBOrd7H5dParcIUfqSSq',$,'Muro fachada sur',$,'Mamposter\X2\00ED\X0\a e=20',#6883,#6872,'100297',$);
#6862=IFCCARTESIANPOINTLIST2D(((0.,0.),(0.,200.),(7500.,200.),(7500.,0.),(0.,0.)));
#6863=IFCINDEXEDPOLYCURVE(#6862,$,.F.);
#6864=IFCDIRECTION((0.,0.,1.));
#6865=IFCARBITRARYCLOSEDPROFILEDEF(.AREA.,$,#6863);
#6866=IFCCARTESIANPOINT((0.,0.,0.));
#6867=IFCDIRECTION((0.,0.,1.));
#6868=IFCDIRECTION((1.,0.,0.));
#6869=IFCAXIS2PLACEMENT3D(#6866,#6867,#6868);
#6870=IFCEXTRUDEDAREASOLID(#6865,#6869,#6864,900.);
#6871=IFCSHAPEREPRESENTATION(#11,'Body','SweptSolid',(#6870));
#6872=IFCPRODUCTDEFINITIONSHAPE($,$,(#6871));
#6878=IFCSTYLEDITEM(#6870,(#22),'Mamposter\X2\00ED\X0\a');
#6879=IFCCARTESIANPOINT((250.,-100.,24000.));
#6880=IFCDIRECTION((0.,0.,1.));
#6881=IFCDIRECTION((1.,0.,0.));
#6882=IFCAXIS2PLACEMENT3D(#6879,#6880,#6881);
#6883=IFCLOCALPLACEMENT($,#6882);
#6884=IFCWALL('1k2$1JhAL5IObLSwmCC1vY',$,'Muro fachada sur (sin ventana)',$,'Mamposter\X2\00ED\X0\a e=20',#6906,#6895,'100298',$);
#6885=IFCCARTESIANPOINTLIST2D(((0.,0.),(0.,200.),(7500.,200.),(7500.,0.),(0.,0.)));
#6886=IFCINDEXEDPOLYCURVE(#6885,$,.F.);
#6887=IFCDIRECTION((0.,0.,1.));
#6888=IFCARBITRARYCLOSEDPROFILEDEF(.AREA.,$,#6886);
#6889=IFCCARTESIANPOINT((0.,0.,0.));
#6890=IFCDIRECTION((0.,0.,1.));
#6891=IFCDIRECTION((1.,0.,0.));
#6892=IFCAXIS2PLACEMENT3D(#6889,#6890,#6891);
#6893=IFCEXTRUDEDAREASOLID(#6888,#6892,#6887,1850.);
#6894=IFCSHAPEREPRESENTATION(#11,'Body','SweptSolid',(#6893));
#6895=IFCPRODUCTDEFINITIONSHAPE($,$,(#6894));
#6901=IFCSTYLEDITEM(#6893,(#22),'Mamposter\X2\00ED\X0\a');
#6902=IFCCARTESIANPOINT((250.,-100.,24899.999999999996));
#6903=IFCDIRECTION((0.,0.,1.));
#6904=IFCDIRECTION((1.,0.,0.));
#6905=IFCAXIS2PLACEMENT3D(#6902,#6903,#6904);
#6906=IFCLOCALPLACEMENT($,#6905);
#6907=IFCWALL('2Zly40j0v8TQhnvS6$rGtV',$,'Muro fachada norte',$,'Mamposter\X2\00ED\X0\a e=20',#6929,#6918,'100299',$);
#6908=IFCCARTESIANPOINTLIST2D(((0.,0.),(0.,200.),(7500.,200.),(7500.,0.),(0.,0.)));
#6909=IFCINDEXEDPOLYCURVE(#6908,$,.F.);
#6910=IFCDIRECTION((0.,0.,1.));
#6911=IFCARBITRARYCLOSEDPROFILEDEF(.AREA.,$,#6909);
#6912=IFCCARTESIANPOINT((0.,0.,0.));
#6913=IFCDIRECTION((0.,0.,1.));
#6914=IFCDIRECTION((1.,0.,0.));
#6915=IFCAXIS2PLACEMENT3D(#6912,#6913,#6914);
#6916=IFCEXTRUDEDAREASOLID(#6911,#6915,#6910,900.);
#6917=IFCSHAPEREPRESENTATION(#11,'Body','SweptSolid',(#6916));
#6918=IFCPRODUCTDEFINITIONSHAPE($,$,(#6917));
#6924=IFCSTYLEDITEM(#6916,(#22),'Mamposter\X2\00ED\X0\a');
#6925=IFCCARTESIANPOINT((250.,15900.,24000.));
#6926=IFCDIRECTION((0.,0.,1.));
#6927=IFCDIRECTION((1.,0.,0.));
#6928=IFCAXIS2PLACEMENT3D(#6925,#6926,#6927);
#6929=IFCLOCALPLACEMENT($,#6928);
#6930=IFCWALL('3j51LcoD5BWhukkbzuhx9k',$,'Muro fachada norte (sin ventana)',$,'Mamposter\X2\00ED\X0\a e=20',#6952,#6941,'100300',$);
#6931=IFCCARTESIANPOINTLIST2D(((0.,0.),(0.,200.),(7500.,200.),(7500.,0.),(0.,0.)));
#6932=IFCINDEXEDPOLYCURVE(#6931,$,.F.);
#6933=IFCDIRECTION((0.,0.,1.));
#6934=IFCARBITRARYCLOSEDPROFILEDEF(.AREA.,$,#6932);
#6935=IFCCARTESIANPOINT((0.,0.,0.));
#6936=IFCDIRECTION((0.,0.,1.));
#6937=IFCDIRECTION((1.,0.,0.));
#6938=IFCAXIS2PLACEMENT3D(#6935,#6936,#6937);
#6939=IFCEXTRUDEDAREASOLID(#6934,#6938,#6933,1850.);
#6940=IFCSHAPEREPRESENTATION(#11,'Body','SweptSolid',(#6939));
#6941=IFCPRODUCTDEFINITIONSHAPE($,$,(#6940));
#6947=IFCSTYLEDITEM(#6939,(#22),'Mamposter\X2\00ED\X0\a');
#6948=IFCCARTESIANPOINT((250.,15900.,24899.999999999996));
#6949=IFCDIRECTION((0.,0.,1.));
#6950=IFCDIRECTION((1.,0.,0.));
#6951=IFCAXIS2PLACEMENT3D(#6948,#6949,#6950);
#6952=IFCLOCALPLACEMENT($,#6951);
#6953=IFCWALL('364zf6Xxj9hu1ECTy4n$c4',$,'Muro fachada sur',$,'Mamposter\X2\00ED\X0\a e=20',#6975,#6964,'100301',$);
#6954=IFCCARTESIANPOINTLIST2D(((0.,0.),(0.,200.),(7500.,200.),(7500.,0.),(0.,0.)));
#6955=IFCINDEXEDPOLYCURVE(#6954,$,.F.);
#6956=IFCDIRECTION((0.,0.,1.));
#6957=IFCARBITRARYCLOSEDPROFILEDEF(.AREA.,$,#6955);
#6958=IFCCARTESIANPOINT((0.,0.,0.));
#6959=IFCDIRECTION((0.,0.,1.));
#6960=IFCDIRECTION((1.,0.,0.));
#6961=IFCAXIS2PLACEMENT3D(#6958,#6959,#6960);
#6962=IFCEXTRUDEDAREASOLID(#6957,#6961,#6956,900.);
#6963=IFCSHAPEREPRESENTATION(#11,'Body','SweptSolid',(#6962));
#6964=IFCPRODUCTDEFINITIONSHAPE($,$,(#6963));
#6970=IFCSTYLEDITEM(#6962,(#22),'Mamposter\X2\00ED\X0\a');
#6971=IFCCARTESIANPOINT((8250.,-100.,24000.));
#6972=IFCDIRECTION((0.,0.,1.));
#6973=IFCDIRECTION((1.,0.,0.));
#6974=IFCAXIS2PLACEMENT3D(#6971,#6972,#6973);
#6975=IFCLOCALPLACEMENT($,#6974);
#6976=IFCWALL('2tspLAXVj4WxvmTB2U2VCy',$,'Muro fachada sur (sin ventana)',$,'Mamposter\X2\00ED\X0\a e=20',#6998,#6987,'100302',$);
#6977=IFCCARTESIANPOINTLIST2D(((0.,0.),(0.,200.),(7500.,200.),(7500.,0.),(0.,0.)));
#6978=IFCINDEXEDPOLYCURVE(#6977,$,.F.);
#6979=IFCDIRECTION((0.,0.,1.));
#6980=IFCARBITRARYCLOSEDPROFILEDEF(.AREA.,$,#6978);
#6981=IFCCARTESIANPOINT((0.,0.,0.));
#6982=IFCDIRECTION((0.,0.,1.));
#6983=IFCDIRECTION((1.,0.,0.));
#6984=IFCAXIS2PLACEMENT3D(#6981,#6982,#6983);
#6985=IFCEXTRUDEDAREASOLID(#6980,#6984,#6979,1850.);
#6986=IFCSHAPEREPRESENTATION(#11,'Body','SweptSolid',(#6985));
#6987=IFCPRODUCTDEFINITIONSHAPE($,$,(#6986));
#6993=IFCSTYLEDITEM(#6985,(#22),'Mamposter\X2\00ED\X0\a');
#6994=IFCCARTESIANPOINT((8250.,-100.,24899.999999999996));
#6995=IFCDIRECTION((0.,0.,1.));
#6996=IFCDIRECTION((1.,0.,0.));
#6997=IFCAXIS2PLACEMENT3D(#6994,#6995,#6996);
#6998=IFCLOCALPLACEMENT($,#6997);
#6999=IFCWALL('2pOnRA88jEyfAG4gPM0PUp',$,'Muro fachada norte',$,'Mamposter\X2\00ED\X0\a e=20',#7021,#7010,'100303',$);
#7000=IFCCARTESIANPOINTLIST2D(((0.,0.),(0.,200.),(7500.,200.),(7500.,0.),(0.,0.)));
#7001=IFCINDEXEDPOLYCURVE(#7000,$,.F.);
#7002=IFCDIRECTION((0.,0.,1.));
#7003=IFCARBITRARYCLOSEDPROFILEDEF(.AREA.,$,#7001);
#7004=IFCCARTESIANPOINT((0.,0.,0.));
#7005=IFCDIRECTION((0.,0.,1.));
#7006=IFCDIRECTION((1.,0.,0.));
#7007=IFCAXIS2PLACEMENT3D(#7004,#7005,#7006);
#7008=IFCEXTRUDEDAREASOLID(#7003,#7007,#7002,900.);
#7009=IFCSHAPEREPRESENTATION(#11,'Body','SweptSolid',(#7008));
#7010=IFCPRODUCTDEFINITIONSHAPE($,$,(#7009));
#7016=IFCSTYLEDITEM(#7008,(#22),'Mamposter\X2\00ED\X0\a');
#7017=IFCCARTESIANPOINT((8250.,15900.,24000.));
#7018=IFCDIRECTION((0.,0.,1.));
#7019=IFCDIRECTION((1.,0.,0.));
#7020=IFCAXIS2PLACEMENT3D(#7017,#7018,#7019);
#7021=IFCLOCALPLACEMENT($,#7020);
#7022=IFCWALL('28tDslzxD9URHUw4ZhYQrQ',$,'Muro fachada norte (sin ventana)',$,'Mamposter\X2\00ED\X0\a e=20',#7044,#7033,'100304',$);
#7023=IFCCARTESIANPOINTLIST2D(((0.,0.),(0.,200.),(7500.,200.),(7500.,0.),(0.,0.)));
#7024=IFCINDEXEDPOLYCURVE(#7023,$,.F.);
#7025=IFCDIRECTION((0.,0.,1.));
#7026=IFCARBITRARYCLOSEDPROFILEDEF(.AREA.,$,#7024);
#7027=IFCCARTESIANPOINT((0.,0.,0.));
#7028=IFCDIRECTION((0.,0.,1.));
#7029=IFCDIRECTION((1.,0.,0.));
#7030=IFCAXIS2PLACEMENT3D(#7027,#7028,#7029);
#7031=IFCEXTRUDEDAREASOLID(#7026,#7030,#7025,1850.);
#7032=IFCSHAPEREPRESENTATION(#11,'Body','SweptSolid',(#7031));
#7033=IFCPRODUCTDEFINITIONSHAPE($,$,(#7032));
#7039=IFCSTYLEDITEM(#7031,(#22),'Mamposter\X2\00ED\X0\a');
#7040=IFCCARTESIANPOINT((8250.,15900.,24899.999999999996));
#7041=IFCDIRECTION((0.,0.,1.));
#7042=IFCDIRECTION((1.,0.,0.));
#7043=IFCAXIS2PLACEMENT3D(#7040,#7041,#7042);
#7044=IFCLOCALPLACEMENT($,#7043);
#7045=IFCWALL('2OSAmeek9B7fJDu3oEmIVY',$,'Muro fachada sur',$,'Mamposter\X2\00ED\X0\a e=20',#7067,#7056,'100305',$);
#7046=IFCCARTESIANPOINTLIST2D(((0.,0.),(0.,200.),(7500.,200.),(7500.,0.),(0.,0.)));
#7047=IFCINDEXEDPOLYCURVE(#7046,$,.F.);
#7048=IFCDIRECTION((0.,0.,1.));
#7049=IFCARBITRARYCLOSEDPROFILEDEF(.AREA.,$,#7047);
#7050=IFCCARTESIANPOINT((0.,0.,0.));
#7051=IFCDIRECTION((0.,0.,1.));
#7052=IFCDIRECTION((1.,0.,0.));
#7053=IFCAXIS2PLACEMENT3D(#7050,#7051,#7052);
#7054=IFCEXTRUDEDAREASOLID(#7049,#7053,#7048,900.);
#7055=IFCSHAPEREPRESENTATION(#11,'Body','SweptSolid',(#7054));
#7056=IFCPRODUCTDEFINITIONSHAPE($,$,(#7055));
#7062=IFCSTYLEDITEM(#7054,(#22),'Mamposter\X2\00ED\X0\a');
#7063=IFCCARTESIANPOINT((16250.,-100.,24000.));
#7064=IFCDIRECTION((0.,0.,1.));
#7065=IFCDIRECTION((1.,0.,0.));
#7066=IFCAXIS2PLACEMENT3D(#7063,#7064,#7065);
#7067=IFCLOCALPLACEMENT($,#7066);
#7068=IFCWALL('3qfuQL_IH6DvX$BnrApFXZ',$,'Muro fachada sur (sin ventana)',$,'Mamposter\X2\00ED\X0\a e=20',#7090,#7079,'100306',$);
#7069=IFCCARTESIANPOINTLIST2D(((0.,0.),(0.,200.),(7500.,200.),(7500.,0.),(0.,0.)));
#7070=IFCINDEXEDPOLYCURVE(#7069,$,.F.);
#7071=IFCDIRECTION((0.,0.,1.));
#7072=IFCARBITRARYCLOSEDPROFILEDEF(.AREA.,$,#7070);
#7073=IFCCARTESIANPOINT((0.,0.,0.));
#7074=IFCDIRECTION((0.,0.,1.));
#7075=IFCDIRECTION((1.,0.,0.));
#7076=IFCAXIS2PLACEMENT3D(#7073,#7074,#7075);
#7077=IFCEXTRUDEDAREASOLID(#7072,#7076,#7071,1850.);
#7078=IFCSHAPEREPRESENTATION(#11,'Body','SweptSolid',(#7077));
#7079=IFCPRODUCTDEFINITIONSHAPE($,$,(#7078));
#7085=IFCSTYLEDITEM(#7077,(#22),'Mamposter\X2\00ED\X0\a');
#7086=IFCCARTESIANPOINT((16250.,-100.,24899.999999999996));
#7087=IFCDIRECTION((0.,0.,1.));
#7088=IFCDIRECTION((1.,0.,0.));
#7089=IFCAXIS2PLACEMENT3D(#7086,#7087,#7088);
#7090=IFCLOCALPLACEMENT($,#7089);
#7091=IFCWALL('0bzr_x3frDtfujuiK9s7P2',$,'Muro fachada norte',$,'Mamposter\X2\00ED\X0\a e=20',#7113,#7102,'100307',$);
#7092=IFCCARTESIANPOINTLIST2D(((0.,0.),(0.,200.),(7500.,200.),(7500.,0.),(0.,0.)));
#7093=IFCINDEXEDPOLYCURVE(#7092,$,.F.);
#7094=IFCDIRECTION((0.,0.,1.));
#7095=IFCARBITRARYCLOSEDPROFILEDEF(.AREA.,$,#7093);
#7096=IFCCARTESIANPOINT((0.,0.,0.));
#7097=IFCDIRECTION((0.,0.,1.));
#7098=IFCDIRECTION((1.,0.,0.));
#7099=IFCAXIS2PLACEMENT3D(#7096,#7097,#7098);
#7100=IFCEXTRUDEDAREASOLID(#7095,#7099,#7094,900.);
#7101=IFCSHAPEREPRESENTATION(#11,'Body','SweptSolid',(#7100));
#7102=IFCPRODUCTDEFINITIONSHAPE($,$,(#7101));
#7108=IFCSTYLEDITEM(#7100,(#22),'Mamposter\X2\00ED\X0\a');
#7109=IFCCARTESIANPOINT((16250.,15900.,24000.));
#7110=IFCDIRECTION((0.,0.,1.));
#7111=IFCDIRECTION((1.,0.,0.));
#7112=IFCAXIS2PLACEMENT3D(#7109,#7110,#7111);
#7113=IFCLOCALPLACEMENT($,#7112);
#7114=IFCWALL('1zth26wZrFTwPtMHt6R1WY',$,'Muro fachada norte (sin ventana)',$,'Mamposter\X2\00ED\X0\a e=20',#7136,#7125,'100308',$);
#7115=IFCCARTESIANPOINTLIST2D(((0.,0.),(0.,200.),(7500.,200.),(7500.,0.),(0.,0.)));
#7116=IFCINDEXEDPOLYCURVE(#7115,$,.F.);
#7117=IFCDIRECTION((0.,0.,1.));
#7118=IFCARBITRARYCLOSEDPROFILEDEF(.AREA.,$,#7116);
#7119=IFCCARTESIANPOINT((0.,0.,0.));
#7120=IFCDIRECTION((0.,0.,1.));
#7121=IFCDIRECTION((1.,0.,0.));
#7122=IFCAXIS2PLACEMENT3D(#7119,#7120,#7121);
#7123=IFCEXTRUDEDAREASOLID(#7118,#7122,#7117,1850.);
#7124=IFCSHAPEREPRESENTATION(#11,'Body','SweptSolid',(#7123));
#7125=IFCPRODUCTDEFINITIONSHAPE($,$,(#7124));
#7131=IFCSTYLEDITEM(#7123,(#22),'Mamposter\X2\00ED\X0\a');
#7132=IFCCARTESIANPOINT((16250.,15900.,24899.999999999996));
#7133=IFCDIRECTION((0.,0.,1.));
#7134=IFCDIRECTION((1.,0.,0.));
#7135=IFCAXIS2PLACEMENT3D(#7132,#7133,#7134);
#7136=IFCLOCALPLACEMENT($,#7135);
#7137=IFCWALL('22sEmZxPTDNeWhx648yPV4',$,'Muro fachada occidente',$,'Mamposter\X2\00ED\X0\a e=20',#7159,#7148,'100309',$);
#7138=IFCCARTESIANPOINTLIST2D(((0.,0.),(0.,7500.),(200.,7500.),(200.,0.),(0.,0.)));
#7139=IFCINDEXEDPOLYCURVE(#7138,$,.F.);
#7140=IFCDIRECTION((0.,0.,1.));
#7141=IFCARBITRARYCLOSEDPROFILEDEF(.AREA.,$,#7139);
#7142=IFCCARTESIANPOINT((0.,0.,0.));
#7143=IFCDIRECTION((0.,0.,1.));
#7144=IFCDIRECTION((1.,0.,0.));
#7145=IFCAXIS2PLACEMENT3D(#7142,#7143,#7144);
#7146=IFCEXTRUDEDAREASOLID(#7141,#7145,#7140,2750.);
#7147=IFCSHAPEREPRESENTATION(#11,'Body','SweptSolid',(#7146));
#7148=IFCPRODUCTDEFINITIONSHAPE($,$,(#7147));
#7154=IFCSTYLEDITEM(#7146,(#22),'Mamposter\X2\00ED\X0\a');
#7155=IFCCARTESIANPOINT((-100.,250.,24000.));
#7156=IFCDIRECTION((0.,0.,1.));
#7157=IFCDIRECTION((1.,0.,0.));
#7158=IFCAXIS2PLACEMENT3D(#7155,#7156,#7157);
#7159=IFCLOCALPLACEMENT($,#7158);
#7160=IFCWALL('0OPm4L$vz7ROV1Nc0gVsdT',$,'Muro fachada oriente',$,'Mamposter\X2\00ED\X0\a e=20',#7182,#7171,'100310',$);
#7161=IFCCARTESIANPOINTLIST2D(((0.,0.),(0.,7500.),(200.,7500.),(200.,0.),(0.,0.)));
#7162=IFCINDEXEDPOLYCURVE(#7161,$,.F.);
#7163=IFCDIRECTION((0.,0.,1.));
#7164=IFCARBITRARYCLOSEDPROFILEDEF(.AREA.,$,#7162);
#7165=IFCCARTESIANPOINT((0.,0.,0.));
#7166=IFCDIRECTION((0.,0.,1.));
#7167=IFCDIRECTION((1.,0.,0.));
#7168=IFCAXIS2PLACEMENT3D(#7165,#7166,#7167);
#7169=IFCEXTRUDEDAREASOLID(#7164,#7168,#7163,2750.);
#7170=IFCSHAPEREPRESENTATION(#11,'Body','SweptSolid',(#7169));
#7171=IFCPRODUCTDEFINITIONSHAPE($,$,(#7170));
#7177=IFCSTYLEDITEM(#7169,(#22),'Mamposter\X2\00ED\X0\a');
#7178=IFCCARTESIANPOINT((23899.999999999996,250.,24000.));
#7179=IFCDIRECTION((0.,0.,1.));
#7180=IFCDIRECTION((1.,0.,0.));
#7181=IFCAXIS2PLACEMENT3D(#7178,#7179,#7180);
#7182=IFCLOCALPLACEMENT($,#7181);
#7183=IFCWALL('1TSNLX4_j4M8K84n0MJBX9',$,'Muro fachada occidente',$,'Mamposter\X2\00ED\X0\a e=20',#7205,#7194,'100311',$);
#7184=IFCCARTESIANPOINTLIST2D(((0.,0.),(0.,7500.),(200.,7500.),(200.,0.),(0.,0.)));
#7185=IFCINDEXEDPOLYCURVE(#7184,$,.F.);
#7186=IFCDIRECTION((0.,0.,1.));
#7187=IFCARBITRARYCLOSEDPROFILEDEF(.AREA.,$,#7185);
#7188=IFCCARTESIANPOINT((0.,0.,0.));
#7189=IFCDIRECTION((0.,0.,1.));
#7190=IFCDIRECTION((1.,0.,0.));
#7191=IFCAXIS2PLACEMENT3D(#7188,#7189,#7190);
#7192=IFCEXTRUDEDAREASOLID(#7187,#7191,#7186,2750.);
#7193=IFCSHAPEREPRESENTATION(#11,'Body','SweptSolid',(#7192));
#7194=IFCPRODUCTDEFINITIONSHAPE($,$,(#7193));
#7200=IFCSTYLEDITEM(#7192,(#22),'Mamposter\X2\00ED\X0\a');
#7201=IFCCARTESIANPOINT((-100.,8250.,24000.));
#7202=IFCDIRECTION((0.,0.,1.));
#7203=IFCDIRECTION((1.,0.,0.));
#7204=IFCAXIS2PLACEMENT3D(#7201,#7202,#7203);
#7205=IFCLOCALPLACEMENT($,#7204);
#7206=IFCWALL('3A4J_WVSz01wqt_o1XqcQB',$,'Muro fachada oriente',$,'Mamposter\X2\00ED\X0\a e=20',#7228,#7217,'100312',$);
#7207=IFCCARTESIANPOINTLIST2D(((0.,0.),(0.,7500.),(200.,7500.),(200.,0.),(0.,0.)));
#7208=IFCINDEXEDPOLYCURVE(#7207,$,.F.);
#7209=IFCDIRECTION((0.,0.,1.));
#7210=IFCARBITRARYCLOSEDPROFILEDEF(.AREA.,$,#7208);
#7211=IFCCARTESIANPOINT((0.,0.,0.));
#7212=IFCDIRECTION((0.,0.,1.));
#7213=IFCDIRECTION((1.,0.,0.));
#7214=IFCAXIS2PLACEMENT3D(#7211,#7212,#7213);
#7215=IFCEXTRUDEDAREASOLID(#7210,#7214,#7209,2750.);
#7216=IFCSHAPEREPRESENTATION(#11,'Body','SweptSolid',(#7215));
#7217=IFCPRODUCTDEFINITIONSHAPE($,$,(#7216));
#7223=IFCSTYLEDITEM(#7215,(#22),'Mamposter\X2\00ED\X0\a');
#7224=IFCCARTESIANPOINT((23899.999999999996,8250.,24000.));
#7225=IFCDIRECTION((0.,0.,1.));
#7226=IFCDIRECTION((1.,0.,0.));
#7227=IFCAXIS2PLACEMENT3D(#7224,#7225,#7226);
#7228=IFCLOCALPLACEMENT($,#7227);
#7229=IFCBUILDINGSTOREY('1pFI2SHkbB4vL0w50garyL',$,'Piso 10',$,$,$,$,$,$,27.);
#7230=IFCCOLUMN('2NbLTUvEDFug1nZZr1j$DU',$,'Columna C1A',$,'Columna 50x50',#7253,#7241,'100313',$);
#7231=IFCCARTESIANPOINTLIST2D(((0.,0.),(0.,500.),(500.,500.),(500.,0.),(0.,0.)));
#7232=IFCINDEXEDPOLYCURVE(#7231,$,.F.);
#7233=IFCDIRECTION((0.,0.,1.));
#7234=IFCARBITRARYCLOSEDPROFILEDEF(.AREA.,$,#7232);
#7235=IFCCARTESIANPOINT((0.,0.,0.));
#7236=IFCDIRECTION((0.,0.,1.));
#7237=IFCDIRECTION((1.,0.,0.));
#7238=IFCAXIS2PLACEMENT3D(#7235,#7236,#7237);
#7239=IFCEXTRUDEDAREASOLID(#7234,#7238,#7233,2750.);
#7240=IFCSHAPEREPRESENTATION(#11,'Body','SweptSolid',(#7239));
#7241=IFCPRODUCTDEFINITIONSHAPE($,$,(#7240));
#7247=IFCSTYLEDITEM(#7239,(#19),'Concreto columna');
#7248=IFCRELCONTAINEDINSPATIALSTRUCTURE('0L4_5L3bP4heJQ_gpyVsIH',$,$,$,(#7530,#7438,#7346,#7507,#7369,#7277,#7230,#7415,#7254,#7484,#7392,#7300,#7461,#7323),#7229);
#7249=IFCCARTESIANPOINT((-250.,-250.,27000.));
#7250=IFCDIRECTION((0.,0.,1.));
#7251=IFCDIRECTION((1.,0.,0.));
#7252=IFCAXIS2PLACEMENT3D(#7249,#7250,#7251);
#7253=IFCLOCALPLACEMENT($,#7252);
#7254=IFCCOLUMN('3MhUkDhWLAnRvBstgZqFDz',$,'Columna C1B',$,'Columna 50x50',#7276,#7265,'100314',$);
#7255=IFCCARTESIANPOINTLIST2D(((0.,0.),(0.,500.),(500.,500.),(500.,0.),(0.,0.)));
#7256=IFCINDEXEDPOLYCURVE(#7255,$,.F.);
#7257=IFCDIRECTION((0.,0.,1.));
#7258=IFCARBITRARYCLOSEDPROFILEDEF(.AREA.,$,#7256);
#7259=IFCCARTESIANPOINT((0.,0.,0.));
#7260=IFCDIRECTION((0.,0.,1.));
#7261=IFCDIRECTION((1.,0.,0.));
#7262=IFCAXIS2PLACEMENT3D(#7259,#7260,#7261);
#7263=IFCEXTRUDEDAREASOLID(#7258,#7262,#7257,2750.);
#7264=IFCSHAPEREPRESENTATION(#11,'Body','SweptSolid',(#7263));
#7265=IFCPRODUCTDEFINITIONSHAPE($,$,(#7264));
#7271=IFCSTYLEDITEM(#7263,(#19),'Concreto columna');
#7272=IFCCARTESIANPOINT((-250.,7750.,27000.));
#7273=IFCDIRECTION((0.,0.,1.));
#7274=IFCDIRECTION((1.,0.,0.));
#7275=IFCAXIS2PLACEMENT3D(#7272,#7273,#7274);
#7276=IFCLOCALPLACEMENT($,#7275);
#7277=IFCCOLUMN('0qqSlVDJHFAx5HGLG_EwFk',$,'Columna C1C',$,'Columna 50x50',#7299,#7288,'100315',$);
#7278=IFCCARTESIANPOINTLIST2D(((0.,0.),(0.,500.),(500.,500.),(500.,0.),(0.,0.)));
#7279=IFCINDEXEDPOLYCURVE(#7278,$,.F.);
#7280=IFCDIRECTION((0.,0.,1.));
#7281=IFCARBITRARYCLOSEDPROFILEDEF(.AREA.,$,#7279);
#7282=IFCCARTESIANPOINT((0.,0.,0.));
#7283=IFCDIRECTION((0.,0.,1.));
#7284=IFCDIRECTION((1.,0.,0.));
#7285=IFCAXIS2PLACEMENT3D(#7282,#7283,#7284);
#7286=IFCEXTRUDEDAREASOLID(#7281,#7285,#7280,2750.);
#7287=IFCSHAPEREPRESENTATION(#11,'Body','SweptSolid',(#7286));
#7288=IFCPRODUCTDEFINITIONSHAPE($,$,(#7287));
#7294=IFCSTYLEDITEM(#7286,(#19),'Concreto columna');
#7295=IFCCARTESIANPOINT((-250.,15750.,27000.));
#7296=IFCDIRECTION((0.,0.,1.));
#7297=IFCDIRECTION((1.,0.,0.));
#7298=IFCAXIS2PLACEMENT3D(#7295,#7296,#7297);
#7299=IFCLOCALPLACEMENT($,#7298);
#7300=IFCCOLUMN('3A19gMg5HFqe2OIeRvUkym',$,'Columna C2A',$,'Columna 50x50',#7322,#7311,'100316',$);
#7301=IFCCARTESIANPOINTLIST2D(((0.,0.),(0.,500.),(500.,500.),(500.,0.),(0.,0.)));
#7302=IFCINDEXEDPOLYCURVE(#7301,$,.F.);
#7303=IFCDIRECTION((0.,0.,1.));
#7304=IFCARBITRARYCLOSEDPROFILEDEF(.AREA.,$,#7302);
#7305=IFCCARTESIANPOINT((0.,0.,0.));
#7306=IFCDIRECTION((0.,0.,1.));
#7307=IFCDIRECTION((1.,0.,0.));
#7308=IFCAXIS2PLACEMENT3D(#7305,#7306,#7307);
#7309=IFCEXTRUDEDAREASOLID(#7304,#7308,#7303,2750.);
#7310=IFCSHAPEREPRESENTATION(#11,'Body','SweptSolid',(#7309));
#7311=IFCPRODUCTDEFINITIONSHAPE($,$,(#7310));
#7317=IFCSTYLEDITEM(#7309,(#19),'Concreto columna');
#7318=IFCCARTESIANPOINT((7750.,-250.,27000.));
#7319=IFCDIRECTION((0.,0.,1.));
#7320=IFCDIRECTION((1.,0.,0.));
#7321=IFCAXIS2PLACEMENT3D(#7318,#7319,#7320);
#7322=IFCLOCALPLACEMENT($,#7321);
#7323=IFCCOLUMN('1xaAalarrBPeXeODSSkyLG',$,'Columna C2B',$,'Columna 50x50',#7345,#7334,'100317',$);
#7324=IFCCARTESIANPOINTLIST2D(((0.,0.),(0.,500.),(500.,500.),(500.,0.),(0.,0.)));
#7325=IFCINDEXEDPOLYCURVE(#7324,$,.F.);
#7326=IFCDIRECTION((0.,0.,1.));
#7327=IFCARBITRARYCLOSEDPROFILEDEF(.AREA.,$,#7325);
#7328=IFCCARTESIANPOINT((0.,0.,0.));
#7329=IFCDIRECTION((0.,0.,1.));
#7330=IFCDIRECTION((1.,0.,0.));
#7331=IFCAXIS2PLACEMENT3D(#7328,#7329,#7330);
#7332=IFCEXTRUDEDAREASOLID(#7327,#7331,#7326,2750.);
#7333=IFCSHAPEREPRESENTATION(#11,'Body','SweptSolid',(#7332));
#7334=IFCPRODUCTDEFINITIONSHAPE($,$,(#7333));
#7340=IFCSTYLEDITEM(#7332,(#19),'Concreto columna');
#7341=IFCCARTESIANPOINT((7750.,7750.,27000.));
#7342=IFCDIRECTION((0.,0.,1.));
#7343=IFCDIRECTION((1.,0.,0.));
#7344=IFCAXIS2PLACEMENT3D(#7341,#7342,#7343);
#7345=IFCLOCALPLACEMENT($,#7344);
#7346=IFCCOLUMN('1WisnfM0TBShcNl28zT1BY',$,'Columna C2C',$,'Columna 50x50',#7368,#7357,'100318',$);
#7347=IFCCARTESIANPOINTLIST2D(((0.,0.),(0.,500.),(500.,500.),(500.,0.),(0.,0.)));
#7348=IFCINDEXEDPOLYCURVE(#7347,$,.F.);
#7349=IFCDIRECTION((0.,0.,1.));
#7350=IFCARBITRARYCLOSEDPROFILEDEF(.AREA.,$,#7348);
#7351=IFCCARTESIANPOINT((0.,0.,0.));
#7352=IFCDIRECTION((0.,0.,1.));
#7353=IFCDIRECTION((1.,0.,0.));
#7354=IFCAXIS2PLACEMENT3D(#7351,#7352,#7353);
#7355=IFCEXTRUDEDAREASOLID(#7350,#7354,#7349,2750.);
#7356=IFCSHAPEREPRESENTATION(#11,'Body','SweptSolid',(#7355));
#7357=IFCPRODUCTDEFINITIONSHAPE($,$,(#7356));
#7363=IFCSTYLEDITEM(#7355,(#19),'Concreto columna');
#7364=IFCCARTESIANPOINT((7750.,15750.,27000.));
#7365=IFCDIRECTION((0.,0.,1.));
#7366=IFCDIRECTION((1.,0.,0.));
#7367=IFCAXIS2PLACEMENT3D(#7364,#7365,#7366);
#7368=IFCLOCALPLACEMENT($,#7367);
#7369=IFCCOLUMN('2obfNfKCz5neN4PS6LA3gV',$,'Columna C3A',$,'Columna 50x50',#7391,#7380,'100319',$);
#7370=IFCCARTESIANPOINTLIST2D(((0.,0.),(0.,500.),(500.,500.),(500.,0.),(0.,0.)));
#7371=IFCINDEXEDPOLYCURVE(#7370,$,.F.);
#7372=IFCDIRECTION((0.,0.,1.));
#7373=IFCARBITRARYCLOSEDPROFILEDEF(.AREA.,$,#7371);
#7374=IFCCARTESIANPOINT((0.,0.,0.));
#7375=IFCDIRECTION((0.,0.,1.));
#7376=IFCDIRECTION((1.,0.,0.));
#7377=IFCAXIS2PLACEMENT3D(#7374,#7375,#7376);
#7378=IFCEXTRUDEDAREASOLID(#7373,#7377,#7372,2750.);
#7379=IFCSHAPEREPRESENTATION(#11,'Body','SweptSolid',(#7378));
#7380=IFCPRODUCTDEFINITIONSHAPE($,$,(#7379));
#7386=IFCSTYLEDITEM(#7378,(#19),'Concreto columna');
#7387=IFCCARTESIANPOINT((15750.,-250.,27000.));
#7388=IFCDIRECTION((0.,0.,1.));
#7389=IFCDIRECTION((1.,0.,0.));
#7390=IFCAXIS2PLACEMENT3D(#7387,#7388,#7389);
#7391=IFCLOCALPLACEMENT($,#7390);
#7392=IFCCOLUMN('0D$8OB2mf64BOIFoN7QxVC',$,'Columna C3B',$,'Columna 50x50',#7414,#7403,'100320',$);
#7393=IFCCARTESIANPOINTLIST2D(((0.,0.),(0.,500.),(500.,500.),(500.,0.),(0.,0.)));
#7394=IFCINDEXEDPOLYCURVE(#7393,$,.F.);
#7395=IFCDIRECTION((0.,0.,1.));
#7396=IFCARBITRARYCLOSEDPROFILEDEF(.AREA.,$,#7394);
#7397=IFCCARTESIANPOINT((0.,0.,0.));
#7398=IFCDIRECTION((0.,0.,1.));
#7399=IFCDIRECTION((1.,0.,0.));
#7400=IFCAXIS2PLACEMENT3D(#7397,#7398,#7399);
#7401=IFCEXTRUDEDAREASOLID(#7396,#7400,#7395,2750.);
#7402=IFCSHAPEREPRESENTATION(#11,'Body','SweptSolid',(#7401));
#7403=IFCPRODUCTDEFINITIONSHAPE($,$,(#7402));
#7409=IFCSTYLEDITEM(#7401,(#19),'Concreto columna');
#7410=IFCCARTESIANPOINT((15750.,7750.,27000.));
#7411=IFCDIRECTION((0.,0.,1.));
#7412=IFCDIRECTION((1.,0.,0.));
#7413=IFCAXIS2PLACEMENT3D(#7410,#7411,#7412);
#7414=IFCLOCALPLACEMENT($,#7413);
#7415=IFCCOLUMN('1JowzmU$H0E8KYy3y9AvGW',$,'Columna C3C',$,'Columna 50x50',#7437,#7426,'100321',$);
#7416=IFCCARTESIANPOINTLIST2D(((0.,0.),(0.,500.),(500.,500.),(500.,0.),(0.,0.)));
#7417=IFCINDEXEDPOLYCURVE(#7416,$,.F.);
#7418=IFCDIRECTION((0.,0.,1.));
#7419=IFCARBITRARYCLOSEDPROFILEDEF(.AREA.,$,#7417);
#7420=IFCCARTESIANPOINT((0.,0.,0.));
#7421=IFCDIRECTION((0.,0.,1.));
#7422=IFCDIRECTION((1.,0.,0.));
#7423=IFCAXIS2PLACEMENT3D(#7420,#7421,#7422);
#7424=IFCEXTRUDEDAREASOLID(#7419,#7423,#7418,2750.);
#7425=IFCSHAPEREPRESENTATION(#11,'Body','SweptSolid',(#7424));
#7426=IFCPRODUCTDEFINITIONSHAPE($,$,(#7425));
#7432=IFCSTYLEDITEM(#7424,(#19),'Concreto columna');
#7433=IFCCARTESIANPOINT((15750.,15750.,27000.));
#7434=IFCDIRECTION((0.,0.,1.));
#7435=IFCDIRECTION((1.,0.,0.));
#7436=IFCAXIS2PLACEMENT3D(#7433,#7434,#7435);
#7437=IFCLOCALPLACEMENT($,#7436);
#7438=IFCCOLUMN('1pAQkmwjPFG9hgaTK$J9HM',$,'Columna C4A',$,'Columna 50x50',#7460,#7449,'100322',$);
#7439=IFCCARTESIANPOINTLIST2D(((0.,0.),(0.,500.),(500.,500.),(500.,0.),(0.,0.)));
#7440=IFCINDEXEDPOLYCURVE(#7439,$,.F.);
#7441=IFCDIRECTION((0.,0.,1.));
#7442=IFCARBITRARYCLOSEDPROFILEDEF(.AREA.,$,#7440);
#7443=IFCCARTESIANPOINT((0.,0.,0.));
#7444=IFCDIRECTION((0.,0.,1.));
#7445=IFCDIRECTION((1.,0.,0.));
#7446=IFCAXIS2PLACEMENT3D(#7443,#7444,#7445);
#7447=IFCEXTRUDEDAREASOLID(#7442,#7446,#7441,2750.);
#7448=IFCSHAPEREPRESENTATION(#11,'Body','SweptSolid',(#7447));
#7449=IFCPRODUCTDEFINITIONSHAPE($,$,(#7448));
#7455=IFCSTYLEDITEM(#7447,(#19),'Concreto columna');
#7456=IFCCARTESIANPOINT((23750.,-250.,27000.));
#7457=IFCDIRECTION((0.,0.,1.));
#7458=IFCDIRECTION((1.,0.,0.));
#7459=IFCAXIS2PLACEMENT3D(#7456,#7457,#7458);
#7460=IFCLOCALPLACEMENT($,#7459);
#7461=IFCCOLUMN('3znoeuohD0FxcboEks2K$q',$,'Columna C4B',$,'Columna 50x50',#7483,#7472,'100323',$);
#7462=IFCCARTESIANPOINTLIST2D(((0.,0.),(0.,500.),(500.,500.),(500.,0.),(0.,0.)));
#7463=IFCINDEXEDPOLYCURVE(#7462,$,.F.);
#7464=IFCDIRECTION((0.,0.,1.));
#7465=IFCARBITRARYCLOSEDPROFILEDEF(.AREA.,$,#7463);
#7466=IFCCARTESIANPOINT((0.,0.,0.));
#7467=IFCDIRECTION((0.,0.,1.));
#7468=IFCDIRECTION((1.,0.,0.));
#7469=IFCAXIS2PLACEMENT3D(#7466,#7467,#7468);
#7470=IFCEXTRUDEDAREASOLID(#7465,#7469,#7464,2750.);
#7471=IFCSHAPEREPRESENTATION(#11,'Body','SweptSolid',(#7470));
#7472=IFCPRODUCTDEFINITIONSHAPE($,$,(#7471));
#7478=IFCSTYLEDITEM(#7470,(#19),'Concreto columna');
#7479=IFCCARTESIANPOINT((23750.,7750.,27000.));
#7480=IFCDIRECTION((0.,0.,1.));
#7481=IFCDIRECTION((1.,0.,0.));
#7482=IFCAXIS2PLACEMENT3D(#7479,#7480,#7481);
#7483=IFCLOCALPLACEMENT($,#7482);
#7484=IFCCOLUMN('2JWLXw31L31ucfgPcBQXwy',$,'Columna C4C',$,'Columna 50x50',#7506,#7495,'100324',$);
#7485=IFCCARTESIANPOINTLIST2D(((0.,0.),(0.,500.),(500.,500.),(500.,0.),(0.,0.)));
#7486=IFCINDEXEDPOLYCURVE(#7485,$,.F.);
#7487=IFCDIRECTION((0.,0.,1.));
#7488=IFCARBITRARYCLOSEDPROFILEDEF(.AREA.,$,#7486);
#7489=IFCCARTESIANPOINT((0.,0.,0.));
#7490=IFCDIRECTION((0.,0.,1.));
#7491=IFCDIRECTION((1.,0.,0.));
#7492=IFCAXIS2PLACEMENT3D(#7489,#7490,#7491);
#7493=IFCEXTRUDEDAREASOLID(#7488,#7492,#7487,2750.);
#7494=IFCSHAPEREPRESENTATION(#11,'Body','SweptSolid',(#7493));
#7495=IFCPRODUCTDEFINITIONSHAPE($,$,(#7494));
#7501=IFCSTYLEDITEM(#7493,(#19),'Concreto columna');
#7502=IFCCARTESIANPOINT((23750.,15750.,27000.));
#7503=IFCDIRECTION((0.,0.,1.));
#7504=IFCDIRECTION((1.,0.,0.));
#7505=IFCAXIS2PLACEMENT3D(#7502,#7503,#7504);
#7506=IFCLOCALPLACEMENT($,#7505);
#7507=IFCSLAB('0DOcb6Zy95IQUnxXSA1imt',$,'Placa piso 11',$,'Placa maciza e=25',#7529,#7518,'100325',$);
#7508=IFCCARTESIANPOINTLIST2D(((0.,0.),(0.,16600.),(24600.,16600.),(24600.,0.),(0.,0.)));
#7509=IFCINDEXEDPOLYCURVE(#7508,$,.F.);
#7510=IFCDIRECTION((0.,0.,1.));
#7511=IFCARBITRARYCLOSEDPROFILEDEF(.AREA.,$,#7509);
#7512=IFCCARTESIANPOINT((0.,0.,0.));
#7513=IFCDIRECTION((0.,0.,1.));
#7514=IFCDIRECTION((1.,0.,0.));
#7515=IFCAXIS2PLACEMENT3D(#7512,#7513,#7514);
#7516=IFCEXTRUDEDAREASOLID(#7511,#7515,#7510,250.);
#7517=IFCSHAPEREPRESENTATION(#11,'Body','SweptSolid',(#7516));
#7518=IFCPRODUCTDEFINITIONSHAPE($,$,(#7517));
#7524=IFCSTYLEDITEM(#7516,(#16),'Concreto');
#7525=IFCCARTESIANPOINT((-300.,-300.,29750.));
#7526=IFCDIRECTION((0.,0.,1.));
#7527=IFCDIRECTION((1.,0.,0.));
#7528=IFCAXIS2PLACEMENT3D(#7525,#7526,#7527);
#7529=IFCLOCALPLACEMENT($,#7528);
#7530=IFCWALL('2LXn_MZxb23wZKewzcHHl1',$,'Muro n\X2\00FA\X0\cleo',$,'Muro concreto e=20',#7552,#7541,'100326',$);
#7531=IFCCARTESIANPOINTLIST2D(((0.,0.),(0.,4000.),(4000.,4000.),(4000.,0.),(0.,0.)));
#7532=IFCINDEXEDPOLYCURVE(#7531,$,.F.);
#7533=IFCDIRECTION((0.,0.,1.));
#7534=IFCARBITRARYCLOSEDPROFILEDEF(.AREA.,$,#7532);
#7535=IFCCARTESIANPOINT((0.,0.,0.));
#7536=IFCDIRECTION((0.,0.,1.));
#7537=IFCDIRECTION((1.,0.,0.));
#7538=IFCAXIS2PLACEMENT3D(#7535,#7536,#7537);
#7539=IFCEXTRUDEDAREASOLID(#7534,#7538,#7533,2750.);
#7540=IFCSHAPEREPRESENTATION(#11,'Body','SweptSolid',(#7539));
#7541=IFCPRODUCTDEFINITIONSHAPE($,$,(#7540));
#7547=IFCSTYLEDITEM(#7539,(#31),'N\X2\00FA\X0\cleo');
#7548=IFCCARTESIANPOINT((10000.,6000.,27000.));
#7549=IFCDIRECTION((0.,0.,1.));
#7550=IFCDIRECTION((1.,0.,0.));
#7551=IFCAXIS2PLACEMENT3D(#7548,#7549,#7550);
#7552=IFCLOCALPLACEMENT($,#7551);
#7553=IFCBUILDINGSTOREY('1gCYnfIff7DuQzcOkKSjbz',$,'Piso 11',$,$,$,$,$,$,30.);
#7554=IFCCOLUMN('0MekDAt2HCww_VlOvnTgK7',$,'Columna C1A',$,'Columna 50x50',#7577,#7565,'100327',$);
#7555=IFCCARTESIANPOINTLIST2D(((0.,0.),(0.,500.),(500.,500.),(500.,0.),(0.,0.)));
#7556=IFCINDEXEDPOLYCURVE(#7555,$,.F.);
#7557=IFCDIRECTION((0.,0.,1.));
#7558=IFCARBITRARYCLOSEDPROFILEDEF(.AREA.,$,#7556);
#7559=IFCCARTESIANPOINT((0.,0.,0.));
#7560=IFCDIRECTION((0.,0.,1.));
#7561=IFCDIRECTION((1.,0.,0.));
#7562=IFCAXIS2PLACEMENT3D(#7559,#7560,#7561);
#7563=IFCEXTRUDEDAREASOLID(#7558,#7562,#7557,2750.);
#7564=IFCSHAPEREPRESENTATION(#11,'Body','SweptSolid',(#7563));
#7565=IFCPRODUCTDEFINITIONSHAPE($,$,(#7564));
#7571=IFCSTYLEDITEM(#7563,(#19),'Concreto columna');
#7572=IFCRELCONTAINEDINSPATIALSTRUCTURE('2ZrIFaxn1DcAdTy2cpOLD7',$,$,$,(#7647,#7670,#7578,#7831,#7739,#7693,#7762,#7554,#7808,#7601,#7854,#7716,#7624,#7785),#7553);
#7573=IFCCARTESIANPOINT((-250.,-250.,30000.));
#7574=IFCDIRECTION((0.,0.,1.));
#7575=IFCDIRECTION((1.,0.,0.));
#7576=IFCAXIS2PLACEMENT3D(#7573,#7574,#7575);
#7577=IFCLOCALPLACEMENT($,#7576);
#7578=IFCCOLUMN('0jcp$OjmfFYRNq07eX5ia9',$,'Columna C1B',$,'Columna 50x50',#7600,#7589,'100328',$);
#7579=IFCCARTESIANPOINTLIST2D(((0.,0.),(0.,500.),(500.,500.),(500.,0.),(0.,0.)));
#7580=IFCINDEXEDPOLYCURVE(#7579,$,.F.);
#7581=IFCDIRECTION((0.,0.,1.));
#7582=IFCARBITRARYCLOSEDPROFILEDEF(.AREA.,$,#7580);
#7583=IFCCARTESIANPOINT((0.,0.,0.));
#7584=IFCDIRECTION((0.,0.,1.));
#7585=IFCDIRECTION((1.,0.,0.));
#7586=IFCAXIS2PLACEMENT3D(#7583,#7584,#7585);
#7587=IFCEXTRUDEDAREASOLID(#7582,#7586,#7581,2750.);
#7588=IFCSHAPEREPRESENTATION(#11,'Body','SweptSolid',(#7587));
#7589=IFCPRODUCTDEFINITIONSHAPE($,$,(#7588));
#7595=IFCSTYLEDITEM(#7587,(#19),'Concreto columna');
#7596=IFCCARTESIANPOINT((-250.,7750.,30000.));
#7597=IFCDIRECTION((0.,0.,1.));
#7598=IFCDIRECTION((1.,0.,0.));
#7599=IFCAXIS2PLACEMENT3D(#7596,#7597,#7598);
#7600=IFCLOCALPLACEMENT($,#7599);
#7601=IFCCOLUMN('0vf5ebTSf5neUVvSCyQ2oC',$,'Columna C1C',$,'Columna 50x50',#7623,#7612,'100329',$);
#7602=IFCCARTESIANPOINTLIST2D(((0.,0.),(0.,500.),(500.,500.),(500.,0.),(0.,0.)));
#7603=IFCINDEXEDPOLYCURVE(#7602,$,.F.);
#7604=IFCDIRECTION((0.,0.,1.));
#7605=IFCARBITRARYCLOSEDPROFILEDEF(.AREA.,$,#7603);
#7606=IFCCARTESIANPOINT((0.,0.,0.));
#7607=IFCDIRECTION((0.,0.,1.));
#7608=IFCDIRECTION((1.,0.,0.));
#7609=IFCAXIS2PLACEMENT3D(#7606,#7607,#7608);
#7610=IFCEXTRUDEDAREASOLID(#7605,#7609,#7604,2750.);
#7611=IFCSHAPEREPRESENTATION(#11,'Body','SweptSolid',(#7610));
#7612=IFCPRODUCTDEFINITIONSHAPE($,$,(#7611));
#7618=IFCSTYLEDITEM(#7610,(#19),'Concreto columna');
#7619=IFCCARTESIANPOINT((-250.,15750.,30000.));
#7620=IFCDIRECTION((0.,0.,1.));
#7621=IFCDIRECTION((1.,0.,0.));
#7622=IFCAXIS2PLACEMENT3D(#7619,#7620,#7621);
#7623=IFCLOCALPLACEMENT($,#7622);
#7624=IFCCOLUMN('2aHSGS_Mj1c8G$W3dvTJA1',$,'Columna C2A',$,'Columna 50x50',#7646,#7635,'100330',$);
#7625=IFCCARTESIANPOINTLIST2D(((0.,0.),(0.,500.),(500.,500.),(500.,0.),(0.,0.)));
#7626=IFCINDEXEDPOLYCURVE(#7625,$,.F.);
#7627=IFCDIRECTION((0.,0.,1.));
#7628=IFCARBITRARYCLOSEDPROFILEDEF(.AREA.,$,#7626);
#7629=IFCCARTESIANPOINT((0.,0.,0.));
#7630=IFCDIRECTION((0.,0.,1.));
#7631=IFCDIRECTION((1.,0.,0.));
#7632=IFCAXIS2PLACEMENT3D(#7629,#7630,#7631);
#7633=IFCEXTRUDEDAREASOLID(#7628,#7632,#7627,2750.);
#7634=IFCSHAPEREPRESENTATION(#11,'Body','SweptSolid',(#7633));
#7635=IFCPRODUCTDEFINITIONSHAPE($,$,(#7634));
#7641=IFCSTYLEDITEM(#7633,(#19),'Concreto columna');
#7642=IFCCARTESIANPOINT((7750.,-250.,30000.));
#7643=IFCDIRECTION((0.,0.,1.));
#7644=IFCDIRECTION((1.,0.,0.));
#7645=IFCAXIS2PLACEMENT3D(#7642,#7643,#7644);
#7646=IFCLOCALPLACEMENT($,#7645);
#7647=IFCCOLUMN('2bVj3wVGL5I8esi6P047Gv',$,'Columna C2B',$,'Columna 50x50',#7669,#7658,'100331',$);
#7648=IFCCARTESIANPOINTLIST2D(((0.,0.),(0.,500.),(500.,500.),(500.,0.),(0.,0.)));
#7649=IFCINDEXEDPOLYCURVE(#7648,$,.F.);
#7650=IFCDIRECTION((0.,0.,1.));
#7651=IFCARBITRARYCLOSEDPROFILEDEF(.AREA.,$,#7649);
#7652=IFCCARTESIANPOINT((0.,0.,0.));
#7653=IFCDIRECTION((0.,0.,1.));
#7654=IFCDIRECTION((1.,0.,0.));
#7655=IFCAXIS2PLACEMENT3D(#7652,#7653,#7654);
#7656=IFCEXTRUDEDAREASOLID(#7651,#7655,#7650,2750.);
#7657=IFCSHAPEREPRESENTATION(#11,'Body','SweptSolid',(#7656));
#7658=IFCPRODUCTDEFINITIONSHAPE($,$,(#7657));
#7664=IFCSTYLEDITEM(#7656,(#19),'Concreto columna');
#7665=IFCCARTESIANPOINT((7750.,7750.,30000.));
#7666=IFCDIRECTION((0.,0.,1.));
#7667=IFCDIRECTION((1.,0.,0.));
#7668=IFCAXIS2PLACEMENT3D(#7665,#7666,#7667);
#7669=IFCLOCALPLACEMENT($,#7668);
#7670=IFCCOLUMN('1nZ66h69b00v7dSNcflpjK',$,'Columna C2C',$,'Columna 50x50',#7692,#7681,'100332',$);
#7671=IFCCARTESIANPOINTLIST2D(((0.,0.),(0.,500.),(500.,500.),(500.,0.),(0.,0.)));
#7672=IFCINDEXEDPOLYCURVE(#7671,$,.F.);
#7673=IFCDIRECTION((0.,0.,1.));
#7674=IFCARBITRARYCLOSEDPROFILEDEF(.AREA.,$,#7672);
#7675=IFCCARTESIANPOINT((0.,0.,0.));
#7676=IFCDIRECTION((0.,0.,1.));
#7677=IFCDIRECTION((1.,0.,0.));
#7678=IFCAXIS2PLACEMENT3D(#7675,#7676,#7677);
#7679=IFCEXTRUDEDAREASOLID(#7674,#7678,#7673,2750.);
#7680=IFCSHAPEREPRESENTATION(#11,'Body','SweptSolid',(#7679));
#7681=IFCPRODUCTDEFINITIONSHAPE($,$,(#7680));
#7687=IFCSTYLEDITEM(#7679,(#19),'Concreto columna');
#7688=IFCCARTESIANPOINT((7750.,15750.,30000.));
#7689=IFCDIRECTION((0.,0.,1.));
#7690=IFCDIRECTION((1.,0.,0.));
#7691=IFCAXIS2PLACEMENT3D(#7688,#7689,#7690);
#7692=IFCLOCALPLACEMENT($,#7691);
#7693=IFCCOLUMN('2U9e5dQuT3o8WGn5FDKK9y',$,'Columna C3A',$,'Columna 50x50',#7715,#7704,'100333',$);
#7694=IFCCARTESIANPOINTLIST2D(((0.,0.),(0.,500.),(500.,500.),(500.,0.),(0.,0.)));
#7695=IFCINDEXEDPOLYCURVE(#7694,$,.F.);
#7696=IFCDIRECTION((0.,0.,1.));
#7697=IFCARBITRARYCLOSEDPROFILEDEF(.AREA.,$,#7695);
#7698=IFCCARTESIANPOINT((0.,0.,0.));
#7699=IFCDIRECTION((0.,0.,1.));
#7700=IFCDIRECTION((1.,0.,0.));
#7701=IFCAXIS2PLACEMENT3D(#7698,#7699,#7700);
#7702=IFCEXTRUDEDAREASOLID(#7697,#7701,#7696,2750.);
#7703=IFCSHAPEREPRESENTATION(#11,'Body','SweptSolid',(#7702));
#7704=IFCPRODUCTDEFINITIONSHAPE($,$,(#7703));
#7710=IFCSTYLEDITEM(#7702,(#19),'Concreto columna');
#7711=IFCCARTESIANPOINT((15750.,-250.,30000.));
#7712=IFCDIRECTION((0.,0.,1.));
#7713=IFCDIRECTION((1.,0.,0.));
#7714=IFCAXIS2PLACEMENT3D(#7711,#7712,#7713);
#7715=IFCLOCALPLACEMENT($,#7714);
#7716=IFCCOLUMN('304R7iUwf2TAe4RfCb2eI8',$,'Columna C3B',$,'Columna 50x50',#7738,#7727,'100334',$);
#7717=IFCCARTESIANPOINTLIST2D(((0.,0.),(0.,500.),(500.,500.),(500.,0.),(0.,0.)));
#7718=IFCINDEXEDPOLYCURVE(#7717,$,.F.);
#7719=IFCDIRECTION((0.,0.,1.));
#7720=IFCARBITRARYCLOSEDPROFILEDEF(.AREA.,$,#7718);
#7721=IFCCARTESIANPOINT((0.,0.,0.));
#7722=IFCDIRECTION((0.,0.,1.));
#7723=IFCDIRECTION((1.,0.,0.));
#7724=IFCAXIS2PLACEMENT3D(#7721,#7722,#7723);
#7725=IFCEXTRUDEDAREASOLID(#7720,#7724,#7719,2750.);
#7726=IFCSHAPEREPRESENTATION(#11,'Body','SweptSolid',(#7725));
#7727=IFCPRODUCTDEFINITIONSHAPE($,$,(#7726));
#7733=IFCSTYLEDITEM(#7725,(#19),'Concreto columna');
#7734=IFCCARTESIANPOINT((15750.,7750.,30000.));
#7735=IFCDIRECTION((0.,0.,1.));
#7736=IFCDIRECTION((1.,0.,0.));
#7737=IFCAXIS2PLACEMENT3D(#7734,#7735,#7736);
#7738=IFCLOCALPLACEMENT($,#7737);
#7739=IFCCOLUMN('1lWxBrCT9DAxEctfuDY5V1',$,'Columna C3C',$,'Columna 50x50',#7761,#7750,'100335',$);
#7740=IFCCARTESIANPOINTLIST2D(((0.,0.),(0.,500.),(500.,500.),(500.,0.),(0.,0.)));
#7741=IFCINDEXEDPOLYCURVE(#7740,$,.F.);
#7742=IFCDIRECTION((0.,0.,1.));
#7743=IFCARBITRARYCLOSEDPROFILEDEF(.AREA.,$,#7741);
#7744=IFCCARTESIANPOINT((0.,0.,0.));
#7745=IFCDIRECTION((0.,0.,1.));
#7746=IFCDIRECTION((1.,0.,0.));
#7747=IFCAXIS2PLACEMENT3D(#7744,#7745,#7746);
#7748=IFCEXTRUDEDAREASOLID(#7743,#7747,#7742,2750.);
#7749=IFCSHAPEREPRESENTATION(#11,'Body','SweptSolid',(#7748));
#7750=IFCPRODUCTDEFINITIONSHAPE($,$,(#7749));
#7756=IFCSTYLEDITEM(#7748,(#19),'Concreto columna');
#7757=IFCCARTESIANPOINT((15750.,15750.,30000.));
#7758=IFCDIRECTION((0.,0.,1.));
#7759=IFCDIRECTION((1.,0.,0.));
#7760=IFCAXIS2PLACEMENT3D(#7757,#7758,#7759);
#7761=IFCLOCALPLACEMENT($,#7760);
#7762=IFCCOLUMN('3bM22IVGfDPRl_CN976JKw',$,'Columna C4A',$,'Columna 50x50',#7784,#7773,'100336',$);
#7763=IFCCARTESIANPOINTLIST2D(((0.,0.),(0.,500.),(500.,500.),(500.,0.),(0.,0.)));
#7764=IFCINDEXEDPOLYCURVE(#7763,$,.F.);
#7765=IFCDIRECTION((0.,0.,1.));
#7766=IFCARBITRARYCLOSEDPROFILEDEF(.AREA.,$,#7764);
#7767=IFCCARTESIANPOINT((0.,0.,0.));
#7768=IFCDIRECTION((0.,0.,1.));
#7769=IFCDIRECTION((1.,0.,0.));
#7770=IFCAXIS2PLACEMENT3D(#7767,#7768,#7769);
#7771=IFCEXTRUDEDAREASOLID(#7766,#7770,#7765,2750.);
#7772=IFCSHAPEREPRESENTATION(#11,'Body','SweptSolid',(#7771));
#7773=IFCPRODUCTDEFINITIONSHAPE($,$,(#7772));
#7779=IFCSTYLEDITEM(#7771,(#19),'Concreto columna');
#7780=IFCCARTESIANPOINT((23750.,-250.,30000.));
#7781=IFCDIRECTION((0.,0.,1.));
#7782=IFCDIRECTION((1.,0.,0.));
#7783=IFCAXIS2PLACEMENT3D(#7780,#7781,#7782);
#7784=IFCLOCALPLACEMENT($,#7783);
#7785=IFCCOLUMN('0mDGvMZTn0zuDlQ$zlkhES',$,'Columna C4B',$,'Columna 50x50',#7807,#7796,'100337',$);
#7786=IFCCARTESIANPOINTLIST2D(((0.,0.),(0.,500.),(500.,500.),(500.,0.),(0.,0.)));
#7787=IFCINDEXEDPOLYCURVE(#7786,$,.F.);
#7788=IFCDIRECTION((0.,0.,1.));
#7789=IFCARBITRARYCLOSEDPROFILEDEF(.AREA.,$,#7787);
#7790=IFCCARTESIANPOINT((0.,0.,0.));
#7791=IFCDIRECTION((0.,0.,1.));
#7792=IFCDIRECTION((1.,0.,0.));
#7793=IFCAXIS2PLACEMENT3D(#7790,#7791,#7792);
#7794=IFCEXTRUDEDAREASOLID(#7789,#7793,#7788,2750.);
#7795=IFCSHAPEREPRESENTATION(#11,'Body','SweptSolid',(#7794));
#7796=IFCPRODUCTDEFINITIONSHAPE($,$,(#7795));
#7802=IFCSTYLEDITEM(#7794,(#19),'Concreto columna');
#7803=IFCCARTESIANPOINT((23750.,7750.,30000.));
#7804=IFCDIRECTION((0.,0.,1.));
#7805=IFCDIRECTION((1.,0.,0.));
#7806=IFCAXIS2PLACEMENT3D(#7803,#7804,#7805);
#7807=IFCLOCALPLACEMENT($,#7806);
#7808=IFCCOLUMN('0OelnnvqLCkwK7u6EEKq9H',$,'Columna C4C',$,'Columna 50x50',#7830,#7819,'100338',$);
#7809=IFCCARTESIANPOINTLIST2D(((0.,0.),(0.,500.),(500.,500.),(500.,0.),(0.,0.)));
#7810=IFCINDEXEDPOLYCURVE(#7809,$,.F.);
#7811=IFCDIRECTION((0.,0.,1.));
#7812=IFCARBITRARYCLOSEDPROFILEDEF(.AREA.,$,#7810);
#7813=IFCCARTESIANPOINT((0.,0.,0.));
#7814=IFCDIRECTION((0.,0.,1.));
#7815=IFCDIRECTION((1.,0.,0.));
#7816=IFCAXIS2PLACEMENT3D(#7813,#7814,#7815);
#7817=IFCEXTRUDEDAREASOLID(#7812,#7816,#7811,2750.);
#7818=IFCSHAPEREPRESENTATION(#11,'Body','SweptSolid',(#7817));
#7819=IFCPRODUCTDEFINITIONSHAPE($,$,(#7818));
#7825=IFCSTYLEDITEM(#7817,(#19),'Concreto columna');
#7826=IFCCARTESIANPOINT((23750.,15750.,30000.));
#7827=IFCDIRECTION((0.,0.,1.));
#7828=IFCDIRECTION((1.,0.,0.));
#7829=IFCAXIS2PLACEMENT3D(#7826,#7827,#7828);
#7830=IFCLOCALPLACEMENT($,#7829);
#7831=IFCSLAB('3MuV$42EnE4fJ75ByzbKY7',$,'Placa piso 12',$,'Placa maciza e=25',#7853,#7842,'100339',$);
#7832=IFCCARTESIANPOINTLIST2D(((0.,0.),(0.,16600.),(24600.,16600.),(24600.,0.),(0.,0.)));
#7833=IFCINDEXEDPOLYCURVE(#7832,$,.F.);
#7834=IFCDIRECTION((0.,0.,1.));
#7835=IFCARBITRARYCLOSEDPROFILEDEF(.AREA.,$,#7833);
#7836=IFCCARTESIANPOINT((0.,0.,0.));
#7837=IFCDIRECTION((0.,0.,1.));
#7838=IFCDIRECTION((1.,0.,0.));
#7839=IFCAXIS2PLACEMENT3D(#7836,#7837,#7838);
#7840=IFCEXTRUDEDAREASOLID(#7835,#7839,#7834,250.);
#7841=IFCSHAPEREPRESENTATION(#11,'Body','SweptSolid',(#7840));
#7842=IFCPRODUCTDEFINITIONSHAPE($,$,(#7841));
#7848=IFCSTYLEDITEM(#7840,(#16),'Concreto');
#7849=IFCCARTESIANPOINT((-300.,-300.,32750.));
#7850=IFCDIRECTION((0.,0.,1.));
#7851=IFCDIRECTION((1.,0.,0.));
#7852=IFCAXIS2PLACEMENT3D(#7849,#7850,#7851);
#7853=IFCLOCALPLACEMENT($,#7852);
#7854=IFCWALL('11No1j8M1FVPnH3aimlzYQ',$,'Muro n\X2\00FA\X0\cleo',$,'Muro concreto e=20',#7876,#7865,'100340',$);
#7855=IFCCARTESIANPOINTLIST2D(((0.,0.),(0.,4000.),(4000.,4000.),(4000.,0.),(0.,0.)));
#7856=IFCINDEXEDPOLYCURVE(#7855,$,.F.);
#7857=IFCDIRECTION((0.,0.,1.));
#7858=IFCARBITRARYCLOSEDPROFILEDEF(.AREA.,$,#7856);
#7859=IFCCARTESIANPOINT((0.,0.,0.));
#7860=IFCDIRECTION((0.,0.,1.));
#7861=IFCDIRECTION((1.,0.,0.));
#7862=IFCAXIS2PLACEMENT3D(#7859,#7860,#7861);
#7863=IFCEXTRUDEDAREASOLID(#7858,#7862,#7857,2750.);
#7864=IFCSHAPEREPRESENTATION(#11,'Body','SweptSolid',(#7863));
#7865=IFCPRODUCTDEFINITIONSHAPE($,$,(#7864));
#7871=IFCSTYLEDITEM(#7863,(#31),'N\X2\00FA\X0\cleo');
#7872=IFCCARTESIANPOINT((10000.,6000.,30000.));
#7873=IFCDIRECTION((0.,0.,1.));
#7874=IFCDIRECTION((1.,0.,0.));
#7875=IFCAXIS2PLACEMENT3D(#7872,#7873,#7874);
#7876=IFCLOCALPLACEMENT($,#7875);
#7877=IFCBUILDINGSTOREY('1pcrX$12f6twLzJTFWon0h',$,'Piso 12',$,$,$,$,$,$,33.);
#7878=IFCCOLUMN('1zCBZKodbB4u8Sr0AqRZd2',$,'Columna C1A',$,'Columna 50x50',#7901,#7889,'100341',$);
#7879=IFCCARTESIANPOINTLIST2D(((0.,0.),(0.,500.),(500.,500.),(500.,0.),(0.,0.)));
#7880=IFCINDEXEDPOLYCURVE(#7879,$,.F.);
#7881=IFCDIRECTION((0.,0.,1.));
#7882=IFCARBITRARYCLOSEDPROFILEDEF(.AREA.,$,#7880);
#7883=IFCCARTESIANPOINT((0.,0.,0.));
#7884=IFCDIRECTION((0.,0.,1.));
#7885=IFCDIRECTION((1.,0.,0.));
#7886=IFCAXIS2PLACEMENT3D(#7883,#7884,#7885);
#7887=IFCEXTRUDEDAREASOLID(#7882,#7886,#7881,2750.);
#7888=IFCSHAPEREPRESENTATION(#11,'Body','SweptSolid',(#7887));
#7889=IFCPRODUCTDEFINITIONSHAPE($,$,(#7888));
#7895=IFCSTYLEDITEM(#7887,(#19),'Concreto columna');
#7896=IFCRELCONTAINEDINSPATIALSTRUCTURE('2Sw9bK5uv98xkbRuiNMOVU',$,$,$,(#7878,#7971,#8132,#8040,#7902,#8109,#8017,#7994,#8063,#7925,#8086,#7948),#7877);
#7897=IFCCARTESIANPOINT((-250.,-250.,33000.));
#7898=IFCDIRECTION((0.,0.,1.));
#7899=IFCDIRECTION((1.,0.,0.));
#7900=IFCAXIS2PLACEMENT3D(#7897,#7898,#7899);
#7901=IFCLOCALPLACEMENT($,#7900);
#7902=IFCCOLUMN('1Nhm_iJqbEXPDVmt81ruyd',$,'Columna C1B',$,'Columna 50x50',#7924,#7913,'100342',$);
#7903=IFCCARTESIANPOINTLIST2D(((0.,0.),(0.,500.),(500.,500.),(500.,0.),(0.,0.)));
#7904=IFCINDEXEDPOLYCURVE(#7903,$,.F.);
#7905=IFCDIRECTION((0.,0.,1.));
#7906=IFCARBITRARYCLOSEDPROFILEDEF(.AREA.,$,#7904);
#7907=IFCCARTESIANPOINT((0.,0.,0.));
#7908=IFCDIRECTION((0.,0.,1.));
#7909=IFCDIRECTION((1.,0.,0.));
#7910=IFCAXIS2PLACEMENT3D(#7907,#7908,#7909);
#7911=IFCEXTRUDEDAREASOLID(#7906,#7910,#7905,2750.);
#7912=IFCSHAPEREPRESENTATION(#11,'Body','SweptSolid',(#7911));
#7913=IFCPRODUCTDEFINITIONSHAPE($,$,(#7912));
#7919=IFCSTYLEDITEM(#7911,(#19),'Concreto columna');
#7920=IFCCARTESIANPOINT((-250.,7750.,33000.));
#7921=IFCDIRECTION((0.,0.,1.));
#7922=IFCDIRECTION((1.,0.,0.));
#7923=IFCAXIS2PLACEMENT3D(#7920,#7921,#7922);
#7924=IFCLOCALPLACEMENT($,#7923);
#7925=IFCCOLUMN('2UsuGVEar5yx$U6LX8UU8a',$,'Columna C1C',$,'Columna 50x50',#7947,#7936,'100343',$);
#7926=IFCCARTESIANPOINTLIST2D(((0.,0.),(0.,500.),(500.,500.),(500.,0.),(0.,0.)));
#7927=IFCINDEXEDPOLYCURVE(#7926,$,.F.);
#7928=IFCDIRECTION((0.,0.,1.));
#7929=IFCARBITRARYCLOSEDPROFILEDEF(.AREA.,$,#7927);
#7930=IFCCARTESIANPOINT((0.,0.,0.));
#7931=IFCDIRECTION((0.,0.,1.));
#7932=IFCDIRECTION((1.,0.,0.));
#7933=IFCAXIS2PLACEMENT3D(#7930,#7931,#7932);
#7934=IFCEXTRUDEDAREASOLID(#7929,#7933,#7928,2750.);
#7935=IFCSHAPEREPRESENTATION(#11,'Body','SweptSolid',(#7934));
#7936=IFCPRODUCTDEFINITIONSHAPE($,$,(#7935));
#7942=IFCSTYLEDITEM(#7934,(#19),'Concreto columna');
#7943=IFCCARTESIANPOINT((-250.,15750.,33000.));
#7944=IFCDIRECTION((0.,0.,1.));
#7945=IFCDIRECTION((1.,0.,0.));
#7946=IFCAXIS2PLACEMENT3D(#7943,#7944,#7945);
#7947=IFCLOCALPLACEMENT($,#7946);
#7948=IFCCOLUMN('0poxhEkBb5JeUZ5szF6P6G',$,'Columna C2A',$,'Columna 50x50',#7970,#7959,'100344',$);
#7949=IFCCARTESIANPOINTLIST2D(((0.,0.),(0.,500.),(500.,500.),(500.,0.),(0.,0.)));
#7950=IFCINDEXEDPOLYCURVE(#7949,$,.F.);
#7951=IFCDIRECTION((0.,0.,1.));
#7952=IFCARBITRARYCLOSEDPROFILEDEF(.AREA.,$,#7950);
#7953=IFCCARTESIANPOINT((0.,0.,0.));
#7954=IFCDIRECTION((0.,0.,1.));
#7955=IFCDIRECTION((1.,0.,0.));
#7956=IFCAXIS2PLACEMENT3D(#7953,#7954,#7955);
#7957=IFCEXTRUDEDAREASOLID(#7952,#7956,#7951,2750.);
#7958=IFCSHAPEREPRESENTATION(#11,'Body','SweptSolid',(#7957));
#7959=IFCPRODUCTDEFINITIONSHAPE($,$,(#7958));
#7965=IFCSTYLEDITEM(#7957,(#19),'Concreto columna');
#7966=IFCCARTESIANPOINT((7750.,-250.,33000.));
#7967=IFCDIRECTION((0.,0.,1.));
#7968=IFCDIRECTION((1.,0.,0.));
#7969=IFCAXIS2PLACEMENT3D(#7966,#7967,#7968);
#7970=IFCLOCALPLACEMENT($,#7969);
#7971=IFCCOLUMN('0vk$5QM1r2NBpnP3g_bTry',$,'Columna C2B',$,'Columna 50x50',#7993,#7982,'100345',$);
#7972=IFCCARTESIANPOINTLIST2D(((0.,0.),(0.,500.),(500.,500.),(500.,0.),(0.,0.)));
#7973=IFCINDEXEDPOLYCURVE(#7972,$,.F.);
#7974=IFCDIRECTION((0.,0.,1.));
#7975=IFCARBITRARYCLOSEDPROFILEDEF(.AREA.,$,#7973);
#7976=IFCCARTESIANPOINT((0.,0.,0.));
#7977=IFCDIRECTION((0.,0.,1.));
#7978=IFCDIRECTION((1.,0.,0.));
#7979=IFCAXIS2PLACEMENT3D(#7976,#7977,#7978);
#7980=IFCEXTRUDEDAREASOLID(#7975,#7979,#7974,2750.);
#7981=IFCSHAPEREPRESENTATION(#11,'Body','SweptSolid',(#7980));
#7982=IFCPRODUCTDEFINITIONSHAPE($,$,(#7981));
#7988=IFCSTYLEDITEM(#7980,(#19),'Concreto columna');
#7989=IFCCARTESIANPOINT((7750.,7750.,33000.));
#7990=IFCDIRECTION((0.,0.,1.));
#7991=IFCDIRECTION((1.,0.,0.));
#7992=IFCAXIS2PLACEMENT3D(#7989,#7990,#7991);
#7993=IFCLOCALPLACEMENT($,#7992);
#7994=IFCCOLUMN('3KAaLZiXP5MOO1vy0p3w$$',$,'Columna C2C',$,'Columna 50x50',#8016,#8005,'100346',$);
#7995=IFCCARTESIANPOINTLIST2D(((0.,0.),(0.,500.),(500.,500.),(500.,0.),(0.,0.)));
#7996=IFCINDEXEDPOLYCURVE(#7995,$,.F.);
#7997=IFCDIRECTION((0.,0.,1.));
#7998=IFCARBITRARYCLOSEDPROFILEDEF(.AREA.,$,#7996);
#7999=IFCCARTESIANPOINT((0.,0.,0.));
#8000=IFCDIRECTION((0.,0.,1.));
#8001=IFCDIRECTION((1.,0.,0.));
#8002=IFCAXIS2PLACEMENT3D(#7999,#8000,#8001);
#8003=IFCEXTRUDEDAREASOLID(#7998,#8002,#7997,2750.);
#8004=IFCSHAPEREPRESENTATION(#11,'Body','SweptSolid',(#8003));
#8005=IFCPRODUCTDEFINITIONSHAPE($,$,(#8004));
#8011=IFCSTYLEDITEM(#8003,(#19),'Concreto columna');
#8012=IFCCARTESIANPOINT((7750.,15750.,33000.));
#8013=IFCDIRECTION((0.,0.,1.));
#8014=IFCDIRECTION((1.,0.,0.));
#8015=IFCAXIS2PLACEMENT3D(#8012,#8013,#8014);
#8016=IFCLOCALPLACEMENT($,#8015);
#8017=IFCCOLUMN('3W3oPUhML4HfPQ4FXjhtKx',$,'Columna C3A',$,'Columna 50x50',#8039,#8028,'100347',$);
#8018=IFCCARTESIANPOINTLIST2D(((0.,0.),(0.,500.),(500.,500.),(500.,0.),(0.,0.)));
#8019=IFCINDEXEDPOLYCURVE(#8018,$,.F.);
#8020=IFCDIRECTION((0.,0.,1.));
#8021=IFCARBITRARYCLOSEDPROFILEDEF(.AREA.,$,#8019);
#8022=IFCCARTESIANPOINT((0.,0.,0.));
#8023=IFCDIRECTION((0.,0.,1.));
#8024=IFCDIRECTION((1.,0.,0.));
#8025=IFCAXIS2PLACEMENT3D(#8022,#8023,#8024);
#8026=IFCEXTRUDEDAREASOLID(#8021,#8025,#8020,2750.);
#8027=IFCSHAPEREPRESENTATION(#11,'Body','SweptSolid',(#8026));
#8028=IFCPRODUCTDEFINITIONSHAPE($,$,(#8027));
#8034=IFCSTYLEDITEM(#8026,(#19),'Concreto columna');
#8035=IFCCARTESIANPOINT((15750.,-250.,33000.));
#8036=IFCDIRECTION((0.,0.,1.));
#8037=IFCDIRECTION((1.,0.,0.));
#8038=IFCAXIS2PLACEMENT3D(#8035,#8036,#8037);
#8039=IFCLOCALPLACEMENT($,#8038);
#8040=IFCCOLUMN('0_0YUIQnj5NgCJRal7V_di',$,'Columna C3B',$,'Columna 50x50',#8062,#8051,'100348',$);
#8041=IFCCARTESIANPOINTLIST2D(((0.,0.),(0.,500.),(500.,500.),(500.,0.),(0.,0.)));
#8042=IFCINDEXEDPOLYCURVE(#8041,$,.F.);
#8043=IFCDIRECTION((0.,0.,1.));
#8044=IFCARBITRARYCLOSEDPROFILEDEF(.AREA.,$,#8042);
#8045=IFCCARTESIANPOINT((0.,0.,0.));
#8046=IFCDIRECTION((0.,0.,1.));
#8047=IFCDIRECTION((1.,0.,0.));
#8048=IFCAXIS2PLACEMENT3D(#8045,#8046,#8047);
#8049=IFCEXTRUDEDAREASOLID(#8044,#8048,#8043,2750.);
#8050=IFCSHAPEREPRESENTATION(#11,'Body','SweptSolid',(#8049));
#8051=IFCPRODUCTDEFINITIONSHAPE($,$,(#8050));
#8057=IFCSTYLEDITEM(#8049,(#19),'Concreto columna');
#8058=IFCCARTESIANPOINT((15750.,7750.,33000.));
#8059=IFCDIRECTION((0.,0.,1.));
#8060=IFCDIRECTION((1.,0.,0.));
#8061=IFCAXIS2PLACEMENT3D(#8058,#8059,#8060);
#8062=IFCLOCALPLACEMENT($,#8061);
#8063=IFCCOLUMN('33E6IiLb16IBSwXhpsYHs5',$,'Columna C3C',$,'Columna 50x50',#8085,#8074,'100349',$);
#8064=IFCCARTESIANPOINTLIST2D(((0.,0.),(0.,500.),(500.,500.),(500.,0.),(0.,0.)));
#8065=IFCINDEXEDPOLYCURVE(#8064,$,.F.);
#8066=IFCDIRECTION((0.,0.,1.));
#8067=IFCARBITRARYCLOSEDPROFILEDEF(.AREA.,$,#8065);
#8068=IFCCARTESIANPOINT((0.,0.,0.));
#8069=IFCDIRECTION((0.,0.,1.));
#8070=IFCDIRECTION((1.,0.,0.));
#8071=IFCAXIS2PLACEMENT3D(#8068,#8069,#8070);
#8072=IFCEXTRUDEDAREASOLID(#8067,#8071,#8066,2750.);
#8073=IFCSHAPEREPRESENTATION(#11,'Body','SweptSolid',(#8072));
#8074=IFCPRODUCTDEFINITIONSHAPE($,$,(#8073));
#8080=IFCSTYLEDITEM(#8072,(#19),'Concreto columna');
#8081=IFCCARTESIANPOINT((15750.,15750.,33000.));
#8082=IFCDIRECTION((0.,0.,1.));
#8083=IFCDIRECTION((1.,0.,0.));
#8084=IFCAXIS2PLACEMENT3D(#8081,#8082,#8083);
#8085=IFCLOCALPLACEMENT($,#8084);
#8086=IFCCOLUMN('1Muo8Kx_HEkQI0iHlvUikk',$,'Columna C4A',$,'Columna 50x50',#8108,#8097,'100350',$);
#8087=IFCCARTESIANPOINTLIST2D(((0.,0.),(0.,500.),(500.,500.),(500.,0.),(0.,0.)));
#8088=IFCINDEXEDPOLYCURVE(#8087,$,.F.);
#8089=IFCDIRECTION((0.,0.,1.));
#8090=IFCARBITRARYCLOSEDPROFILEDEF(.AREA.,$,#8088);
#8091=IFCCARTESIANPOINT((0.,0.,0.));
#8092=IFCDIRECTION((0.,0.,1.));
#8093=IFCDIRECTION((1.,0.,0.));
#8094=IFCAXIS2PLACEMENT3D(#8091,#8092,#8093);
#8095=IFCEXTRUDEDAREASOLID(#8090,#8094,#8089,2750.);
#8096=IFCSHAPEREPRESENTATION(#11,'Body','SweptSolid',(#8095));
#8097=IFCPRODUCTDEFINITIONSHAPE($,$,(#8096));
#8103=IFCSTYLEDITEM(#8095,(#19),'Concreto columna');
#8104=IFCCARTESIANPOINT((23750.,-250.,33000.));
#8105=IFCDIRECTION((0.,0.,1.));
#8106=IFCDIRECTION((1.,0.,0.));
#8107=IFCAXIS2PLACEMENT3D(#8104,#8105,#8106);
#8108=IFCLOCALPLACEMENT($,#8107);
#8109=IFCCOLUMN('22fxkHR8z4Ygm7UT2npnST',$,'Columna C4B',$,'Columna 50x50',#8131,#8120,'100351',$);
#8110=IFCCARTESIANPOINTLIST2D(((0.,0.),(0.,500.),(500.,500.),(500.,0.),(0.,0.)));
#8111=IFCINDEXEDPOLYCURVE(#8110,$,.F.);
#8112=IFCDIRECTION((0.,0.,1.));
#8113=IFCARBITRARYCLOSEDPROFILEDEF(.AREA.,$,#8111);
#8114=IFCCARTESIANPOINT((0.,0.,0.));
#8115=IFCDIRECTION((0.,0.,1.));
#8116=IFCDIRECTION((1.,0.,0.));
#8117=IFCAXIS2PLACEMENT3D(#8114,#8115,#8116);
#8118=IFCEXTRUDEDAREASOLID(#8113,#8117,#8112,2750.);
#8119=IFCSHAPEREPRESENTATION(#11,'Body','SweptSolid',(#8118));
#8120=IFCPRODUCTDEFINITIONSHAPE($,$,(#8119));
#8126=IFCSTYLEDITEM(#8118,(#19),'Concreto columna');
#8127=IFCCARTESIANPOINT((23750.,7750.,33000.));
#8128=IFCDIRECTION((0.,0.,1.));
#8129=IFCDIRECTION((1.,0.,0.));
#8130=IFCAXIS2PLACEMENT3D(#8127,#8128,#8129);
#8131=IFCLOCALPLACEMENT($,#8130);
#8132=IFCCOLUMN('3JRYWiZcX06xZxnz2bGJHS',$,'Columna C4C',$,'Columna 50x50',#8154,#8143,'100352',$);
#8133=IFCCARTESIANPOINTLIST2D(((0.,0.),(0.,500.),(500.,500.),(500.,0.),(0.,0.)));
#8134=IFCINDEXEDPOLYCURVE(#8133,$,.F.);
#8135=IFCDIRECTION((0.,0.,1.));
#8136=IFCARBITRARYCLOSEDPROFILEDEF(.AREA.,$,#8134);
#8137=IFCCARTESIANPOINT((0.,0.,0.));
#8138=IFCDIRECTION((0.,0.,1.));
#8139=IFCDIRECTION((1.,0.,0.));
#8140=IFCAXIS2PLACEMENT3D(#8137,#8138,#8139);
#8141=IFCEXTRUDEDAREASOLID(#8136,#8140,#8135,2750.);
#8142=IFCSHAPEREPRESENTATION(#11,'Body','SweptSolid',(#8141));
#8143=IFCPRODUCTDEFINITIONSHAPE($,$,(#8142));
#8149=IFCSTYLEDITEM(#8141,(#19),'Concreto columna');
#8150=IFCCARTESIANPOINT((23750.,15750.,33000.));
#8151=IFCDIRECTION((0.,0.,1.));
#8152=IFCDIRECTION((1.,0.,0.));
#8153=IFCAXIS2PLACEMENT3D(#8150,#8151,#8152);
#8154=IFCLOCALPLACEMENT($,#8153);
ENDSEC;
END-ISO-10303-21;
